id,neighbourhood_cleansed,price,property_type,room_type,availability_365,calculated_host_listings_count,host_response_time,host_response_rate,picture_url,Standardization_Score,Neighborhood_Impact
2871271,Élysée,,Entire rental unit,Entire home/apt,96,1,within an hour,100.0,https://a0.muscache.com/pictures/38198560/46a7a1f9_original.jpg,-1,-1
2785692,Élysée,,Private room in tiny home,Private room,176,1,,,https://a0.muscache.com/pictures/miso/Hosting-2785692/original/8f5e0f36-a35a-4f0f-95d9-148a29bb9045.jpeg,-1,-1
2892435,Élysée,,Entire rental unit,Entire home/apt,299,2,within an hour,100.0,https://a0.muscache.com/pictures/7604870d-c7b7-4bc1-a7d1-129c2dfb2408.jpg,-1,-1
3015969,Élysée,,Private room in rental unit,Private room,0,1,,,https://a0.muscache.com/pictures/38682585/852a0c61_original.jpg,-1,-1
3126320,Élysée,,Entire rental unit,Entire home/apt,53,1,,,https://a0.muscache.com/pictures/39880741/1b08a548_original.jpg,-1,-1
3199889,Élysée,,Entire rental unit,Entire home/apt,0,2,,,https://a0.muscache.com/pictures/40726174/62086b79_original.jpg,-1,-1
3139351,Élysée,,Entire rental unit,Entire home/apt,0,1,,,https://a0.muscache.com/pictures/40033322/5331d749_original.jpg,-1,-1
22158,Élysée,,Private room in rental unit,Private room,76,1,within a few hours,100.0,https://a0.muscache.com/pictures/d4ec75eb-90d2-4c2c-adfb-b2910adf801a.jpg,-1,-1
48592,Élysée,,Entire rental unit,Entire home/apt,300,102,within a day,53.0,https://a0.muscache.com/pictures/miso/Hosting-48592/original/e9b90bd4-4851-4cdb-8e73-52a5b36ec951.jpeg,-1,-1
55239,Élysée,,Entire rental unit,Entire home/apt,336,2,within a few hours,100.0,https://a0.muscache.com/pictures/325656/1dd3aa03_original.jpg,-1,-1
171159,Élysée,,Entire rental unit,Entire home/apt,325,1,within an hour,100.0,https://a0.muscache.com/pictures/airflow/Hosting-171159/original/f6945cb0-e7f6-4141-b5c8-9ec9b2abfcb1.jpg,-1,-1
348747,Élysée,,Entire rental unit,Entire home/apt,120,1,within an hour,100.0,https://a0.muscache.com/pictures/111055338/28d79762_original.jpg,-1,-1
243040,Élysée,,Entire rental unit,Entire home/apt,0,2,,,https://a0.muscache.com/pictures/2306504/b7a67144_original.jpg,-1,-1
108591,Élysée,,Entire rental unit,Entire home/apt,286,2,within an hour,100.0,https://a0.muscache.com/pictures/25811da6-475d-4ef9-bdfa-3be104a7aae2.jpg,-1,-1
270067,Élysée,,Entire rental unit,Entire home/apt,192,1,within an hour,100.0,https://a0.muscache.com/pictures/29f3ec93-e0e1-403b-8da5-5dcb4ff73f17.jpg,-1,-1
536347,Élysée,,Entire condo,Entire home/apt,331,1,within a few hours,100.0,https://a0.muscache.com/pictures/19595456/1ec27657_original.jpg,-1,-1
763958,Élysée,,Private room in rental unit,Private room,204,1,within an hour,100.0,https://a0.muscache.com/pictures/miso/Hosting-763958/original/41daba73-b668-4292-adf0-deec219fcbc7.jpeg,-1,-1
893684,Élysée,,Entire rental unit,Entire home/apt,11,1,within a day,100.0,https://a0.muscache.com/pictures/miso/Hosting-893684/original/68d02ad1-fef0-4b45-a53d-5ae3d3a8a002.jpeg,-1,-1
845652,Élysée,,Entire rental unit,Entire home/apt,0,1,,,https://a0.muscache.com/pictures/12594506/e20f1dd3_original.jpg,-1,-1
782257,Élysée,,Entire rental unit,Entire home/apt,0,2,,,https://a0.muscache.com/pictures/f7c9d158-1ab6-45ff-880b-8a5b492af13b.jpg,-1,-1
1005600,Élysée,,Entire rental unit,Entire home/apt,127,1,a few days or more,0.0,https://a0.muscache.com/pictures/ab051d87-b5bb-4d5c-8ac6-720245bd801f.jpg,-1,-1
886735,Élysée,,Entire rental unit,Entire home/apt,88,1,,,https://a0.muscache.com/pictures/12854582/c17b89d9_original.jpg,-1,-1
1036684,Élysée,,Entire rental unit,Entire home/apt,0,1,,,https://a0.muscache.com/pictures/hosting/Hosting-U3RheVN1cHBseUxpc3Rpbmc6MTAzNjY4NA%3D%3D/original/92066ca1-ac0e-4119-a8fb-e88e21ea1b0b.jpeg,-1,-1
1057854,Élysée,,Entire rental unit,Entire home/apt,55,1,a few days or more,0.0,https://a0.muscache.com/pictures/0e93f5e1-a8da-4ab3-85ad-53c99bb8a6f0.jpg,-1,-1
1218817,Élysée,,Entire rental unit,Entire home/apt,0,1,,,https://a0.muscache.com/pictures/18338736/f7c23722_original.jpg,-1,-1
1137844,Élysée,,Entire rental unit,Entire home/apt,362,1,,,https://a0.muscache.com/pictures/44719633/669b7eeb_original.jpg,-1,-1
1301263,Élysée,,Entire rental unit,Entire home/apt,0,1,,,https://a0.muscache.com/pictures/19792930/25fba007_original.jpg,-1,-1
1192253,Élysée,,Entire rental unit,Entire home/apt,285,1,,,https://a0.muscache.com/pictures/17926196/85d34c6c_original.jpg,-1,-1
1329018,Élysée,,Private room in rental unit,Private room,199,3,within an hour,100.0,https://a0.muscache.com/pictures/miso/Hosting-1329018/original/c9dd78a2-d7df-4d0d-b659-e5b80502ba4b.png,-1,-1
1336131,Élysée,,Entire townhouse,Entire home/apt,76,1,,,https://a0.muscache.com/pictures/hosting/Hosting-U3RheVN1cHBseUxpc3Rpbmc6MTMzNjEzMQ%3D%3D/original/83ea4b41-c56f-4433-9b7d-a0778292381d.jpeg,-1,-1
1353338,Élysée,,Entire rental unit,Entire home/apt,358,1,,,https://a0.muscache.com/pictures/22547441/7d9c5553_original.jpg,-1,-1
1359986,Élysée,,Entire rental unit,Entire home/apt,345,2,within an hour,100.0,https://a0.muscache.com/pictures/hosting/Hosting-1359986/original/2e91eb37-0672-430a-9982-5be333a0856b.jpeg,-1,-1
1363359,Élysée,,Entire rental unit,Entire home/apt,0,1,,,https://a0.muscache.com/pictures/106664117/d3d785ff_original.jpg,-1,-1
1550642,Élysée,,Entire rental unit,Entire home/apt,0,1,,,https://a0.muscache.com/pictures/2fa31f65-9c46-4691-bad9-a11e1ce91980.jpg,-1,-1
1670507,Élysée,,Castle,Entire home/apt,325,1,within a few hours,100.0,https://a0.muscache.com/pictures/miso/Hosting-1670507/original/a80b0229-57bc-4b7b-b1b5-8db428ef76b7.jpeg,-1,-1
1448260,Élysée,,Entire rental unit,Entire home/apt,315,1,within a day,100.0,https://a0.muscache.com/pictures/miso/Hosting-1448260/original/1b1a3041-9972-47fa-b178-b06423db6736.jpeg,-1,-1
1785028,Élysée,,Entire rental unit,Entire home/apt,334,1,within a few hours,100.0,https://a0.muscache.com/pictures/25161454/13b0b7c1_original.jpg,-1,-1
1983291,Élysée,,Entire rental unit,Entire home/apt,0,1,,,https://a0.muscache.com/pictures/c4919be5-1d9e-482f-83df-d3273b0e08a8.jpg,-1,-1
2050473,Élysée,,Entire rental unit,Entire home/apt,365,1,within a day,50.0,https://a0.muscache.com/pictures/28217063/2c647863_original.jpg,-1,-1
1892591,Élysée,,Entire rental unit,Entire home/apt,239,1,within an hour,100.0,https://a0.muscache.com/pictures/26979905/f7faf94c_original.jpg,-1,-1
2162251,Élysée,,Entire rental unit,Entire home/apt,340,5,within an hour,100.0,https://a0.muscache.com/pictures/69411927/ec99d2ea_original.jpg,-1,-1
2488505,Élysée,,Private room in rental unit,Private room,344,8,within an hour,99.0,https://a0.muscache.com/pictures/34566859/f2f84821_original.jpg,-1,-1
2384250,Élysée,,Entire rental unit,Entire home/apt,364,2,within a few hours,80.0,https://a0.muscache.com/pictures/airflow/Hosting-2384250/original/1ce36ad9-e3c3-40e8-a7bb-7476e808624c.jpg,-1,-1
2527936,Élysée,,Entire rental unit,Entire home/apt,241,1,within a few hours,67.0,https://a0.muscache.com/pictures/33397254/8074e3bc_original.jpg,-1,-1
2615923,Élysée,,Entire rental unit,Entire home/apt,360,1,within an hour,100.0,https://a0.muscache.com/pictures/34776090/8bf5dbb5_original.jpg,-1,-1
2415284,Élysée,,Entire rental unit,Entire home/apt,351,1,within a few hours,67.0,https://a0.muscache.com/pictures/hosting/Hosting-U3RheVN1cHBseUxpc3Rpbmc6MjQxNTI4NA==/original/c46d1018-117d-491c-a658-f8c08a901ed5.jpeg,-1,-1
2579897,Élysée,,Entire rental unit,Entire home/apt,365,2,a few days or more,0.0,https://a0.muscache.com/pictures/34814252/efb14d17_original.jpg,-1,-1
2678065,Élysée,,Entire rental unit,Entire home/apt,80,1,within an hour,100.0,https://a0.muscache.com/pictures/miso/Hosting-2678065/original/04b3daea-e40d-49f8-bb6c-8370fefd5c03.jpeg,-1,-1
3269034,Élysée,,Entire loft,Entire home/apt,37,1,a few days or more,0.0,https://a0.muscache.com/pictures/38c7b352-3889-4e3a-a2d4-143d12aa727a.jpg,-1,-1
3292824,Élysée,,Entire rental unit,Entire home/apt,0,1,,,https://a0.muscache.com/pictures/b4175d59-1cb3-47bc-b143-7c6e7ba172ab.jpg,-1,-1
3369673,Élysée,,Entire rental unit,Entire home/apt,160,1,,,https://a0.muscache.com/pictures/44599515/3c77deee_original.jpg,-1,-1
3385662,Élysée,,Private room in rental unit,Private room,339,2,within an hour,100.0,https://a0.muscache.com/pictures/3f5ec514-2a6f-4816-abfd-fa9887a6cfbf.jpg,-1,-1
3467111,Élysée,,Entire rental unit,Entire home/apt,0,1,,,https://a0.muscache.com/pictures/3be8637c-4126-452b-ba3a-f7ef2d586acd.jpg,-1,-1
3483434,Élysée,,Private room in rental unit,Private room,0,1,,,https://a0.muscache.com/pictures/44003234/24d84595_original.jpg,-1,-1
3421149,Élysée,,Entire rental unit,Entire home/apt,21,1,within an hour,100.0,https://a0.muscache.com/pictures/13c41932-1c7d-408d-9509-ac8d4705ca35.jpg,-1,-1
3492606,Élysée,,Entire rental unit,Entire home/apt,23,1,within a day,100.0,https://a0.muscache.com/pictures/miso/Hosting-3492606/original/e82bd9cb-7a7d-4945-abe7-5d033b4949e5.jpeg,-1,-1
3493067,Élysée,,Private room in rental unit,Private room,0,1,,,https://a0.muscache.com/pictures/44111139/2715d66e_original.jpg,-1,-1
3597324,Élysée,,Private room in rental unit,Private room,166,1,within an hour,100.0,https://a0.muscache.com/pictures/0400877a-3d4e-4f93-912c-a86fc26c1943.jpg,-1,-1
3626136,Élysée,,Entire rental unit,Entire home/apt,177,1,within an hour,100.0,https://a0.muscache.com/pictures/hosting/Hosting-3626136/original/c300462c-74eb-4bae-8e0d-dac18cf506bf.jpeg,-1,-1
3661319,Élysée,,Entire rental unit,Entire home/apt,0,1,,,https://a0.muscache.com/pictures/66001362/348ddcc4_original.jpg,-1,-1
3838884,Élysée,,Entire rental unit,Entire home/apt,280,2,within a few hours,100.0,https://a0.muscache.com/pictures/48298259/d88dd431_original.jpg,-1,-1
3891859,Élysée,,Private room in rental unit,Private room,361,1,within an hour,100.0,https://a0.muscache.com/pictures/467b81ec-58e0-4810-9aac-2b12c2eee6b9.jpg,-1,-1
4008153,Élysée,,Entire rental unit,Entire home/apt,5,1,,,https://a0.muscache.com/pictures/54724509/8f27ddd4_original.jpg,-1,-1
4028720,Élysée,,Entire rental unit,Entire home/apt,270,1,within a few hours,100.0,https://a0.muscache.com/pictures/50683238/76eaf11a_original.jpg,-1,-1
4195472,Élysée,,Entire rental unit,Entire home/apt,0,1,,,https://a0.muscache.com/pictures/88911013/76b8c845_original.jpg,-1,-1
4327237,Élysée,,Entire rental unit,Entire home/apt,207,1,within an hour,100.0,https://a0.muscache.com/pictures/57784046/039492c7_original.jpg,-1,-1
4073301,Élysée,,Entire rental unit,Entire home/apt,0,1,,,https://a0.muscache.com/pictures/51315991/9667ce03_original.jpg,-1,-1
4421966,Élysée,,Boat,Entire home/apt,216,1,within a few hours,100.0,https://a0.muscache.com/pictures/690f8759-21a4-403b-beaf-7320675358e8.jpg,-1,-1
4155299,Élysée,,Entire rental unit,Entire home/apt,226,1,,,https://a0.muscache.com/pictures/a4d6a42a-2080-4fd5-99e7-a4ce11b1f4f5.jpg,-1,-1
4555353,Élysée,,Entire rental unit,Entire home/apt,0,1,,,https://a0.muscache.com/pictures/58625869/261bee58_original.jpg,-1,-1
4674903,Élysée,,Entire rental unit,Entire home/apt,0,1,,,https://a0.muscache.com/pictures/59113002/85a0751e_original.jpg,-1,-1
4574708,Élysée,,Private room in bed and breakfast,Private room,133,1,within an hour,100.0,https://a0.muscache.com/pictures/57525251/ccdf66bb_original.jpg,-1,-1
4696099,Élysée,,Entire rental unit,Entire home/apt,0,1,,,https://a0.muscache.com/pictures/58970769/6664b554_original.jpg,-1,-1
4697300,Élysée,,Entire rental unit,Entire home/apt,364,1,a few days or more,0.0,https://a0.muscache.com/pictures/59630730/2bc695a8_original.jpg,-1,-1
4602936,Élysée,,Entire rental unit,Entire home/apt,99,1,,,https://a0.muscache.com/pictures/hosting/Hosting-U3RheVN1cHBseUxpc3Rpbmc6NDYwMjkzNg%3D%3D/original/44c1ebc6-0ced-44fa-815f-542d1332219e.jpeg,-1,-1
4770319,Élysée,,Entire rental unit,Entire home/apt,0,1,,,https://a0.muscache.com/pictures/59863252/55085748_original.jpg,-1,-1
4656901,Élysée,,Entire rental unit,Entire home/apt,0,1,,,https://a0.muscache.com/pictures/58480267/5501429f_original.jpg,-1,-1
4806693,Élysée,,Entire rental unit,Entire home/apt,0,2,,,https://a0.muscache.com/pictures/60289227/ea778f24_original.jpg,-1,-1
4947623,Élysée,,Entire rental unit,Entire home/apt,16,1,within an hour,100.0,https://a0.muscache.com/pictures/miso/Hosting-4947623/original/66760c71-e26f-4ecf-ba5b-3071a4b1d114.jpeg,-1,-1
5266569,Élysée,,Entire rental unit,Entire home/apt,362,1,within a few hours,80.0,https://a0.muscache.com/pictures/70293586/bb2de7f8_original.jpg,-1,-1
5416267,Élysée,,Entire rental unit,Entire home/apt,0,1,,,https://a0.muscache.com/pictures/81595987/e62757f2_original.jpg,-1,-1
5506550,Élysée,,Entire rental unit,Entire home/apt,199,1,within a few hours,90.0,https://a0.muscache.com/pictures/69245413/4c537fcd_original.jpg,-1,-1
5743007,Élysée,,Entire rental unit,Entire home/apt,196,1,within a day,60.0,https://a0.muscache.com/pictures/8803a145-06f3-464a-8d25-3a3c9fa405bc.jpg,-1,-1
5745576,Élysée,,Entire rental unit,Entire home/apt,10,1,,,https://a0.muscache.com/pictures/84925124/d0d5181b_original.jpg,-1,-1
5853836,Élysée,,Entire rental unit,Entire home/apt,0,68,within an hour,99.0,https://a0.muscache.com/pictures/72916861/2ab64658_original.jpg,-1,-1
6136342,Élysée,,Entire rental unit,Entire home/apt,358,1,,,https://a0.muscache.com/pictures/76478806/c644c212_original.jpg,-1,-1
5987705,Élysée,,Entire rental unit,Entire home/apt,346,5,within an hour,100.0,https://a0.muscache.com/pictures/miso/Hosting-5987705/original/1c288258-d069-4d7e-b537-85c04703553f.png,-1,-1
6197994,Élysée,,Entire rental unit,Entire home/apt,0,1,,,https://a0.muscache.com/pictures/78705680/99b9c79e_original.jpg,-1,-1
6211581,Élysée,,Entire rental unit,Entire home/apt,247,1,within an hour,100.0,https://a0.muscache.com/pictures/hosting/Hosting-6211581/original/a1cfdbbd-46df-4cb0-b06a-7d32f16f8bd0.jpeg,-1,-1
6260716,Élysée,,Private room in rental unit,Private room,0,1,,,https://a0.muscache.com/pictures/78130688/98f17593_original.jpg,-1,-1
6307603,Élysée,,Entire rental unit,Entire home/apt,227,1,within a day,90.0,https://a0.muscache.com/pictures/miso/Hosting-6307603/original/4c95caf4-3dda-4eab-9138-d5ff74a9c35c.jpeg,-1,-1
6454645,Élysée,,Entire rental unit,Entire home/apt,0,1,,,https://a0.muscache.com/pictures/82387195/9018e669_original.jpg,-1,-1
6608686,Élysée,,Entire rental unit,Entire home/apt,2,3,within a few hours,100.0,https://a0.muscache.com/pictures/83258959/a3532f2d_original.jpg,-1,-1
6631831,Élysée,,Entire rental unit,Entire home/apt,0,1,,,https://a0.muscache.com/pictures/hosting/Hosting-U3RheVN1cHBseUxpc3Rpbmc6NjYzMTgzMQ%3D%3D/original/4f014e7c-ca28-488e-99fd-043558ff1bde.jpeg,-1,-1
6725364,Élysée,,Entire rental unit,Entire home/apt,2,1,within an hour,100.0,https://a0.muscache.com/pictures/85926351/6591a500_original.jpg,-1,-1
6736599,Élysée,,Entire rental unit,Entire home/apt,0,1,,,https://a0.muscache.com/pictures/85921492/ebcdd677_original.jpg,-1,-1
6764772,Élysée,,Entire rental unit,Entire home/apt,0,1,,,https://a0.muscache.com/pictures/miso/Hosting-6764772/original/e8303d3d-d852-4923-b3c3-edfc96a70e06.jpeg,-1,-1
6746746,Élysée,,Entire rental unit,Entire home/apt,0,1,,,https://a0.muscache.com/pictures/97221908/199a8e1f_original.jpg,-1,-1
6668409,Élysée,,Entire rental unit,Entire home/apt,0,12,,,https://a0.muscache.com/pictures/hosting/Hosting-U3RheVN1cHBseUxpc3Rpbmc6NjY2ODQwOQ%3D%3D/original/5a9f57d4-59fc-4b41-a87f-d739bca14cca.png,-1,-1
6675025,Élysée,,Entire rental unit,Entire home/apt,0,12,,,https://a0.muscache.com/pictures/miso/Hosting-6675025/original/85593c57-cdb2-4a46-8559-3af25d321096.jpeg,-1,-1
6919917,Élysée,,Entire rental unit,Entire home/apt,0,1,,,https://a0.muscache.com/pictures/89634417/8cdbd537_original.jpg,-1,-1
6921651,Élysée,,Entire rental unit,Entire home/apt,214,5,within an hour,100.0,https://a0.muscache.com/pictures/hosting/Hosting-U3RheVN1cHBseUxpc3Rpbmc6NjkyMTY1MQ==/original/69e9f195-603d-409a-889b-bd41ec3d2e8a.jpeg,-1,-1
6826858,Élysée,,Entire rental unit,Entire home/apt,0,1,,,https://a0.muscache.com/pictures/86314225/2ffd5f53_original.jpg,-1,-1
6967533,Élysée,,Entire loft,Entire home/apt,0,1,,,https://a0.muscache.com/pictures/91214922/33d66fd2_original.jpg,-1,-1
6990972,Élysée,,Entire rental unit,Entire home/apt,0,1,,,https://a0.muscache.com/pictures/88626227/f703aec1_original.jpg,-1,-1
7001191,Élysée,,Entire rental unit,Entire home/apt,363,1,,,https://a0.muscache.com/pictures/842f3778-66fa-4ba6-8b08-9fc81d507b4e.jpg,-1,-1
7048241,Élysée,,Entire rental unit,Entire home/apt,0,1,,,https://a0.muscache.com/pictures/95593994/5468c19c_original.jpg,-1,-1
7067193,Élysée,,Entire rental unit,Entire home/apt,0,1,,,https://a0.muscache.com/pictures/89637728/04fdad35_original.jpg,-1,-1
7126716,Élysée,,Entire rental unit,Entire home/apt,0,1,,,https://a0.muscache.com/pictures/90974463/ae3c3725_original.jpg,-1,-1
7155575,Élysée,,Entire rental unit,Entire home/apt,358,1,,,https://a0.muscache.com/pictures/90767503/c2ecc326_original.jpg,-1,-1
7161589,Élysée,,Entire rental unit,Entire home/apt,0,1,,,https://a0.muscache.com/pictures/90854341/8da27862_original.jpg,-1,-1
7272144,Élysée,,Entire condo,Entire home/apt,0,1,within a few hours,100.0,https://a0.muscache.com/pictures/miso/Hosting-7272144/original/88ab86dc-7aa8-464e-8efb-baf37f30636e.jpeg,-1,-1
7296933,Élysée,,Entire rental unit,Entire home/apt,254,1,,,https://a0.muscache.com/pictures/miso/Hosting-7296933/original/15e7c76e-35b7-4f4d-be0e-0923cbbf04c4.jpeg,-1,-1
7299888,Élysée,,Entire rental unit,Entire home/apt,331,68,within an hour,99.0,https://a0.muscache.com/pictures/0aa14dbc-a3c3-4925-978e-1fa873c30f54.jpg,-1,-1
7334194,Élysée,,Entire rental unit,Entire home/apt,0,1,,,https://a0.muscache.com/pictures/miso/Hosting-7334194/original/35d0b8c7-f4b9-4303-9e1a-45eb72d315e7.jpeg,-1,-1
7267594,Élysée,,Entire rental unit,Entire home/apt,46,1,within an hour,100.0,https://a0.muscache.com/pictures/miso/Hosting-7267594/original/88c40206-6d93-4aac-ad02-a9eeb3337f1e.png,-1,-1
7395948,Élysée,,Entire rental unit,Entire home/apt,0,1,,,https://a0.muscache.com/pictures/96109578/2f107327_original.jpg,-1,-1
7398532,Élysée,,Entire rental unit,Entire home/apt,1,1,within an hour,100.0,https://a0.muscache.com/pictures/miso/Hosting-7398532/original/1bd7960d-f643-4c98-ba16-b8a2bc21a620.jpeg,-1,-1
7457368,Élysée,,Entire rental unit,Entire home/apt,364,1,a few days or more,0.0,https://a0.muscache.com/pictures/96f6fe95-e869-413d-8916-2f0bbc71f5fb.jpg,-1,-1
7560324,Élysée,,Entire rental unit,Entire home/apt,0,1,,,https://a0.muscache.com/pictures/97001609/c27f2e7f_original.jpg,-1,-1
7644798,Élysée,,Entire rental unit,Entire home/apt,0,2,,,https://a0.muscache.com/pictures/97067835/ca95a4d6_original.jpg,-1,-1
7658875,Élysée,,Entire rental unit,Entire home/apt,306,1,within a day,90.0,https://a0.muscache.com/pictures/4d81589a-47a1-43bc-ad82-74f947a7d3bf.jpg,-1,-1
7599950,Élysée,,Entire rental unit,Entire home/apt,7,1,within an hour,100.0,https://a0.muscache.com/pictures/b25e460d-68c5-4758-9b3a-063ec3f4d11f.jpg,-1,-1
7677111,Élysée,,Entire rental unit,Entire home/apt,0,1,,,https://a0.muscache.com/pictures/97523875/b0dacbd1_original.jpg,-1,-1
7607605,Élysée,,Entire rental unit,Entire home/apt,0,1,,,https://a0.muscache.com/pictures/96589087/b0a03c4e_original.jpg,-1,-1
7624293,Élysée,,Entire rental unit,Entire home/apt,0,1,,,https://a0.muscache.com/pictures/96785187/9cd20416_original.jpg,-1,-1
7686703,Élysée,,Entire rental unit,Entire home/apt,0,2,,,https://a0.muscache.com/pictures/99258807/6342f25c_original.jpg,-1,-1
7890896,Élysée,,Entire rental unit,Entire home/apt,0,1,,,https://a0.muscache.com/pictures/105782655/f3842847_original.jpg,-1,-1
7707109,Élysée,,Entire rental unit,Entire home/apt,324,68,within an hour,99.0,https://a0.muscache.com/pictures/miso/Hosting-7707109/original/e3b66beb-70ab-457e-9ba4-5b21721fb3be.jpeg,-1,-1
7869412,Élysée,,Entire rental unit,Entire home/apt,0,1,,,https://a0.muscache.com/pictures/100229956/73c6b9a7_original.jpg,-1,-1
8097866,Élysée,,Entire rental unit,Entire home/apt,230,1,within an hour,100.0,https://a0.muscache.com/pictures/111168184/9c42da49_original.jpg,-1,-1
8008610,Élysée,,Entire rental unit,Entire home/apt,0,1,,,https://a0.muscache.com/pictures/102239442/77d28739_original.jpg,-1,-1
8280416,Élysée,,Private room in rental unit,Private room,0,1,,,https://a0.muscache.com/pictures/105387394/9085a27e_original.jpg,-1,-1
8143461,Élysée,,Entire rental unit,Entire home/apt,338,102,within a day,53.0,https://a0.muscache.com/pictures/b7db5dd3-f35b-466a-9ee9-4810ecd1de3b.jpg,-1,-1
8356404,Élysée,,Entire rental unit,Entire home/apt,279,1,,,https://a0.muscache.com/pictures/miso/Hosting-8356404/original/0537ae04-734e-4a84-8b61-c457bde1ffc8.jpeg,-1,-1
8626791,Élysée,,Private room in rental unit,Private room,362,1,within a day,100.0,https://a0.muscache.com/pictures/109549149/8bd0e1d0_original.jpg,-1,-1
8747930,Élysée,,Entire rental unit,Entire home/apt,0,1,,,https://a0.muscache.com/pictures/110845527/25b2705a_original.jpg,-1,-1
9003857,Élysée,,Entire rental unit,Entire home/apt,0,1,,,https://a0.muscache.com/pictures/4e5a5963-f2b5-4de5-a011-9f2652037de5.jpg,-1,-1
8929766,Élysée,,Entire rental unit,Entire home/apt,0,1,,,https://a0.muscache.com/pictures/a10531e3-60d1-42f5-8f2b-def2696315c6.jpg,-1,-1
8978922,Élysée,,Entire rental unit,Entire home/apt,45,74,within a day,58.0,https://a0.muscache.com/pictures/bd0a866e-f97d-44a1-9b18-3ef9e59b1e1b.jpg,-1,-1
9093970,Élysée,,Private room in condo,Private room,0,1,within an hour,100.0,https://a0.muscache.com/pictures/e9b796b1-852f-4c15-be70-79f1ab2c90cd.jpg,-1,-1
9100637,Élysée,,Entire rental unit,Entire home/apt,0,1,,,https://a0.muscache.com/pictures/miso/Hosting-9100637/original/ded2236c-de06-425e-b127-7c9471a8604b.jpeg,-1,-1
9164152,Élysée,,Entire loft,Entire home/apt,0,1,,,https://a0.muscache.com/pictures/3430b88a-c579-4734-8738-03ff6ce5d40b.jpg,-1,-1
9191486,Élysée,,Entire rental unit,Entire home/apt,254,1,,,https://a0.muscache.com/pictures/0e6fcef4-859c-43be-9db6-783c986c79c3.jpg,-1,-1
9323943,Élysée,,Entire rental unit,Entire home/apt,0,1,,,https://a0.muscache.com/pictures/b2c32fdd-b82f-462c-a2e1-e6a28c2f1b34.jpg,-1,-1
9521230,Élysée,,Entire rental unit,Entire home/apt,73,1,within an hour,100.0,https://a0.muscache.com/pictures/0ae85c32-fe56-4845-a4db-06525c14a5e0.jpg,-1,-1
9835653,Élysée,,Entire rental unit,Entire home/apt,0,1,,,https://a0.muscache.com/pictures/4f9d0102-da82-4abd-ad81-c16dfe104a57.jpg,-1,-1
9850431,Élysée,,Entire rental unit,Entire home/apt,65,41,within an hour,99.0,https://a0.muscache.com/pictures/hosting/Hosting-U3RheVN1cHBseUxpc3Rpbmc6OTg1MDQzMQ==/original/e6755b74-6d21-461d-a013-38dc0543418e.jpeg,-1,-1
9628436,Élysée,,Entire rental unit,Entire home/apt,0,1,,,https://a0.muscache.com/pictures/ce49d8ee-c7e0-4563-bd80-869f596570fa.jpg,-1,-1
9884091,Élysée,,Entire rental unit,Entire home/apt,0,1,,,https://a0.muscache.com/pictures/938c4164-94bd-452d-956d-0ff51f0be333.jpg,-1,-1
9786323,Élysée,,Entire rental unit,Entire home/apt,0,1,,,https://a0.muscache.com/pictures/11edf68c-58a0-4772-95ff-7c7f5f15a438.jpg,-1,-1
9952351,Élysée,,Entire rental unit,Entire home/apt,0,1,,,https://a0.muscache.com/pictures/3328a871-f453-49a1-9fec-cb8df6f68a1f.jpg,-1,-1
10308241,Élysée,,Entire rental unit,Entire home/apt,0,1,,,https://a0.muscache.com/pictures/2d86f5bd-98c6-46fb-b8cc-816b10bc5b91.jpg,-1,-1
10315266,Élysée,,Entire rental unit,Entire home/apt,243,1,within an hour,90.0,https://a0.muscache.com/pictures/hosting/Hosting-10315266/original/3c2620ee-ee9e-450e-acc1-87320ce38732.jpeg,-1,-1
9990052,Élysée,,Entire rental unit,Entire home/apt,269,2,within an hour,100.0,https://a0.muscache.com/pictures/ecb572d6-4372-40b0-b26c-9f697ce69e84.jpg,-1,-1
10330977,Élysée,,Entire rental unit,Entire home/apt,363,1,within an hour,100.0,https://a0.muscache.com/pictures/6b566329-5f01-403e-a34c-f88903b6b6dc.jpg,-1,-1
10007224,Élysée,,Entire rental unit,Entire home/apt,0,1,,,https://a0.muscache.com/pictures/34a3bb56-18df-432b-b0ee-bd321703c7ee.jpg,-1,-1
10009143,Élysée,,Entire rental unit,Entire home/apt,315,1,,,https://a0.muscache.com/pictures/85070068-5e28-41c8-a463-9830e7833cc4.jpg,-1,-1
10177415,Élysée,,Entire rental unit,Entire home/apt,334,1,within an hour,100.0,https://a0.muscache.com/pictures/1124b3e8-6081-4497-b426-63a7227b3572.jpg,-1,-1
10187638,Élysée,,Entire rental unit,Entire home/apt,0,1,,,https://a0.muscache.com/pictures/33c5c799-c725-45f2-87ac-4cd17072dcd7.jpg,-1,-1
10049291,Élysée,,Entire rental unit,Entire home/apt,152,141,within an hour,100.0,https://a0.muscache.com/pictures/prohost-api/Hosting-10049291/original/66614b8a-acf3-46ea-b30a-9ce18cd5b06c.jpeg,-1,-1
10461161,Élysée,,Entire rental unit,Entire home/apt,0,1,a few days or more,20.0,https://a0.muscache.com/pictures/6f61d605-f44a-46b7-945d-bd043afd4c0b.jpg,-1,-1
10266213,Élysée,,Entire rental unit,Entire home/apt,0,1,,,https://a0.muscache.com/pictures/d60f1d05-2112-4d71-b7d9-5c526a9679a7.jpg,-1,-1
10534837,Élysée,,Private room in guest suite,Private room,231,1,within an hour,100.0,https://a0.muscache.com/pictures/cfee263e-1ee2-4a50-8405-386d7aa99a52.jpg,-1,-1
10777269,Élysée,,Private room in rental unit,Private room,0,1,,,https://a0.muscache.com/pictures/544b4b67-6949-4d1b-8a25-7fb79c4e5bc3.jpg,-1,-1
10640909,Élysée,,Entire rental unit,Entire home/apt,0,1,,,https://a0.muscache.com/pictures/a53a3017-fa12-485d-9fe9-7ed33aa74dba.jpg,-1,-1
10930100,Élysée,,Entire rental unit,Entire home/apt,269,6,within a few hours,67.0,https://a0.muscache.com/pictures/hosting/Hosting-U3RheVN1cHBseUxpc3Rpbmc6MTA5MzAxMDA=/original/0beaeedc-e7ee-432d-bec8-285b036d5ef4.jpeg,-1,-1
11076926,Élysée,,Private room in condo,Private room,253,1,within an hour,100.0,https://a0.muscache.com/pictures/hosting/Hosting-11076926/original/e11acb3b-d5f6-4d9b-b5d6-477f225e0994.jpeg,-1,-1
11195250,Élysée,,Entire rental unit,Entire home/apt,0,1,,,https://a0.muscache.com/pictures/181d512a-be5e-45d7-a319-01c9eae7365e.jpg,-1,-1
11254840,Élysée,,Entire rental unit,Entire home/apt,0,2,,,https://a0.muscache.com/pictures/62c86b55-9a67-40e2-a78e-feb5d13d17f4.jpg,-1,-1
11436236,Élysée,,Entire rental unit,Entire home/apt,243,2,within an hour,100.0,https://a0.muscache.com/pictures/ba9c7792-2620-484d-8a45-1126ddf40839.jpg,-1,-1
11559006,Élysée,,Entire rental unit,Entire home/apt,74,1,within a day,67.0,https://a0.muscache.com/pictures/feecec6a-3e69-4f63-bc32-65f0f7a597b4.jpg,-1,-1
11450917,Élysée,,Entire rental unit,Entire home/apt,336,2,within an hour,100.0,https://a0.muscache.com/pictures/a4bf62cd-1a21-4277-bdff-73ad3bc57909.jpg,-1,-1
12086068,Élysée,,Entire rental unit,Entire home/apt,56,1,,,https://a0.muscache.com/pictures/1ef508f3-3575-43af-b9a6-9789df719d06.jpg,-1,-1
12087891,Élysée,,Entire rental unit,Entire home/apt,167,1,within a few hours,100.0,https://a0.muscache.com/pictures/8f2485f8-40bf-4207-b2d5-69267402acc5.jpg,-1,-1
11895850,Élysée,,Entire rental unit,Entire home/apt,241,2,a few days or more,25.0,https://a0.muscache.com/pictures/80aaa85b-9372-4f26-b164-efb5693ad671.jpg,-1,-1
12196813,Élysée,,Entire rental unit,Entire home/apt,364,1,within an hour,100.0,https://a0.muscache.com/pictures/7e98eac8-6ad8-4ed1-a4a2-bf7c879715c5.jpg,-1,-1
12198163,Élysée,,Entire rental unit,Entire home/apt,0,1,,,https://a0.muscache.com/pictures/bf64f2d2-0a19-439d-9478-4301ce5cba63.jpg,-1,-1
12217315,Élysée,,Entire rental unit,Entire home/apt,353,11,a few days or more,6.0,https://a0.muscache.com/pictures/d9d99986-bfee-4244-a107-cd9877ef8c95.jpg,-1,-1
12237327,Élysée,,Entire rental unit,Entire home/apt,82,1,within a few hours,100.0,https://a0.muscache.com/pictures/hosting/Hosting-U3RheVN1cHBseUxpc3Rpbmc6MTIyMzczMjc%3D/original/748d06cc-3711-4ccc-b1a3-8c90a25ef577.jpeg,-1,-1
12264956,Élysée,,Entire rental unit,Entire home/apt,325,1,within a few hours,100.0,https://a0.muscache.com/pictures/f31fca1f-7e63-4150-9648-52d966208bae.jpg,-1,-1
12575495,Élysée,,Entire rental unit,Entire home/apt,358,1,,,https://a0.muscache.com/pictures/7f60a3ad-95b0-4aac-8ddf-d9d28ea7b858.jpg,-1,-1
12461590,Élysée,,Private room in rental unit,Private room,0,1,,,https://a0.muscache.com/pictures/8d281e32-e2b3-42d9-8042-bd868c3d1554.jpg,-1,-1
12490398,Élysée,,Entire rental unit,Entire home/apt,20,4,within an hour,100.0,https://a0.muscache.com/pictures/56984677-de85-4c11-85d2-cbd8ce4df0d5.jpg,-1,-1
12593463,Élysée,,Entire rental unit,Entire home/apt,346,1,,,https://a0.muscache.com/pictures/24590ff6-42a0-4115-a56c-3c01ea5ddce1.jpg,-1,-1
12666900,Élysée,,Entire rental unit,Entire home/apt,0,1,,,https://a0.muscache.com/pictures/8b3d0604-9cf5-415d-b3ad-d94696452f83.jpg,-1,-1
12505796,Élysée,,Entire rental unit,Entire home/apt,365,1,,,https://a0.muscache.com/pictures/e3f88296-01e6-4ed9-bd0d-9b3d8f17fbef.jpg,-1,-1
12682231,Élysée,,Entire rental unit,Entire home/apt,364,1,,,https://a0.muscache.com/pictures/dc550cb2-ed99-470c-b93b-88f192d26b52.jpg,-1,-1
12661406,Élysée,,Entire rental unit,Entire home/apt,0,1,within an hour,100.0,https://a0.muscache.com/pictures/3ff29570-8b7d-4dca-958e-33c83a4ac68b.jpg,-1,-1
12925207,Élysée,,Private room in rental unit,Private room,0,1,,,https://a0.muscache.com/pictures/0a32b9c6-fd41-498d-8b58-017b70a6fd14.jpg,-1,-1
12826279,Élysée,,Entire condo,Entire home/apt,141,1,within an hour,100.0,https://a0.muscache.com/pictures/hosting/Hosting-U3RheVN1cHBseUxpc3Rpbmc6MTI4MjYyNzk=/original/889134d5-5f9c-4349-828e-e195b7a5e245.jpeg,-1,-1
12845041,Élysée,,Entire rental unit,Entire home/apt,0,1,,,https://a0.muscache.com/pictures/c93e708b-030d-4ef9-a4c4-a847c7d67388.jpg,-1,-1
13050861,Élysée,,Entire rental unit,Entire home/apt,0,1,,,https://a0.muscache.com/pictures/518a72d8-7649-4caf-8a38-7797e6f2cb24.jpg,-1,-1
13051365,Élysée,,Entire rental unit,Entire home/apt,313,1,within an hour,100.0,https://a0.muscache.com/pictures/a12e0aaa-e2ae-430a-8b86-bfd7e8a1c2b0.jpg,-1,-1
13053546,Élysée,,Entire loft,Entire home/apt,0,1,,,https://a0.muscache.com/pictures/fb66e291-1028-4fc7-9875-ba7e9f9d79fd.jpg,-1,-1
13253141,Élysée,,Entire rental unit,Entire home/apt,0,1,,,https://a0.muscache.com/pictures/d9de2238-09a4-4429-b6f1-c2d142c23cd5.jpg,-1,-1
13275499,Élysée,,Entire rental unit,Entire home/apt,0,1,,,https://a0.muscache.com/pictures/387f698c-7c1c-4b1b-a53c-83ae715ee57b.jpg,-1,-1
13181865,Élysée,,Entire rental unit,Entire home/apt,0,1,,,https://a0.muscache.com/pictures/6f0e3032-7728-47c2-b712-faa9ee8f4898.jpg,-1,-1
13257209,Élysée,,Entire rental unit,Entire home/apt,11,1,,,https://a0.muscache.com/pictures/16daad9d-adc8-4480-bf0c-747434dbaa82.jpg,-1,-1
13293072,Élysée,,Private room in rental unit,Private room,0,1,,,https://a0.muscache.com/pictures/4acb5765-0ddd-4caa-b0f8-05b2bb87047f.jpg,-1,-1
13262896,Élysée,,Entire rental unit,Entire home/apt,360,11,a few days or more,6.0,https://a0.muscache.com/pictures/20e99872-0f76-4a06-a520-11a1c15363d0.jpg,-1,-1
13295529,Élysée,,Entire rental unit,Entire home/apt,362,1,within a day,50.0,https://a0.muscache.com/pictures/d3650b97-c749-40f5-bf60-dc311640b9e9.jpg,-1,-1
13365316,Élysée,,Entire rental unit,Entire home/apt,0,1,,,https://a0.muscache.com/pictures/61401009-0d9d-4d26-8d82-09746dd1e614.jpg,-1,-1
13389863,Élysée,,Entire rental unit,Entire home/apt,14,2,,,https://a0.muscache.com/pictures/miso/Hosting-13389863/original/33edcc74-ddee-48ba-96a9-a7fd4063fb4e.jpeg,-1,-1
13344259,Élysée,,Entire rental unit,Entire home/apt,332,36,within an hour,100.0,https://a0.muscache.com/pictures/8f96cc92-df0e-4d94-81b8-f1bcc80549b7.jpg,-1,-1
13519930,Élysée,,Entire rental unit,Entire home/apt,138,1,within an hour,100.0,https://a0.muscache.com/pictures/e9cc4d4b-cc71-49a5-bc63-92764487ac1a.jpg,-1,-1
13600836,Élysée,,Entire rental unit,Entire home/apt,0,1,,,https://a0.muscache.com/pictures/6c8d78c3-4568-4682-9b6b-a008c1405b5a.jpg,-1,-1
13602090,Élysée,,Entire rental unit,Entire home/apt,88,19,within an hour,100.0,https://a0.muscache.com/pictures/38f599a1-d70f-4658-a21c-94fe46c7a788.jpg,-1,-1
13705258,Élysée,,Entire rental unit,Entire home/apt,107,1,within an hour,83.0,https://a0.muscache.com/pictures/86583fc9-0a9b-4add-aeea-9b635d6c0fc2.jpg,-1,-1
13713039,Élysée,,Entire rental unit,Entire home/apt,0,1,,,https://a0.muscache.com/pictures/ec6a02e2-4022-4425-b044-36407b67ec15.jpg,-1,-1
13586390,Élysée,,Entire rental unit,Entire home/apt,0,1,,,https://a0.muscache.com/pictures/92426b8c-a1bc-4d63-badc-4951025d8d95.jpg,-1,-1
13658730,Élysée,,Private room in rental unit,Private room,0,1,,,https://a0.muscache.com/pictures/a35c6bec-65c5-4152-8247-e84e7c9afd33.jpg,-1,-1
13736006,Élysée,,Entire rental unit,Entire home/apt,0,1,,,https://a0.muscache.com/pictures/14bc6cc6-b1b6-4ab0-804f-224cb350a2af.jpg,-1,-1
13756206,Élysée,,Entire rental unit,Entire home/apt,70,1,within an hour,100.0,https://a0.muscache.com/pictures/hosting/Hosting-U3RheVN1cHBseUxpc3Rpbmc6MTM3NTYyMDY%3D/original/685f6d76-c74b-4a82-8cc6-15a2cdf1791d.jpeg,-1,-1
13872071,Élysée,,Entire rental unit,Entire home/apt,0,1,,,https://a0.muscache.com/pictures/40112449-fa3b-408b-a949-40ee4dc59ee8.jpg,-1,-1
13813405,Élysée,,Entire rental unit,Entire home/apt,0,1,,,https://a0.muscache.com/pictures/0d046429-b5d3-43e0-a52f-db62224e9cdc.jpg,-1,-1
13956913,Élysée,,Entire rental unit,Entire home/apt,0,1,,,https://a0.muscache.com/pictures/59d24c46-d4fa-43e8-a98e-c18072db6028.jpg,-1,-1
13989978,Élysée,,Entire rental unit,Entire home/apt,356,1,within a few hours,100.0,https://a0.muscache.com/pictures/8a293911-c493-4b4a-be04-9fa0d99500aa.jpg,-1,-1
14193443,Élysée,,Entire rental unit,Entire home/apt,0,6,,,https://a0.muscache.com/pictures/83fffe8a-903f-4d02-9c74-f317f362d0af.jpg,-1,-1
14230902,Élysée,,Entire rental unit,Entire home/apt,317,13,within an hour,100.0,https://a0.muscache.com/pictures/prohost-api/Hosting-14230902/original/e623e6df-5974-48c0-8be7-3300238a11a6.jpeg,-1,-1
14114356,Élysée,,Private room in rental unit,Private room,0,1,,,https://a0.muscache.com/pictures/949cb8ab-43cd-44fa-8596-0c0118230e3c.jpg,-1,-1
14275153,Élysée,,Entire rental unit,Entire home/apt,82,1,within a few hours,100.0,https://a0.muscache.com/pictures/3ce71323-2fc4-4370-8e1a-2c7ad3a2d5d0.jpg,-1,-1
14173173,Élysée,,Entire rental unit,Entire home/apt,0,1,,,https://a0.muscache.com/pictures/7a3621a8-cc76-45d0-ae6b-79a3b4da6d17.jpg,-1,-1
14066049,Élysée,,Entire rental unit,Entire home/apt,0,1,,,https://a0.muscache.com/pictures/82c7d91d-ae15-4a1c-8d86-0eb467cd69b7.jpg,-1,-1
14175814,Élysée,,Entire rental unit,Entire home/apt,265,1,,,https://a0.muscache.com/pictures/miso/Hosting-14175814/original/7fc2a51e-1b68-4615-be27-52ab66c649d7.jpeg,-1,-1
14178982,Élysée,,Entire rental unit,Entire home/apt,0,1,,,https://a0.muscache.com/pictures/9799f748-f575-45db-bd02-bad83b1a8033.jpg,-1,-1
14358983,Élysée,,Entire rental unit,Entire home/apt,305,1,within an hour,100.0,https://a0.muscache.com/pictures/hosting/Hosting-U3RheVN1cHBseUxpc3Rpbmc6MTQzNTg5ODM=/original/29022c86-4ab6-47d8-8b85-1e186c0522d9.png,-1,-1
14628856,Élysée,,Private room in rental unit,Private room,0,2,,,https://a0.muscache.com/pictures/8a699b74-d4f5-4af2-9d95-5cc9b0b7ea75.jpg,-1,-1
14753339,Élysée,,Entire rental unit,Entire home/apt,0,1,,,https://a0.muscache.com/pictures/59bfa40c-4498-42fb-bc00-c08e749e7a6a.jpg,-1,-1
14540984,Élysée,,Entire rental unit,Entire home/apt,281,1,within an hour,100.0,https://a0.muscache.com/pictures/ca43ddfb-c2bf-4884-b4ea-c5c31f7e18d0.jpg,-1,-1
14791770,Élysée,,Entire rental unit,Entire home/apt,215,1,within an hour,100.0,https://a0.muscache.com/pictures/hosting/Hosting-U3RheVN1cHBseUxpc3Rpbmc6MTQ3OTE3NzA=/original/f5d041f8-23d2-4cbe-a403-c480f045ca4c.jpeg,-1,-1
14574055,Élysée,,Private room in rental unit,Private room,0,1,,,https://a0.muscache.com/pictures/f4cc240b-9c27-4165-922d-02f819badf5c.jpg,-1,-1
15013954,Élysée,,Entire rental unit,Entire home/apt,0,1,,,https://a0.muscache.com/pictures/e9be7637-9890-4198-9d90-cbc69ded325e.jpg,-1,-1
15107916,Élysée,,Entire rental unit,Entire home/apt,17,1,within a day,100.0,https://a0.muscache.com/pictures/hosting/Hosting-15107916/original/cf9661f4-ebcf-42b9-abdc-718351137430.jpeg,-1,-1
15110831,Élysée,,Entire rental unit,Entire home/apt,170,3,within an hour,100.0,https://a0.muscache.com/pictures/hosting/Hosting-15110831/original/6ad8d3ab-5264-4193-a142-4a3ee3125072.jpeg,-1,-1
14852046,Élysée,,Entire rental unit,Entire home/apt,363,1,within a few hours,100.0,https://a0.muscache.com/pictures/miso/Hosting-14852046/original/8bd55d34-8dba-4888-851b-b693fee30873.png,-1,-1
15131768,Élysée,,Entire rental unit,Entire home/apt,287,25,within a day,64.0,https://a0.muscache.com/pictures/7fc86b17-c6c4-4c66-be45-4d17c816d821.jpg,-1,-1
15593539,Élysée,,Entire rental unit,Entire home/apt,28,19,within an hour,100.0,https://a0.muscache.com/pictures/monet/Select-15593539/original/85423eaa-6dbb-402e-9874-5bed2fddbd0b,-1,-1
15281334,Élysée,,Entire rental unit,Entire home/apt,281,1,within a day,60.0,https://a0.muscache.com/pictures/hosting/Hosting-15281334/original/f4178b71-66ef-4672-a47f-5d56b6150ff9.jpeg,-1,-1
15637733,Élysée,,Entire rental unit,Entire home/apt,196,1,,,https://a0.muscache.com/pictures/a768af99-f41f-491f-9f47-994e6b969b3b.jpg,-1,-1
15646678,Élysée,,Entire rental unit,Entire home/apt,0,1,,,https://a0.muscache.com/pictures/73aae0cc-f380-4fc2-ad6a-ac43fdfbc2ea.jpg,-1,-1
15462775,Élysée,,Entire rental unit,Entire home/apt,252,1,within a few hours,100.0,https://a0.muscache.com/pictures/feba9981-f6fb-47c0-bd54-af4d9fec4b71.jpg,-1,-1
15673624,Élysée,,Entire rental unit,Entire home/apt,0,1,,,https://a0.muscache.com/pictures/miso/Hosting-15673624/original/60429705-6894-4324-914a-52d5058bc91b.jpeg,-1,-1
15487716,Élysée,,Entire serviced apartment,Entire home/apt,0,3,,,https://a0.muscache.com/pictures/f69e120c-496a-4841-9402-0a2184f17c4b.jpg,-1,-1
16021074,Élysée,,Entire rental unit,Entire home/apt,358,1,,,https://a0.muscache.com/pictures/miso/Hosting-16021074/original/73a95ec7-4b96-4a20-870d-a3343f40c920.jpeg,-1,-1
15881622,Élysée,,Entire rental unit,Entire home/apt,174,19,within an hour,98.0,https://a0.muscache.com/pictures/ea3ee7b7-81f7-4cc7-bb86-317038f338e4.jpg,-1,-1
15899428,Élysée,,Entire rental unit,Entire home/apt,0,1,,,https://a0.muscache.com/pictures/4000a2bb-5415-431d-b285-30978a781a73.jpg,-1,-1
16045277,Élysée,,Entire rental unit,Entire home/apt,109,1,within a few hours,100.0,https://a0.muscache.com/pictures/miso/Hosting-16045277/original/ca707953-52a0-43f9-8a30-f086c3c68061.jpeg,-1,-1
16219495,Élysée,,Entire rental unit,Entire home/apt,0,1,,,https://a0.muscache.com/pictures/1132cea4-f52f-49c2-bb26-db170bee0a07.jpg,-1,-1
16331783,Élysée,,Entire rental unit,Entire home/apt,343,2,within a few hours,100.0,https://a0.muscache.com/pictures/f37c2a6a-5c70-4cd8-975f-3109ab04edf6.jpg,-1,-1
16433885,Élysée,,Entire rental unit,Entire home/apt,294,26,within an hour,100.0,https://a0.muscache.com/pictures/04663650-bb8e-4a32-9fe8-53d1c8779e55.jpg,-1,-1
16539736,Élysée,,Private room in rental unit,Private room,0,1,,,https://a0.muscache.com/pictures/028e1941-49a6-4bea-814c-89253eba84f7.jpg,-1,-1
17118376,Élysée,,Entire rental unit,Entire home/apt,162,1,,,https://a0.muscache.com/pictures/5dc87134-aa6e-47dd-aec8-3056b1f40447.jpg,-1,-1
17369914,Élysée,,Entire rental unit,Entire home/apt,0,1,,,https://a0.muscache.com/pictures/14e78e3d-1555-4b05-abea-480d3794f716.jpg,-1,-1
17548344,Élysée,,Entire rental unit,Entire home/apt,0,1,,,https://a0.muscache.com/pictures/c505e147-0975-4326-a1ca-a1c4d6a94f22.jpg,-1,-1
17477446,Élysée,,Entire rental unit,Entire home/apt,365,1,within an hour,100.0,https://a0.muscache.com/pictures/monet/Select-17477446/original/6bdde96f-0bfd-45ed-859b-10a44b34e780,-1,-1
17746348,Élysée,,Entire loft,Entire home/apt,211,1,within an hour,100.0,https://a0.muscache.com/pictures/c878f803-3336-4ecd-8a8f-e0cbc53a63c8.jpg,-1,-1
17510295,Élysée,,Entire rental unit,Entire home/apt,312,26,within an hour,100.0,https://a0.muscache.com/pictures/ed7cf18b-42a3-4728-9358-df6563e11f3c.jpg,-1,-1
17760915,Élysée,,Room in hotel,Private room,0,4,,,https://a0.muscache.com/pictures/fd23d23b-ab58-4fd6-800e-c18b43b318df.jpg,-1,-1
17769356,Élysée,,Entire rental unit,Entire home/apt,335,1,within a few hours,100.0,https://a0.muscache.com/pictures/451580f0-bbf0-4d3c-96ac-2702d056f21a.jpg,-1,-1
17784695,Élysée,,Private room in rental unit,Private room,0,1,,,https://a0.muscache.com/pictures/381fd276-f04e-4b1c-8b0a-d71fe1edba6a.jpg,-1,-1
17874094,Élysée,,Entire rental unit,Entire home/apt,0,1,,,https://a0.muscache.com/pictures/88a96a94-af11-4f92-af77-4a79f37e3c58.jpg,-1,-1
18074771,Élysée,,Entire rental unit,Entire home/apt,0,1,,,https://a0.muscache.com/pictures/b0b87807-65e6-4729-b6c0-3659e4fab9a3.jpg,-1,-1
18245894,Élysée,,Entire rental unit,Entire home/apt,0,1,,,https://a0.muscache.com/pictures/e0921118-0b29-46ca-bd13-e4e986a79aa4.jpg,-1,-1
18205045,Élysée,,Private room in rental unit,Private room,204,3,within an hour,100.0,https://a0.muscache.com/pictures/miso/Hosting-18205045/original/853c1efd-6789-44ac-b990-4467953198a3.jpeg,-1,-1
18543640,Élysée,,Entire rental unit,Entire home/apt,0,1,,,https://a0.muscache.com/pictures/c745e75e-0b94-4809-9b4a-70d40faf7c5b.jpg,-1,-1
18301068,Élysée,,Entire rental unit,Entire home/apt,0,1,,,https://a0.muscache.com/pictures/482b2fd5-247a-4278-b9bc-b4334e835b40.jpg,-1,-1
18341049,Élysée,,Entire rental unit,Entire home/apt,274,1,within an hour,100.0,https://a0.muscache.com/pictures/prohost-api/Hosting-18341049/original/1f5fc586-ae3f-45a4-8ee9-33d592d0f1fa.jpeg,-1,-1
18592217,Élysée,,Entire rental unit,Entire home/apt,0,1,,,https://a0.muscache.com/pictures/ed568a8a-ff82-421f-9b43-30c37e57c3d4.jpg,-1,-1
18501263,Élysée,,Entire rental unit,Entire home/apt,0,1,,,https://a0.muscache.com/pictures/dba8ab5e-2cf5-463b-8b55-210cbb66ce92.jpg,-1,-1
18627010,Élysée,,Entire rental unit,Entire home/apt,0,1,,,https://a0.muscache.com/pictures/hosting/Hosting-18627010/original/0f2b2085-6449-4b3f-930c-09c0568a4668.jpeg,-1,-1
18861731,Élysée,,Entire rental unit,Entire home/apt,0,1,within a few hours,100.0,https://a0.muscache.com/pictures/32457944-588d-4da6-913c-279bd8efd22b.jpg,-1,-1
18733658,Élysée,,Entire rental unit,Entire home/apt,0,1,,,https://a0.muscache.com/pictures/84289ada-fa95-441b-abc7-4a31ca363b75.jpg,-1,-1
18679358,Élysée,,Entire rental unit,Entire home/apt,364,25,within a day,64.0,https://a0.muscache.com/pictures/8c29f087-052e-4dcf-9f1b-fe56183526bb.jpg,-1,-1
18680077,Élysée,,Entire rental unit,Entire home/apt,0,1,,,https://a0.muscache.com/pictures/bba059e3-67b3-4966-aaaf-e0248226d78b.jpg,-1,-1
18689741,Élysée,,Entire rental unit,Entire home/apt,0,3,within an hour,100.0,https://a0.muscache.com/pictures/d7852a71-00b2-4d9b-9b08-c436de155d7a.jpg,-1,-1
18797660,Élysée,,Entire rental unit,Entire home/apt,246,1,within an hour,100.0,https://a0.muscache.com/pictures/f625a681-2154-4d31-a2e7-e1b266ddaa1a.jpg,-1,-1
18985577,Élysée,,Entire rental unit,Entire home/apt,0,1,,,https://a0.muscache.com/pictures/8a6d2f6f-50d3-43d0-bfad-16b5be02f136.jpg,-1,-1
19154606,Élysée,,Entire rental unit,Entire home/apt,326,1,within an hour,100.0,https://a0.muscache.com/pictures/2fb185eb-3fd1-4b29-8f94-769fc0b678f3.jpg,-1,-1
19099840,Élysée,,Entire rental unit,Entire home/apt,0,1,,,https://a0.muscache.com/pictures/6c941f2f-8441-47ae-b572-d0741e4eccd5.jpg,-1,-1
19268981,Élysée,,Entire rental unit,Entire home/apt,0,130,within a day,58.0,https://a0.muscache.com/pictures/hosting/Hosting-U3RheVN1cHBseUxpc3Rpbmc6MTkyNjg5ODE%3D/original/7f7105ae-72c0-4f68-8281-5c0a0d0215b5.jpeg,-1,-1
19116969,Élysée,,Entire rental unit,Entire home/apt,151,10,within an hour,100.0,https://a0.muscache.com/pictures/9c820d5c-39cb-4646-87cc-beb018700fd4.jpg,-1,-1
19373778,Élysée,,Entire rental unit,Entire home/apt,173,1,within a few hours,75.0,https://a0.muscache.com/pictures/88baeaf2-bc52-4671-aa89-8f21aa2bc7e3.jpg,-1,-1
19237646,Élysée,,Entire rental unit,Entire home/apt,73,1,within a few hours,100.0,https://a0.muscache.com/pictures/f5c0609a-3fc8-473e-b0f6-2ada4847048c.jpg,-1,-1
19424607,Élysée,,Entire rental unit,Entire home/apt,0,1,,,https://a0.muscache.com/pictures/20087a41-c74f-4e35-891a-ec5896c3cafd.jpg,-1,-1
19444226,Élysée,,Entire rental unit,Entire home/apt,0,57,,,https://a0.muscache.com/pictures/prohost-api/Hosting-19444226/original/d17f1019-e88d-44ba-8974-b082b80ce3d2.jpeg,-1,-1
19504460,Élysée,,Entire rental unit,Entire home/apt,0,1,,,https://a0.muscache.com/pictures/9b85834a-7750-4f22-bdbe-6881a6dd60f7.jpg,-1,-1
19463468,Élysée,,Entire rental unit,Entire home/apt,365,90,within a day,74.0,https://a0.muscache.com/pictures/99ea5b30-34e0-4c21-9201-100584165e27.jpg,-1,-1
19482743,Élysée,,Entire condo,Entire home/apt,0,1,,,https://a0.muscache.com/pictures/9ddbfd39-c532-4d1c-9c28-0a3ad831953f.jpg,-1,-1
19689279,Élysée,,Private room in rental unit,Private room,0,3,,,https://a0.muscache.com/pictures/3a6937db-d02a-4990-8138-ce3dff5f5b80.jpg,-1,-1
19567542,Élysée,,Entire rental unit,Entire home/apt,0,1,,,https://a0.muscache.com/pictures/8a605045-7dbc-4d84-ae10-75ac25e456c0.jpg,-1,-1
19657406,Élysée,,Entire rental unit,Entire home/apt,0,1,,,https://a0.muscache.com/pictures/miso/Hosting-19657406/original/ca509be0-7e59-4d32-9baf-b9ab15992196.jpeg,-1,-1
19657742,Élysée,,Entire rental unit,Entire home/apt,0,12,,,https://a0.muscache.com/pictures/fdde32ea-3ff4-4aa3-8890-2cdf972fdce5.jpg,-1,-1
19670127,Élysée,,Entire rental unit,Entire home/apt,0,1,,,https://a0.muscache.com/pictures/hosting/Hosting-U3RheVN1cHBseUxpc3Rpbmc6MTk2NzAxMjc%3D/original/becba04c-dbaa-4d46-a518-893641d492c5.jpeg,-1,-1
19673508,Élysée,,Private room in rental unit,Private room,329,1,within an hour,100.0,https://a0.muscache.com/pictures/9eea85a0-41b3-454d-b05c-8b8020802018.jpg,-1,-1
19728487,Élysée,,Entire rental unit,Entire home/apt,0,1,,,https://a0.muscache.com/pictures/2f344121-f561-4bd8-bb3b-e017042653d5.jpg,-1,-1
19755546,Élysée,,Private room in rental unit,Private room,0,3,,,https://a0.muscache.com/pictures/e441d8f5-1908-4bbd-9017-be65a51efde2.jpg,-1,-1
19755723,Élysée,,Private room in rental unit,Private room,0,3,,,https://a0.muscache.com/pictures/01c62dab-0b81-4251-8b3c-2b962c610cf3.jpg,-1,-1
19795939,Élysée,,Entire rental unit,Entire home/apt,154,1,within a day,90.0,https://a0.muscache.com/pictures/miso/Hosting-19795939/original/dfe80712-99c6-4be4-bd2f-afaa548d3771.jpeg,-1,-1
20159456,Élysée,,Entire rental unit,Entire home/apt,0,1,,,https://a0.muscache.com/pictures/8d1f3799-fb91-404d-91e4-8e25eea43b04.jpg,-1,-1
20080633,Élysée,,Entire rental unit,Entire home/apt,365,1,,,https://a0.muscache.com/pictures/miso/Hosting-20080633/original/9c882100-d351-4b50-8f4b-c051207b9862.png,-1,-1
20022170,Élysée,,Entire rental unit,Entire home/apt,0,1,,,https://a0.muscache.com/pictures/50cc6e2d-010c-47ff-b00e-ef409db0312a.jpg,-1,-1
20174468,Élysée,,Entire rental unit,Entire home/apt,326,1,within an hour,100.0,https://a0.muscache.com/pictures/hosting/Hosting-U3RheVN1cHBseUxpc3Rpbmc6MjAxNzQ0Njg=/original/1ebdc604-631a-48f7-bf4c-104aa45696c5.jpeg,-1,-1
20262163,Élysée,,Entire rental unit,Entire home/apt,157,1,a few days or more,40.0,https://a0.muscache.com/pictures/65f4db26-02bb-4850-afd0-f2ec43cae10d.jpg,-1,-1
20267185,Élysée,,Entire rental unit,Entire home/apt,0,1,within an hour,100.0,https://a0.muscache.com/pictures/0c4ee5b3-2cd9-4a99-869d-5cd742d7b014.jpg,-1,-1
20218377,Élysée,,Entire rental unit,Entire home/apt,160,2,within an hour,100.0,https://a0.muscache.com/pictures/hosting/Hosting-U3RheVN1cHBseUxpc3Rpbmc6MjAyMTgzNzc%3D/original/92ad5bcf-dcd8-4c91-9af8-6fc7bcb3acf6.jpeg,-1,-1
20320861,Élysée,,Entire rental unit,Entire home/apt,48,1,within a few hours,100.0,https://a0.muscache.com/pictures/99a8d3f4-34ab-400a-95eb-4f2608186571.jpg,-1,-1
20471723,Élysée,,Entire condo,Entire home/apt,83,1,within a day,100.0,https://a0.muscache.com/pictures/airflow/Hosting-20471723/original/f754afbf-2433-4320-b93e-df2f5417dbac.jpg,-1,-1
20241076,Élysée,,Entire rental unit,Entire home/apt,334,2,within a few hours,90.0,https://a0.muscache.com/pictures/hosting/Hosting-U3RheVN1cHBseUxpc3Rpbmc6MjAyNDEwNzY%3D/original/764840d1-2206-4267-ac23-f7d0e88922a7.jpeg,-1,-1
20414473,Élysée,,Entire rental unit,Entire home/apt,0,1,,,https://a0.muscache.com/pictures/30d6bb1f-75d6-4497-b25e-5bb7d2ad0c34.jpg,-1,-1
20605635,Élysée,,Entire rental unit,Entire home/apt,132,1,within an hour,100.0,https://a0.muscache.com/pictures/99053bfd-34a7-4366-b00c-114bc97d67af.jpg,-1,-1
20781169,Élysée,,Entire rental unit,Entire home/apt,160,1,,,https://a0.muscache.com/pictures/hosting/Hosting-20781169/original/df80ffbe-6784-4ca7-8281-c175e4f60207.jpeg,-1,-1
21067601,Élysée,,Entire rental unit,Entire home/apt,270,1,,,https://a0.muscache.com/pictures/e12ea42d-8bf9-4aeb-8cc6-5e8fff6c0a14.jpg,-1,-1
20929848,Élysée,,Entire rental unit,Entire home/apt,0,1,,,https://a0.muscache.com/pictures/120af9ed-eb45-49a4-a740-42ac0d2a7a88.jpg,-1,-1
20816563,Élysée,,Entire rental unit,Entire home/apt,0,1,,,https://a0.muscache.com/pictures/f5d7c1d6-4a72-4f8f-98ff-db6ecc67bc09.jpg,-1,-1
21250979,Élysée,,Entire rental unit,Entire home/apt,167,1,within a few hours,100.0,https://a0.muscache.com/pictures/58b251ff-e6f2-40b6-bc29-15367cb78951.jpg,-1,-1
21202743,Élysée,,Entire rental unit,Entire home/apt,0,1,,,https://a0.muscache.com/pictures/fe34ca29-735d-43b0-89a8-d00fa41b29c1.jpg,-1,-1
21465041,Élysée,,Entire rental unit,Entire home/apt,0,1,,,https://a0.muscache.com/pictures/97349717-fd4f-4027-b0de-b573f8016f3d.jpg,-1,-1
21329599,Élysée,,Entire rental unit,Entire home/apt,280,90,within a day,74.0,https://a0.muscache.com/pictures/ef546594-5e3d-42a2-9fc2-72586440c93d.jpg,-1,-1
21659430,Élysée,,Private room in guesthouse,Private room,0,1,,,https://a0.muscache.com/pictures/741b2d4a-a8dc-49af-a6cb-90b1f129dea6.jpg,-1,-1
21673538,Élysée,,Entire rental unit,Entire home/apt,360,1,within an hour,83.0,https://a0.muscache.com/pictures/hosting/Hosting-U3RheVN1cHBseUxpc3Rpbmc6MjE2NzM1Mzg%3D/original/fee51ab8-5427-4064-a54f-a0e73c19b3a6.jpeg,-1,-1
21834117,Élysée,,Entire rental unit,Entire home/apt,150,1,within a few hours,100.0,https://a0.muscache.com/pictures/56492793-b424-4a4c-beb4-1f215adf2a57.jpg,-1,-1
21857142,Élysée,,Entire rental unit,Entire home/apt,300,2,within an hour,100.0,https://a0.muscache.com/pictures/a0356882-d413-41e6-83c9-f05b46dd02c5.jpg,-1,-1
22025788,Élysée,,Entire rental unit,Entire home/apt,0,1,,,https://a0.muscache.com/pictures/5794f865-2b85-4ab2-a30f-31b1f42144aa.jpg,-1,-1
21769040,Élysée,,Entire rental unit,Entire home/apt,0,5,,,https://a0.muscache.com/pictures/77e6314a-54ab-4c9d-8d56-0e0d57a2bc9f.jpg,-1,-1
21780368,Élysée,,Entire rental unit,Entire home/apt,285,8,within an hour,100.0,https://a0.muscache.com/pictures/cdea6d74-a420-43e5-b1f3-e5e3e345a02c.jpg,-1,-1
22398638,Élysée,,Entire rental unit,Entire home/apt,0,1,,,https://a0.muscache.com/pictures/39e8e15e-be8e-44b7-90d4-ca3394c85e8c.jpg,-1,-1
22398948,Élysée,,Entire rental unit,Entire home/apt,0,1,,,https://a0.muscache.com/pictures/b6c14609-5353-45a2-9518-2e85f42d30d5.jpg,-1,-1
22133154,Élysée,,Entire rental unit,Entire home/apt,179,1,within a day,67.0,https://a0.muscache.com/pictures/hosting/Hosting-22133154/original/bced92ad-443e-4bbb-8d44-fcc79ed3624a.jpeg,-1,-1
22511432,Élysée,,Entire rental unit,Entire home/apt,0,1,,,https://a0.muscache.com/pictures/c2a1b174-c6f5-4f1e-bd4b-44ef3e3a88af.jpg,-1,-1
22521435,Élysée,,Entire rental unit,Entire home/apt,88,1,,,https://a0.muscache.com/pictures/99f58c80-333a-41f9-89da-76bae258ef06.jpg,-1,-1
22647020,Élysée,,Entire rental unit,Entire home/apt,9,1,within an hour,90.0,https://a0.muscache.com/pictures/408f8047-1ff6-4cc7-8a2a-37c7612f9e28.jpg,-1,-1
22667883,Élysée,,Entire condo,Entire home/apt,355,38,within an hour,100.0,https://a0.muscache.com/pictures/miso/Hosting-22667883/original/ab6d7b69-20a1-49bb-bb5c-044eac90adfc.jpeg,-1,-1
22828500,Élysée,,Entire rental unit,Entire home/apt,271,2,within an hour,100.0,https://a0.muscache.com/pictures/c38cca6a-a5b5-421f-9d8a-25dabef6c663.jpg,-1,-1
22669204,Élysée,,Private room in rental unit,Private room,142,1,a few days or more,0.0,https://a0.muscache.com/pictures/hosting/Hosting-U3RheVN1cHBseUxpc3Rpbmc6MjI2NjkyMDQ=/original/b0d79087-e955-433d-9d1e-2e1d2b0dbaf6.jpeg,-1,-1
22889414,Élysée,,Entire rental unit,Entire home/apt,0,1,,,https://a0.muscache.com/pictures/1baea2de-cce5-4c59-80c6-67de5d8a406a.jpg,-1,-1
23036313,Élysée,,Entire rental unit,Entire home/apt,0,2,,,https://a0.muscache.com/pictures/miso/Hosting-23036313/original/8631f11c-79e2-438e-8d09-212386978cf9.jpeg,-1,-1
23118333,Élysée,,Entire rental unit,Entire home/apt,225,1,within a few hours,100.0,https://a0.muscache.com/pictures/3422a957-c5c0-4273-8db5-1504b0bc8663.jpg,-1,-1
23316029,Élysée,,Entire rental unit,Entire home/apt,0,1,,,https://a0.muscache.com/pictures/1d18014d-61d6-42d3-833b-de991034a4c9.jpg,-1,-1
23321708,Élysée,,Room in hotel,Hotel room,0,4,,,https://a0.muscache.com/pictures/8c66b3ee-b5da-4584-8b97-0ea07bc22709.jpg,-1,-1
23322168,Élysée,,Room in boutique hotel,Hotel room,0,4,,,https://a0.muscache.com/pictures/81126f5c-f9de-4595-993d-89afa26a423f.jpg,-1,-1
23101918,Élysée,,Room in hotel,Hotel room,0,4,,,https://a0.muscache.com/pictures/81dd68d8-26e6-457b-ba15-16d9a32736fb.jpg,-1,-1
23369363,Élysée,,Entire rental unit,Entire home/apt,0,1,within an hour,100.0,https://a0.muscache.com/pictures/prohost-api/Hosting-23369363/original/86ae4529-aca9-4524-acc1-de97e266af67.jpeg,-1,-1
23274321,Élysée,,Entire rental unit,Entire home/apt,0,1,,,https://a0.muscache.com/pictures/c4085c7d-663d-49c4-b492-aab0f35636ce.jpg,-1,-1
23464119,Élysée,,Entire rental unit,Entire home/apt,365,1,,,https://a0.muscache.com/pictures/6193dfa2-6e3c-4f37-94ba-d8fe5a040454.jpg,-1,-1
23474118,Élysée,,Entire rental unit,Entire home/apt,229,1,,,https://a0.muscache.com/pictures/miso/Hosting-23474118/original/e951742d-0145-45aa-a558-cfa51d4050c1.jpeg,-1,-1
23769001,Élysée,,Entire condo,Entire home/apt,359,1,within a day,100.0,https://a0.muscache.com/pictures/86342ea9-1f57-49c6-9676-711d56a645b8.jpg,-1,-1
23811283,Élysée,,Entire loft,Entire home/apt,0,1,,,https://a0.muscache.com/pictures/18a40e8b-6a14-404a-87a1-c489254a2ede.jpg,-1,-1
23709163,Élysée,,Entire rental unit,Entire home/apt,295,16,a few days or more,0.0,https://a0.muscache.com/pictures/6cf80d3e-b6f4-46af-9091-843b6b475008.jpg,-1,-1
24225710,Élysée,,Entire rental unit,Entire home/apt,19,1,within an hour,100.0,https://a0.muscache.com/pictures/hosting/Hosting-24225710/original/ee05f42a-99f0-45e7-91be-eaea43ff765c.jpeg,-1,-1
24239004,Élysée,,Entire rental unit,Entire home/apt,363,370,within an hour,100.0,https://a0.muscache.com/pictures/prohost-api/Hosting-24239004/original/19ef7291-e5ac-472b-b52d-415cb9208e57.jpeg,-1,-1
24132831,Élysée,,Entire rental unit,Entire home/apt,364,102,within a day,53.0,https://a0.muscache.com/pictures/9dcac3de-3eb4-4b65-bda6-098e3680cb2f.jpg,-1,-1
24133705,Élysée,,Entire rental unit,Entire home/apt,0,1,within a few hours,100.0,https://a0.muscache.com/pictures/e0956b2f-63b9-49ee-a946-8e65579afea7.jpg,-1,-1
24255601,Élysée,,Entire rental unit,Entire home/apt,271,2,within an hour,100.0,https://a0.muscache.com/pictures/750e56f4-c82f-46bf-b3de-6c849a82536b.jpg,-1,-1
24507692,Élysée,,Entire rental unit,Entire home/apt,0,2,within an hour,100.0,https://a0.muscache.com/pictures/77f51e00-5e7c-4cfd-b1c5-de6f8598d9b4.jpg,-1,-1
24698217,Élysée,,Entire rental unit,Entire home/apt,179,2,,,https://a0.muscache.com/pictures/50bfc000-2098-4b68-9b05-82bd0f0a127b.jpg,-1,-1
24723313,Élysée,,Entire rental unit,Entire home/apt,0,1,,,https://a0.muscache.com/pictures/10bd89e8-9766-48d0-b10f-ba80ee3a77fb.jpg,-1,-1
24847256,Élysée,,Private room in rental unit,Private room,0,1,,,https://a0.muscache.com/pictures/922434d5-a7a0-402a-9f39-bde1582301b9.jpg,-1,-1
24853811,Élysée,,Entire rental unit,Entire home/apt,269,1,within an hour,100.0,https://a0.muscache.com/pictures/b5b9dc5e-7fd9-44a4-ba0d-259964e7d4af.jpg,-1,-1
24862301,Élysée,,Entire rental unit,Entire home/apt,0,1,,,https://a0.muscache.com/pictures/825284f6-a37f-4069-9ecb-4dc3da70daa9.jpg,-1,-1
24934385,Élysée,,Entire rental unit,Entire home/apt,341,1,within a day,100.0,https://a0.muscache.com/pictures/c93663a0-fb55-437b-ab9f-64a3bf294808.jpg,-1,-1
25312836,Élysée,,Entire rental unit,Entire home/apt,58,2,within an hour,100.0,https://a0.muscache.com/pictures/miso/Hosting-25312836/original/fb179acc-9480-4c3c-a197-0a0fcc365d7d.jpeg,-1,-1
25039201,Élysée,,Entire rental unit,Entire home/apt,177,1,,,https://a0.muscache.com/pictures/9f239956-c08c-468c-86bd-4a4e94289182.jpg,-1,-1
25285583,Élysée,,Entire rental unit,Entire home/apt,365,1,a few days or more,0.0,https://a0.muscache.com/pictures/a0fc67ca-3365-435d-a06a-a3ab6de099ee.jpg,-1,-1
25876303,Élysée,,Room in boutique hotel,Private room,314,12,within a few hours,100.0,https://a0.muscache.com/pictures/5181d695-689a-4885-baec-c1e03fd886e3.jpg,-1,-1
25503255,Élysée,,Entire rental unit,Entire home/apt,336,1,within an hour,100.0,https://a0.muscache.com/pictures/prohost-api/Hosting-25503255/original/efb6c323-3820-4787-a1d7-79f2dabc356b.jpeg,-1,-1
25876305,Élysée,,Room in boutique hotel,Private room,285,12,within a few hours,100.0,https://a0.muscache.com/pictures/miso/Hosting-25876305/original/dd887883-96bb-4f5f-b489-ca9c95a1ae00.jpeg,-1,-1
25876309,Élysée,,Room in boutique hotel,Private room,313,12,within a few hours,100.0,https://a0.muscache.com/pictures/f7af3aaf-786f-4c6e-bfed-be142113d0d1.jpg,-1,-1
25876312,Élysée,,Room in boutique hotel,Private room,281,12,within a few hours,100.0,https://a0.muscache.com/pictures/47a4e200-62bc-415b-a510-0bdf44ab77b4.jpg,-1,-1
25790941,Élysée,,Room in boutique hotel,Hotel room,365,5,,,https://a0.muscache.com/pictures/407e90c6-0838-4ce9-9588-a9f8c3b04cbc.jpg,-1,-1
25790942,Élysée,,Room in boutique hotel,Hotel room,365,5,,,https://a0.muscache.com/pictures/33ec0ee3-0ffe-4a79-bcd5-6c0e64e13e57.jpg,-1,-1
25790947,Élysée,,Room in boutique hotel,Hotel room,365,5,,,https://a0.muscache.com/pictures/cebde0a0-9209-43cd-b896-979f2e9fe63d.jpg,-1,-1
25790949,Élysée,,Room in boutique hotel,Hotel room,365,5,,,https://a0.muscache.com/pictures/55d9a1df-f34a-475e-b32a-bbf67e347665.jpg,-1,-1
25790954,Élysée,,Room in boutique hotel,Hotel room,365,5,,,https://a0.muscache.com/pictures/6d149c46-f347-4cf6-a0e5-b5988a8e54e7.jpg,-1,-1
25923831,Élysée,,Entire rental unit,Entire home/apt,12,1,,,https://a0.muscache.com/pictures/5d74d818-f395-4086-b915-b0e898c009b2.jpg,-1,-1
25839392,Élysée,,Entire rental unit,Entire home/apt,0,1,,,https://a0.muscache.com/pictures/3c3e5d91-df76-44bb-9b1d-aba57b31c816.jpg,-1,-1
25965984,Élysée,,Private room in rental unit,Private room,0,2,,,https://a0.muscache.com/pictures/d9b29a83-76d9-4f2c-81c7-7864ecc3ffdf.jpg,-1,-1
26046499,Élysée,,Room in boutique hotel,Hotel room,276,5,within an hour,100.0,https://a0.muscache.com/pictures/hosting/Hosting-U3RheVN1cHBseUxpc3Rpbmc6MjYwNDY0OTk%3D/original/9ae2ab62-4afd-4a6a-8a2f-35c90dedaf58.jpeg,-1,-1
26046502,Élysée,,Room in boutique hotel,Hotel room,247,5,within an hour,100.0,https://a0.muscache.com/pictures/hosting/Hosting-U3RheVN1cHBseUxpc3Rpbmc6MjYwNDY1MDI%3D/original/d35f9904-a171-423b-9515-393a379cc930.jpeg,-1,-1
26046504,Élysée,,Room in boutique hotel,Hotel room,191,5,within an hour,100.0,https://a0.muscache.com/pictures/hosting/Hosting-U3RheVN1cHBseUxpc3Rpbmc6MjYwNDY1MDQ%3D/original/b2a5a9a4-bcbf-4a61-b88b-465fa3592a15.jpeg,-1,-1
26046506,Élysée,,Room in boutique hotel,Hotel room,223,5,within an hour,100.0,https://a0.muscache.com/pictures/hosting/Hosting-U3RheVN1cHBseUxpc3Rpbmc6MjYwNDY1MDY%3D/original/122d46a1-94ac-4d4f-85d9-58036b9f2e34.jpeg,-1,-1
25876280,Élysée,,Room in boutique hotel,Private room,319,12,within a few hours,100.0,https://a0.muscache.com/pictures/52658167-db8d-4487-9abb-a0d292c8d8b4.jpg,-1,-1
25876283,Élysée,,Room in boutique hotel,Private room,319,12,within a few hours,100.0,https://a0.muscache.com/pictures/9e16ee51-ed59-4080-aa9c-041fc36ad32c.jpg,-1,-1
25876285,Élysée,,Room in boutique hotel,Private room,311,12,within a few hours,100.0,https://a0.muscache.com/pictures/427844b2-92fa-4f0e-963a-12f3c7e0e4b5.jpg,-1,-1
25876288,Élysée,,Room in boutique hotel,Private room,200,12,within a few hours,100.0,https://a0.muscache.com/pictures/b1857a5c-811a-4008-96c7-194939b88ce8.jpg,-1,-1
25876290,Élysée,,Room in boutique hotel,Private room,245,12,within a few hours,100.0,https://a0.muscache.com/pictures/6b601b2d-ae2e-4ae2-a60f-5c3a804ac8cb.jpg,-1,-1
25876292,Élysée,,Room in boutique hotel,Private room,299,12,within a few hours,100.0,https://a0.muscache.com/pictures/b27c65e4-400c-4785-a95b-5b909eeb8d4e.jpg,-1,-1
25876295,Élysée,,Room in boutique hotel,Private room,235,12,within a few hours,100.0,https://a0.muscache.com/pictures/airflow/Hosting-25876295/original/4a9ad561-c8ed-457d-bb27-66532e4aa4a9.jpg,-1,-1
25876299,Élysée,,Room in boutique hotel,Private room,302,12,within a few hours,100.0,https://a0.muscache.com/pictures/bf9b3b8f-8ad2-4177-b1df-f18ef45ad012.jpg,-1,-1
26154066,Élysée,,Entire rental unit,Entire home/apt,0,1,within an hour,100.0,https://a0.muscache.com/pictures/89843e78-fbe4-4797-9793-7f96f8ca10a4.jpg,-1,-1
26291122,Élysée,,Private room in bed and breakfast,Private room,38,1,within a few hours,100.0,https://a0.muscache.com/pictures/aa7d71bf-5a30-42b5-8c00-0dc7bca54166.jpg,-1,-1
26175947,Élysée,,Room in boutique hotel,Private room,0,10,,,https://a0.muscache.com/pictures/5c828841-0855-4da0-84ba-93dc0e852f7d.jpg,-1,-1
26175949,Élysée,,Room in boutique hotel,Private room,0,10,,,https://a0.muscache.com/pictures/99b9326c-a697-4b49-82c3-dde3b72a88d5.jpg,-1,-1
26175957,Élysée,,Room in boutique hotel,Private room,0,10,,,https://a0.muscache.com/pictures/da0a9cf6-05a8-497e-a03f-2970c67f87c8.jpg,-1,-1
26175960,Élysée,,Room in boutique hotel,Private room,0,10,,,https://a0.muscache.com/pictures/297ba056-7aaa-42bc-9019-817213fb46f0.jpg,-1,-1
26175965,Élysée,,Room in boutique hotel,Private room,0,10,,,https://a0.muscache.com/pictures/87cbaa0b-ffe2-44e8-87a9-f1523a599434.jpg,-1,-1
26175968,Élysée,,Room in boutique hotel,Private room,0,10,,,https://a0.muscache.com/pictures/c8a22496-341b-4cf0-aec9-0d69148b05b0.jpg,-1,-1
26175971,Élysée,,Room in boutique hotel,Private room,0,10,,,https://a0.muscache.com/pictures/87ea775c-8208-4a37-9dc6-43a96f7c05c6.jpg,-1,-1
26175977,Élysée,,Room in boutique hotel,Private room,0,10,,,https://a0.muscache.com/pictures/387c717a-db3f-4aec-b6e9-0144d78c6cea.jpg,-1,-1
26175983,Élysée,,Room in boutique hotel,Private room,0,10,,,https://a0.muscache.com/pictures/7366235d-40d1-41ec-a2af-4e3552c72636.jpg,-1,-1
26175986,Élysée,,Room in boutique hotel,Private room,0,10,,,https://a0.muscache.com/pictures/da961b8a-2aab-497c-b46e-375ae24797a8.jpg,-1,-1
26188730,Élysée,,Entire loft,Entire home/apt,177,2,within an hour,100.0,https://a0.muscache.com/pictures/c9773612-afa8-4f67-991c-16958b555253.jpg,-1,-1
26243676,Élysée,,Entire rental unit,Entire home/apt,0,1,,,https://a0.muscache.com/pictures/6e448956-f0c5-4ba1-bd24-cb7e9377262d.jpg,-1,-1
26335476,Élysée,,Entire rental unit,Entire home/apt,0,1,,,https://a0.muscache.com/pictures/032c4d2f-5d60-468e-936a-c73d6bb3a8f8.jpg,-1,-1
26255789,Élysée,,Entire condo,Entire home/apt,263,1,,,https://a0.muscache.com/pictures/1dec5fdc-4524-4a69-bdad-b4ca9a657019.jpg,-1,-1
26458850,Élysée,,Entire rental unit,Entire home/apt,0,1,,,https://a0.muscache.com/pictures/21de8d78-c312-4d2e-9352-987891778033.jpg,-1,-1
26489519,Élysée,,Entire rental unit,Entire home/apt,365,1,,,https://a0.muscache.com/pictures/5bdde200-5640-4720-b12b-12349713f291.jpg,-1,-1
26582414,Élysée,,Entire rental unit,Entire home/apt,2,1,within an hour,80.0,https://a0.muscache.com/pictures/90d71046-d1de-44f3-b5b2-582f12fe22df.jpg,-1,-1
26612366,Élysée,,Entire rental unit,Entire home/apt,89,1,,,https://a0.muscache.com/pictures/a04b0a6e-107c-44da-a4b8-f522eae416f5.jpg,-1,-1
26771703,Élysée,,Entire rental unit,Entire home/apt,0,1,a few days or more,0.0,https://a0.muscache.com/pictures/hosting/Hosting-26771703/original/7eb8a9cf-0a66-48af-8c07-f38c0ffa9d5e.jpeg,-1,-1
27030906,Élysée,,Entire rental unit,Entire home/apt,349,1,within an hour,100.0,https://a0.muscache.com/pictures/e6607dd1-2ef3-4573-9da2-322f0d9b1cf2.jpg,-1,-1
27041926,Élysée,,Entire rental unit,Entire home/apt,268,1,within an hour,100.0,https://a0.muscache.com/pictures/e6ce61f2-1834-41db-b66c-2a14639f34d9.jpg,-1,-1
27385244,Élysée,,Room in boutique hotel,Hotel room,0,3,,,https://a0.muscache.com/pictures/hosting/Hosting-U3RheVN1cHBseUxpc3Rpbmc6MjczODUyNDQ%3D/original/e68c2908-5c0d-42ee-a956-0ebff159dbe4.jpeg,-1,-1
27385245,Élysée,,Room in boutique hotel,Hotel room,0,3,,,https://a0.muscache.com/pictures/hosting/Hosting-U3RheVN1cHBseUxpc3Rpbmc6MjczODUyNDU%3D/original/651baccf-85d9-4963-9b44-db4d29076491.jpeg,-1,-1
27385250,Élysée,,Room in boutique hotel,Hotel room,0,3,,,https://a0.muscache.com/pictures/hosting/Hosting-U3RheVN1cHBseUxpc3Rpbmc6MjczODUyNTA%3D/original/d92bd250-5cdf-46e0-8898-98a89417ab3c.jpeg,-1,-1
27593922,Élysée,,Entire rental unit,Entire home/apt,0,1,,,https://a0.muscache.com/pictures/2ad0d424-2f55-46d6-a3ac-6f913587c79f.jpg,-1,-1
27416168,Élysée,,Entire rental unit,Entire home/apt,297,1,within an hour,100.0,https://a0.muscache.com/pictures/ebfabc84-e34f-4d76-bdb5-c917dd0acbd5.jpg,-1,-1
27534288,Élysée,,Room in boutique hotel,Hotel room,0,1,,,https://a0.muscache.com/pictures/25a4a463-766e-4daf-a1be-7e23f9393a33.jpg,-1,-1
27618424,Élysée,,Entire rental unit,Entire home/apt,291,1,a few days or more,40.0,https://a0.muscache.com/pictures/miso/Hosting-27618424/original/313bc0b3-ff2e-46de-9093-371b7425ccbe.jpeg,-1,-1
27619402,Élysée,,Entire rental unit,Entire home/apt,0,2,within a day,60.0,https://a0.muscache.com/pictures/ac6f31c8-bce0-49dc-bab1-3443e9cffcbf.jpg,-1,-1
27980135,Élysée,,Room in boutique hotel,Hotel room,173,2,,,https://a0.muscache.com/pictures/c1857ead-9f18-411b-89e5-3cc57f0a48ee.jpg,-1,-1
27980145,Élysée,,Room in boutique hotel,Hotel room,173,2,,,https://a0.muscache.com/pictures/c57f472b-d801-416f-9c28-14240a64a549.jpg,-1,-1
27675799,Élysée,,Entire rental unit,Entire home/apt,0,1,,,https://a0.muscache.com/pictures/cc6f165d-f46c-40d6-a0fb-24f50b4c6d74.jpg,-1,-1
27717265,Élysée,,Room in boutique hotel,Hotel room,271,4,within a day,100.0,https://a0.muscache.com/pictures/f0d3cf80-ed8f-4860-b8cd-3c2758519312.jpg,-1,-1
27717267,Élysée,,Room in boutique hotel,Hotel room,232,4,within a day,100.0,https://a0.muscache.com/pictures/abfbff2b-ed66-4e3f-9f90-a4c3b4736646.jpg,-1,-1
27717270,Élysée,,Room in boutique hotel,Hotel room,330,4,within a day,100.0,https://a0.muscache.com/pictures/c47a1f48-47b1-4d92-9dd1-8eab7bccaf0c.jpg,-1,-1
27717274,Élysée,,Room in boutique hotel,Hotel room,344,4,within a day,100.0,https://a0.muscache.com/pictures/74735365-3825-4e91-a85e-ae8a5f3b3d28.jpg,-1,-1
28043062,Élysée,,Entire rental unit,Entire home/apt,0,1,within an hour,100.0,https://a0.muscache.com/pictures/b9993c41-d457-4275-916a-59e6972a9d02.jpg,-1,-1
28097256,Élysée,,Entire rental unit,Entire home/apt,295,1,within a day,100.0,https://a0.muscache.com/pictures/miso/Hosting-28097256/original/e121e49c-3cc7-43cc-9816-956f5a66c559.jpeg,-1,-1
28273412,Élysée,,Entire rental unit,Entire home/apt,225,4,within an hour,100.0,https://a0.muscache.com/pictures/hosting/Hosting-28273412/original/7663e325-448c-4084-9064-646e60b7ab82.jpeg,-1,-1
28273467,Élysée,,Entire rental unit,Entire home/apt,234,4,within an hour,100.0,https://a0.muscache.com/pictures/hosting/Hosting-28273467/original/8c9159db-6dcc-469a-b93d-844781b08978.jpeg,-1,-1
28784098,Élysée,,Entire rental unit,Entire home/apt,0,2,,,https://a0.muscache.com/pictures/6f96684e-3156-4a28-8434-25c5473de226.jpg,-1,-1
29155878,Élysée,,Entire rental unit,Entire home/apt,0,1,,,https://a0.muscache.com/pictures/03b1462c-0264-4088-9330-3cfd4cac4c20.jpg,-1,-1
29024694,Élysée,,Room in boutique hotel,Hotel room,50,4,,,https://a0.muscache.com/pictures/miso/Hosting-29024694/original/5f23745a-ac93-4e33-9107-5533b905d7f2.jpeg,-1,-1
29024697,Élysée,,Room in boutique hotel,Hotel room,52,4,,,https://a0.muscache.com/pictures/c5c9f816-47b7-4aa8-8d3b-67420230898b.jpg,-1,-1
29024700,Élysée,,Room in boutique hotel,Hotel room,50,4,,,https://a0.muscache.com/pictures/miso/Hosting-29024700/original/42958bb4-072a-41ba-b30c-189bd315b8ce.jpeg,-1,-1
29024703,Élysée,,Room in boutique hotel,Hotel room,52,4,,,https://a0.muscache.com/pictures/942704ef-09dd-4d16-a664-5376f3f232e9.jpg,-1,-1
29052649,Élysée,,Entire rental unit,Entire home/apt,0,1,,,https://a0.muscache.com/pictures/78ebcb6e-d4d6-4f59-b1dc-ea4461dcc76f.jpg,-1,-1
29295556,Élysée,,Entire rental unit,Entire home/apt,0,1,,,https://a0.muscache.com/pictures/ab081b10-c72d-46e8-9ca6-32bad3d40f2c.jpg,-1,-1
29814060,Élysée,,Entire rental unit,Entire home/apt,31,1,within an hour,100.0,https://a0.muscache.com/pictures/66c7a243-0516-4a90-b1e2-0965a1cc50b4.jpg,-1,-1
29854959,Élysée,,Entire rental unit,Entire home/apt,87,1,,,https://a0.muscache.com/pictures/d2b94655-df41-4266-8f7a-ee24ab52f99a.jpg,-1,-1
29951698,Élysée,,Entire rental unit,Entire home/apt,0,1,,,https://a0.muscache.com/pictures/3d61fb0a-9c49-4f5f-bba0-ece17e2bcf06.jpg,-1,-1
29982991,Élysée,,Entire condo,Entire home/apt,363,1,,,https://a0.muscache.com/pictures/ce7ad975-f683-4b6c-9583-53c4afd615e4.jpg,-1,-1
30142503,Élysée,,Entire rental unit,Entire home/apt,0,1,,,https://a0.muscache.com/pictures/680a9706-ecf1-473e-bbf1-369f7793705f.jpg,-1,-1
30166721,Élysée,,Entire rental unit,Entire home/apt,0,1,,,https://a0.muscache.com/pictures/fe9ccc76-3413-49e7-83db-5078fe06fba6.jpg,-1,-1
30483712,Élysée,,Entire rental unit,Entire home/apt,202,2,within an hour,100.0,https://a0.muscache.com/pictures/hosting/Hosting-30483712/original/a9ddade7-2f38-4200-a8e8-0233cc8241a8.jpeg,-1,-1
30346555,Élysée,,Private room in rental unit,Private room,0,1,,,https://a0.muscache.com/pictures/5dadecee-d218-40f4-99c0-2e28c25f7a7c.jpg,-1,-1
30393336,Élysée,,Entire rental unit,Entire home/apt,222,6,within an hour,100.0,https://a0.muscache.com/pictures/prohost-api/Hosting-30393336/original/02984305-594c-467e-be18-c859078834bd.jpeg,-1,-1
30394569,Élysée,,Entire rental unit,Entire home/apt,236,6,within an hour,100.0,https://a0.muscache.com/pictures/prohost-api/Hosting-30394569/original/48b851aa-2bfb-49b7-8d40-f1c927a8fd6e.jpeg,-1,-1
30394812,Élysée,,Entire rental unit,Entire home/apt,255,6,within an hour,100.0,https://a0.muscache.com/pictures/prohost-api/Hosting-30394812/original/2efe573e-6b6f-4e44-a432-9b65a9a88752.jpeg,-1,-1
30422467,Élysée,,Entire rental unit,Entire home/apt,0,1,,,https://a0.muscache.com/pictures/1cfd6134-647f-4f3d-8623-1143624ee418.jpg,-1,-1
30734076,Élysée,,Entire rental unit,Entire home/apt,152,1,within a few hours,100.0,https://a0.muscache.com/pictures/729145e3-136b-4171-9157-95389095760c.jpg,-1,-1
30739714,Élysée,,Entire rental unit,Entire home/apt,0,2,,,https://a0.muscache.com/pictures/d1249fc4-2dd0-46b1-a176-56c601aa0894.jpg,-1,-1
30782343,Élysée,,Entire rental unit,Entire home/apt,300,26,within an hour,100.0,https://a0.muscache.com/pictures/prohost-api/Hosting-30782343/original/12a3e931-30ec-43d7-a82b-c4850cabe06f.jpeg,-1,-1
31203256,Élysée,,Entire rental unit,Entire home/apt,358,1,,,https://a0.muscache.com/pictures/347f50cf-0006-4c0c-98ec-ecb3564dbe3b.jpg,-1,-1
31405044,Élysée,,Entire rental unit,Entire home/apt,310,14,within an hour,100.0,https://a0.muscache.com/pictures/daa7e667-b48e-49f9-bd79-acffb40e4d64.jpg,-1,-1
31414254,Élysée,,Entire rental unit,Entire home/apt,0,1,,,https://a0.muscache.com/pictures/add68c58-bf86-4641-b92c-1fc862058b9e.jpg,-1,-1
31540364,Élysée,,Entire rental unit,Entire home/apt,254,1,within an hour,100.0,https://a0.muscache.com/pictures/dcfcbf5c-589c-4d16-aea3-f4b84f8bbca4.jpg,-1,-1
31579911,Élysée,,Entire rental unit,Entire home/apt,254,1,,,https://a0.muscache.com/pictures/miso/Hosting-31579911/original/61577df5-b5f2-44e7-a952-b59c565fc45f.jpeg,-1,-1
32279110,Élysée,,Entire rental unit,Entire home/apt,319,2,within an hour,100.0,https://a0.muscache.com/pictures/miso/Hosting-32279110/original/63a9d0a3-6799-4f73-83fc-339b8a59d25d.png,-1,-1
32336751,Élysée,,Entire rental unit,Entire home/apt,0,1,,,https://a0.muscache.com/pictures/9a0ead8e-9e63-46ba-a147-18cd9a253c1e.jpg,-1,-1
32348407,Élysée,,Entire rental unit,Entire home/apt,0,1,,,https://a0.muscache.com/pictures/a904763c-6c5a-4ffd-b962-9b62c5560e9f.jpg,-1,-1
32355100,Élysée,,Room in boutique hotel,Hotel room,315,3,within an hour,100.0,https://a0.muscache.com/pictures/91a38c47-6125-4def-abda-b30f059f683a.jpg,-1,-1
32355103,Élysée,,Room in boutique hotel,Hotel room,316,3,within an hour,100.0,https://a0.muscache.com/pictures/54f7ca4b-dbc5-4367-acc3-eb8d87d88013.jpg,-1,-1
32100221,Élysée,,Entire townhouse,Entire home/apt,74,1,within a few hours,100.0,https://a0.muscache.com/pictures/hosting/Hosting-U3RheVN1cHBseUxpc3Rpbmc6MzIxMDAyMjE=/original/95ad8d81-1f27-46b0-ad2f-6ca955dfc17f.jpeg,-1,-1
32355105,Élysée,,Room in boutique hotel,Hotel room,291,3,within an hour,100.0,https://a0.muscache.com/pictures/80782d0d-d82e-4394-ba8a-d29883a8b5e9.jpg,-1,-1
32536289,Élysée,,Entire rental unit,Entire home/apt,343,9,within an hour,100.0,https://a0.muscache.com/pictures/505536df-6279-4684-bfb6-917973f5b9b4.jpg,-1,-1
32639989,Élysée,,Entire rental unit,Entire home/apt,187,1,,,https://a0.muscache.com/pictures/hosting/Hosting-U3RheVN1cHBseUxpc3Rpbmc6MzI2Mzk5ODk=/original/a172b2e7-434a-4e98-89e4-3f01880d5300.jpeg,-1,-1
32951261,Élysée,,Entire rental unit,Entire home/apt,0,2,,,https://a0.muscache.com/pictures/d087a94b-dfdd-486e-9f8a-a3de3cef3414.jpg,-1,-1
32958902,Élysée,,Entire rental unit,Entire home/apt,0,1,,,https://a0.muscache.com/pictures/bf9b3660-36ab-4d4c-bae7-cad6b0d77042.jpg,-1,-1
32963578,Élysée,,Entire rental unit,Entire home/apt,126,1,within a few hours,100.0,https://a0.muscache.com/pictures/hosting/Hosting-U3RheVN1cHBseUxpc3Rpbmc6MzI5NjM1Nzg=/original/b8f5de4a-a0a1-4f18-863d-b019ceb62f92.jpeg,-1,-1
32972091,Élysée,,Entire rental unit,Entire home/apt,165,26,within an hour,100.0,https://a0.muscache.com/pictures/prohost-api/Hosting-32972091/original/70400f8e-7cc8-4ae2-ba09-b338540fc8bc.jpeg,-1,-1
32977710,Élysée,,Entire rental unit,Entire home/apt,200,170,within an hour,95.0,https://a0.muscache.com/pictures/a77b1fbc-326b-4365-9056-6bf70eaee444.jpg,-1,-1
32741522,Élysée,,Entire rental unit,Entire home/apt,89,1,within an hour,100.0,https://a0.muscache.com/pictures/e23f8d76-3db9-4562-ae8e-5e36677c6c5b.jpg,-1,-1
33009623,Élysée,,Entire condo,Entire home/apt,0,1,,,https://a0.muscache.com/pictures/66a6f3bc-6608-4c7f-83ec-882236da119b.jpg,-1,-1
33031803,Élysée,,Entire rental unit,Entire home/apt,0,1,,,https://a0.muscache.com/pictures/7913c18b-f872-400f-a6ef-8720807d3b84.jpg,-1,-1
33092275,Élysée,,Entire rental unit,Entire home/apt,317,57,,,https://a0.muscache.com/pictures/prohost-api/Hosting-33092275/original/a8dc17c5-a9a2-4671-8f03-95129afb37a8.jpeg,-1,-1
33327283,Élysée,,Entire rental unit,Entire home/apt,0,1,,,https://a0.muscache.com/pictures/f69a4231-b1d2-4e13-985d-25855c4de463.jpg,-1,-1
33103240,Élysée,,Entire rental unit,Entire home/apt,0,1,,,https://a0.muscache.com/pictures/e3aa9319-549e-4406-9be3-70ec7b0aef3e.jpg,-1,-1
33516158,Élysée,,Room in boutique hotel,Hotel room,0,7,,,https://a0.muscache.com/pictures/hosting/Hosting-U3RheVN1cHBseUxpc3Rpbmc6MzM1MTYxNTg%3D/original/bdb3b090-303b-4e0e-a881-f5e0fa38feb9.jpeg,-1,-1
33516162,Élysée,,Room in boutique hotel,Hotel room,0,7,,,https://a0.muscache.com/pictures/hosting/Hosting-U3RheVN1cHBseUxpc3Rpbmc6MzM1MTYxNjI%3D/original/205512a9-0102-4884-b5d7-a7d99deab018.jpeg,-1,-1
33516164,Élysée,,Room in boutique hotel,Hotel room,0,7,,,https://a0.muscache.com/pictures/hosting/Hosting-U3RheVN1cHBseUxpc3Rpbmc6MzM1MTYxNjQ%3D/original/ccdc88be-bbb7-43ac-bd56-01cd8ca8fc15.jpeg,-1,-1
33516166,Élysée,,Room in boutique hotel,Hotel room,0,7,,,https://a0.muscache.com/pictures/hosting/Hosting-U3RheVN1cHBseUxpc3Rpbmc6MzM1MTYxNjY%3D/original/401cd499-0c01-4d0d-b8d2-6fe258998a52.jpeg,-1,-1
33516172,Élysée,,Room in boutique hotel,Hotel room,0,7,,,https://a0.muscache.com/pictures/hosting/Hosting-U3RheVN1cHBseUxpc3Rpbmc6MzM1MTYxNzI%3D/original/1bd4b259-32f7-4a6d-885e-e27230d359e7.jpeg,-1,-1
33516176,Élysée,,Room in boutique hotel,Hotel room,0,7,,,https://a0.muscache.com/pictures/hosting/Hosting-U3RheVN1cHBseUxpc3Rpbmc6MzM1MTYxNzY%3D/original/e572be1f-e8cf-432e-b051-a97364f7be03.jpeg,-1,-1
33516177,Élysée,,Room in boutique hotel,Hotel room,0,7,,,https://a0.muscache.com/pictures/hosting/Hosting-U3RheVN1cHBseUxpc3Rpbmc6MzM1MTYxNzc%3D/original/cf3ca864-c5c8-4114-931a-01a406d3ec1e.jpeg,-1,-1
33468448,Élysée,,Entire rental unit,Entire home/apt,53,1,within an hour,100.0,https://a0.muscache.com/pictures/hosting/Hosting-U3RheVN1cHBseUxpc3Rpbmc6MzM0Njg0NDg%3D/original/39d0abe1-ce48-43b9-ae82-88213bb3a694.jpeg,-1,-1
33684178,Élysée,,Entire rental unit,Entire home/apt,0,2,,,https://a0.muscache.com/pictures/d7764bd5-a6b3-4a35-8798-f2629c7d297e.jpg,-1,-1
33696094,Élysée,,Entire rental unit,Entire home/apt,28,1,,,https://a0.muscache.com/pictures/039c3e99-8557-4acc-9f9e-f6260406071f.jpg,-1,-1
33709275,Élysée,,Private room in rental unit,Private room,0,1,,,https://a0.muscache.com/pictures/48941dad-6f1a-4a0f-bf7c-5f956e454554.jpg,-1,-1
33713240,Élysée,,Entire rental unit,Entire home/apt,0,1,,,https://a0.muscache.com/pictures/51031dd0-cd23-4654-8ac4-5c980cc1f8d9.jpg,-1,-1
33921773,Élysée,,Room in boutique hotel,Hotel room,220,2,a few days or more,0.0,https://a0.muscache.com/pictures/miso/Hosting-33921773/original/e07a02ed-2d67-4d89-aa70-13496e012fd2.jpeg,-1,-1
33921781,Élysée,,Room in boutique hotel,Hotel room,220,2,a few days or more,0.0,https://a0.muscache.com/pictures/miso/Hosting-33921781/original/913f35d5-fe8a-4444-8203-364dcff6b325.jpeg,-1,-1
33840036,Élysée,,Entire rental unit,Entire home/apt,0,1,,,https://a0.muscache.com/pictures/4e408eb6-c102-4513-836a-0d20cd414fa9.jpg,-1,-1
34112138,Élysée,,Entire rental unit,Entire home/apt,0,1,,,https://a0.muscache.com/pictures/369f89ba-5ca0-4432-b47b-a95af6c7e793.jpg,-1,-1
34326913,Élysée,,Entire rental unit,Entire home/apt,223,2,within an hour,100.0,https://a0.muscache.com/pictures/d9480a01-9cc1-48b6-89a7-4e94e9263de3.jpg,-1,-1
34333021,Élysée,,Entire rental unit,Entire home/apt,0,1,within an hour,100.0,https://a0.muscache.com/pictures/a6c60114-d59d-47a8-ac7a-10e8834bddde.jpg,-1,-1
34246778,Élysée,,Entire rental unit,Entire home/apt,116,1,,,https://a0.muscache.com/pictures/miso/Hosting-34246778/original/30517e38-48a8-4cf7-a019-4658f79a11f6.jpeg,-1,-1
34508745,Élysée,,Entire rental unit,Entire home/apt,0,1,,,https://a0.muscache.com/pictures/1d02eb0c-8b82-4e1a-af9c-6d6df0257dd7.jpg,-1,-1
34295818,Élysée,,Entire rental unit,Entire home/apt,9,1,within a few hours,90.0,https://a0.muscache.com/pictures/e0a06546-d7f4-4953-8950-e193391169b6.jpg,-1,-1
34419260,Élysée,,Entire rental unit,Entire home/apt,0,1,,,https://a0.muscache.com/pictures/8ab56db2-f773-415e-b634-4e865461e381.jpg,-1,-1
34435669,Élysée,,Entire rental unit,Entire home/apt,127,1,within an hour,100.0,https://a0.muscache.com/pictures/hosting/Hosting-34435669/original/6eb76a57-33ca-4bbd-a365-a0582e1d1b6e.jpeg,-1,-1
34461006,Élysée,,Entire rental unit,Entire home/apt,37,24,within an hour,100.0,https://a0.muscache.com/pictures/hosting/Hosting-U3RheVN1cHBseUxpc3Rpbmc6MzQ0NjEwMDY=/original/9707871b-31d7-4e92-8eef-87f04e71eb24.jpeg,-1,-1
34715119,Élysée,,Entire rental unit,Entire home/apt,363,1,,,https://a0.muscache.com/pictures/1ea1d9e7-9854-4bdc-ba44-ab9b6053d648.jpg,-1,-1
34926352,Élysée,,Room in boutique hotel,Hotel room,0,2,,,https://a0.muscache.com/pictures/34a1bf26-b480-43a7-84fe-28138ac5b063.jpg,-1,-1
34926355,Élysée,,Room in boutique hotel,Hotel room,0,2,,,https://a0.muscache.com/pictures/3d35a718-5442-46fb-88ea-5151a7dd2cf9.jpg,-1,-1
35159755,Élysée,,Room in boutique hotel,Hotel room,0,7,,,https://a0.muscache.com/pictures/40bbb091-d635-4d51-828b-4221fecdda89.jpg,-1,-1
35159761,Élysée,,Room in boutique hotel,Hotel room,0,7,,,https://a0.muscache.com/pictures/5af4915a-3c1c-455e-8f79-02897248c167.jpg,-1,-1
35159762,Élysée,,Room in boutique hotel,Hotel room,0,7,,,https://a0.muscache.com/pictures/6f88b689-7abb-4e04-b470-ea220424bb5d.jpg,-1,-1
35159766,Élysée,,Room in boutique hotel,Hotel room,0,7,,,https://a0.muscache.com/pictures/2b86de85-52d4-48ca-a601-03f09e0abb28.jpg,-1,-1
35159770,Élysée,,Room in boutique hotel,Hotel room,0,7,,,https://a0.muscache.com/pictures/53206eb5-e7d3-4530-8028-74e541dfa66c.jpg,-1,-1
35159773,Élysée,,Room in boutique hotel,Hotel room,0,7,,,https://a0.muscache.com/pictures/b75ec7c8-8721-4756-bb97-236a167a33bd.jpg,-1,-1
35186889,Élysée,,Entire home,Entire home/apt,256,10,within an hour,100.0,https://a0.muscache.com/pictures/hosting/Hosting-U3RheVN1cHBseUxpc3Rpbmc6MzUxODY4ODk%3D/original/00b716f8-f729-4c3c-83bf-903a6ce50ae4.jpeg,-1,-1
35147937,Élysée,,Room in boutique hotel,Hotel room,0,6,,,https://a0.muscache.com/pictures/9ae3c2cf-d29c-498f-8edb-f0c9bd2240d5.jpg,-1,-1
35147944,Élysée,,Room in boutique hotel,Hotel room,0,6,,,https://a0.muscache.com/pictures/6dc88a89-552b-479d-85db-44866a394993.jpg,-1,-1
35147946,Élysée,,Room in boutique hotel,Hotel room,0,6,,,https://a0.muscache.com/pictures/8897fc72-8de4-4f3f-9bdc-432b97d988c1.jpg,-1,-1
35196328,Élysée,,Private room in rental unit,Private room,95,1,within an hour,100.0,https://a0.muscache.com/pictures/miso/Hosting-35196328/original/76445b95-3688-4915-88d9-0dbc3716b41d.jpeg,-1,-1
35147953,Élysée,,Room in boutique hotel,Hotel room,0,6,,,https://a0.muscache.com/pictures/7418d662-6470-4870-9333-9f18fb8530ef.jpg,-1,-1
35147956,Élysée,,Room in boutique hotel,Hotel room,0,6,,,https://a0.muscache.com/pictures/980ccfed-2d03-4e6c-aa69-9d20e27023ab.jpg,-1,-1
35020531,Élysée,,Entire rental unit,Entire home/apt,361,1,,,https://a0.muscache.com/pictures/a8a87e30-4653-4fea-a832-967654fd3859.jpg,-1,-1
35381111,Élysée,,Entire rental unit,Entire home/apt,89,1,,,https://a0.muscache.com/pictures/2ed277f5-1cdd-46cb-9490-615acc6e74ad.jpg,-1,-1
35286204,Élysée,,Entire rental unit,Entire home/apt,0,1,,,https://a0.muscache.com/pictures/4c2c945f-58a6-4ae2-8040-d2e4061d1487.jpg,-1,-1
35295765,Élysée,,Entire rental unit,Entire home/apt,87,1,,,https://a0.muscache.com/pictures/abd57439-6ea0-4542-b2ab-bb9bd38edc27.jpg,-1,-1
35297767,Élysée,,Entire rental unit,Entire home/apt,0,1,within an hour,100.0,https://a0.muscache.com/pictures/5518a3df-fd87-4108-a35b-374faed1125e.jpg,-1,-1
35252063,Élysée,,Entire rental unit,Entire home/apt,53,2,within an hour,100.0,https://a0.muscache.com/pictures/hosting/Hosting-U3RheVN1cHBseUxpc3Rpbmc6MzUyNTIwNjM%3D/original/5f25bb93-4195-4817-9a30-bc9b0eeeba56.jpeg,-1,-1
35448573,Élysée,,Room in boutique hotel,Hotel room,0,7,,,https://a0.muscache.com/pictures/326d11e9-2b7b-49cd-a498-a519e8224b50.jpg,-1,-1
35341061,Élysée,,Entire loft,Entire home/apt,0,1,within an hour,100.0,https://a0.muscache.com/pictures/hosting/Hosting-U3RheVN1cHBseUxpc3Rpbmc6MzUzNDEwNjE%3D/original/6721a619-767e-429d-a85d-c9d03a85227f.jpeg,-1,-1
35570479,Élysée,,Entire rental unit,Entire home/apt,0,1,,,https://a0.muscache.com/pictures/f3f2c79c-188d-460e-8170-4e2fd1abcc00.jpg,-1,-1
35457466,Élysée,,Entire rental unit,Entire home/apt,301,2,within an hour,100.0,https://a0.muscache.com/pictures/26ee8350-bbda-45c2-9b7a-8a8dc6a99c25.jpg,-1,-1
35359292,Élysée,,Room in boutique hotel,Hotel room,0,7,,,https://a0.muscache.com/pictures/a869796d-cf30-4965-bee1-5d577bb2ad05.jpg,-1,-1
35359295,Élysée,,Room in boutique hotel,Hotel room,0,7,,,https://a0.muscache.com/pictures/890804e6-b1d3-4956-9cdf-c3bf630d10f0.jpg,-1,-1
35577757,Élysée,,Entire rental unit,Entire home/apt,87,1,,,https://a0.muscache.com/pictures/a88da058-830e-42d4-be8a-99827809d7a8.jpg,-1,-1
35479359,Élysée,,Room in boutique hotel,Hotel room,0,7,,,https://a0.muscache.com/pictures/9bc4523f-79fc-4dd4-94d8-de1ea79cdca1.jpg,-1,-1
35371490,Élysée,,Room in boutique hotel,Hotel room,0,6,,,https://a0.muscache.com/pictures/hosting/Hosting-U3RheVN1cHBseUxpc3Rpbmc6MzUzNzE0OTA%3D/original/54ee6be1-f26b-4e01-abf2-3014ddbb7e64.jpeg,-1,-1
35371493,Élysée,,Room in boutique hotel,Hotel room,0,6,,,https://a0.muscache.com/pictures/miso/Hosting-35371493/original/9ffb9598-b40f-4d74-81d4-4641bc8aa6e0.jpeg,-1,-1
35479494,Élysée,,Room in boutique hotel,Hotel room,0,7,,,https://a0.muscache.com/pictures/15abf34b-9354-493b-85db-4d822e183c51.jpg,-1,-1
35479496,Élysée,,Room in boutique hotel,Hotel room,0,7,,,https://a0.muscache.com/pictures/2d476ff7-757f-45d4-88a4-6f81ea57c2f5.jpg,-1,-1
35479659,Élysée,,Room in boutique hotel,Hotel room,0,7,,,https://a0.muscache.com/pictures/dfdd8db6-7519-4010-a407-e8e5af107e21.jpg,-1,-1
35371500,Élysée,,Room in boutique hotel,Hotel room,0,6,,,https://a0.muscache.com/pictures/miso/Hosting-35371500/original/58d515f7-e21b-4930-86fb-fee5960bd287.jpeg,-1,-1
35371512,Élysée,,Room in boutique hotel,Hotel room,0,6,,,https://a0.muscache.com/pictures/miso/Hosting-35371512/original/9cf40f9e-097b-4f0d-b22f-4a219efd9eb3.jpeg,-1,-1
35632139,Élysée,,Entire rental unit,Entire home/apt,179,1,a few days or more,0.0,https://a0.muscache.com/pictures/2a934744-2936-4ace-838d-ecbf79f48ed5.jpg,-1,-1
35748350,Élysée,,Entire rental unit,Entire home/apt,294,2,within an hour,90.0,https://a0.muscache.com/pictures/miso/Hosting-35748350/original/abd49248-9700-48db-8dc4-6ec21a7b0eb9.jpeg,-1,-1
35767920,Élysée,,Entire rental unit,Entire home/apt,0,1,,,https://a0.muscache.com/pictures/c9fd5e82-bcc0-45f5-82c7-e921817a5126.jpg,-1,-1
35864902,Élysée,,Entire rental unit,Entire home/apt,363,1,within a few hours,100.0,https://a0.muscache.com/pictures/9c8424e7-8384-4233-965b-5def7e199bdf.jpg,-1,-1
35778732,Élysée,,Room in boutique hotel,Hotel room,0,4,,,https://a0.muscache.com/pictures/58e4ab67-a477-4d86-9d5f-4033c72cdf38.jpg,-1,-1
35997580,Élysée,,Entire rental unit,Entire home/apt,108,1,within an hour,100.0,https://a0.muscache.com/pictures/hosting/Hosting-U3RheVN1cHBseUxpc3Rpbmc6MzU5OTc1ODA%3D/original/e24faedf-e4ae-4876-bc07-d1b3fc317f6b.jpeg,-1,-1
36012650,Élysée,,Entire rental unit,Entire home/apt,31,2,within an hour,100.0,https://a0.muscache.com/pictures/hosting/Hosting-U3RheVN1cHBseUxpc3Rpbmc6MzYwMTI2NTA%3D/original/40bbdc14-a9c1-4457-b002-af1a6856c928.jpeg,-1,-1
36014345,Élysée,,Entire guesthouse,Entire home/apt,363,1,,,https://a0.muscache.com/pictures/df4de912-2e9e-4780-915c-a043aadd218d.jpg,-1,-1
35896958,Élysée,,Room in boutique hotel,Hotel room,322,5,within a few hours,100.0,https://a0.muscache.com/pictures/miso/Hosting-35896958/original/1c5091fc-e1ba-4585-8cb0-98eabdf01cca.jpeg,-1,-1
35896959,Élysée,,Room in boutique hotel,Hotel room,327,5,within a few hours,100.0,https://a0.muscache.com/pictures/f9bf8690-a92a-4b3e-81f3-09d171860e07.jpg,-1,-1
35896962,Élysée,,Room in boutique hotel,Hotel room,343,5,within a few hours,100.0,https://a0.muscache.com/pictures/7370e427-619a-40f5-8671-9211e5bfeb0a.jpg,-1,-1
35896965,Élysée,,Room in boutique hotel,Hotel room,299,5,within a few hours,100.0,https://a0.muscache.com/pictures/b4c013fc-a39b-4cb6-99f5-cee761109093.jpg,-1,-1
35896973,Élysée,,Room in boutique hotel,Hotel room,264,5,within a few hours,100.0,https://a0.muscache.com/pictures/04f3f5e8-e422-4451-81f3-eb65b0f77524.jpg,-1,-1
35898526,Élysée,,Room in boutique hotel,Hotel room,0,4,,,https://a0.muscache.com/pictures/miso/Hosting-35898526/original/be9dc0e8-23d2-4a3e-9ade-b67df31d8fcb.jpeg,-1,-1
35898528,Élysée,,Room in boutique hotel,Hotel room,0,4,,,https://a0.muscache.com/pictures/miso/Hosting-35898528/original/7331d1c1-c15e-4f6f-b95f-9b1111979780.jpeg,-1,-1
35898532,Élysée,,Room in boutique hotel,Hotel room,0,4,,,https://a0.muscache.com/pictures/miso/Hosting-35898532/original/257e1202-c8ca-4ede-adbb-5cf6d31cd628.jpeg,-1,-1
35898534,Élysée,,Room in boutique hotel,Hotel room,0,4,,,https://a0.muscache.com/pictures/miso/Hosting-35898534/original/4ea3b578-8d5c-44a8-858e-91b567b8a57e.jpeg,-1,-1
35898741,Élysée,,Room in boutique hotel,Hotel room,115,4,within an hour,100.0,https://a0.muscache.com/pictures/fc912ef2-1b89-4592-a660-a5f69e04d4f6.jpg,-1,-1
35898747,Élysée,,Room in boutique hotel,Hotel room,100,4,within an hour,100.0,https://a0.muscache.com/pictures/3e3492ee-6fda-47f4-bdbb-b5b454605d82.jpg,-1,-1
36044757,Élysée,,Entire rental unit,Entire home/apt,3,2,within an hour,100.0,https://a0.muscache.com/pictures/prohost-api/Hosting-36044757/original/64c1963d-aa4f-4663-8268-951bdb0baef5.jpeg,-1,-1
35898750,Élysée,,Room in boutique hotel,Hotel room,116,4,within an hour,100.0,https://a0.muscache.com/pictures/4f22a948-e155-4a6e-abe2-70bad4706ddb.jpg,-1,-1
35898752,Élysée,,Room in boutique hotel,Hotel room,145,4,within an hour,100.0,https://a0.muscache.com/pictures/ef99919d-aaba-41de-a2f8-91b44a7f7ef6.jpg,-1,-1
35901807,Élysée,,Entire rental unit,Entire home/apt,0,1,,,https://a0.muscache.com/pictures/5cb4e8b4-9ef8-4ede-ad5c-3d1ffcaddca5.jpg,-1,-1
36198729,Élysée,,Entire rental unit,Entire home/apt,183,3,within an hour,100.0,https://a0.muscache.com/pictures/4258dad2-1513-468a-9903-5b4734bd36cd.jpg,-1,-1
35934794,Élysée,,Entire rental unit,Entire home/apt,0,1,,,https://a0.muscache.com/pictures/d35b4c59-3051-42f8-ba1f-02e90a0dfc66.jpg,-1,-1
36248325,Élysée,,Room in serviced apartment,Hotel room,56,2,within an hour,67.0,https://a0.muscache.com/pictures/miso/Hosting-36248325/original/4acf608a-1cdb-49ed-b83b-7152f1c092b8.jpeg,-1,-1
36248931,Élysée,,Room in serviced apartment,Hotel room,49,2,within an hour,67.0,https://a0.muscache.com/pictures/miso/Hosting-36248931/original/1a9af7b7-5a2a-4cd9-b556-e5edccdcd721.jpeg,-1,-1
36404777,Élysée,,Entire rental unit,Entire home/apt,0,1,,,https://a0.muscache.com/pictures/60e29d63-e8d0-45a7-8ee4-325dd230ea19.jpg,-1,-1
36265154,Élysée,,Entire rental unit,Entire home/apt,79,1,within a few hours,88.0,https://a0.muscache.com/pictures/8403f30c-30a0-467c-a1be-fa8eb597fc34.jpg,-1,-1
36187155,Élysée,,Private room in rental unit,Private room,61,2,within a day,70.0,https://a0.muscache.com/pictures/3dad406a-49f1-4955-b4a3-8db2e12c7512.jpg,-1,-1
36499737,Élysée,,Entire rental unit,Entire home/apt,44,14,within an hour,100.0,https://a0.muscache.com/pictures/prohost-api/Hosting-36499737/original/5f29740f-19a8-458d-98f9-0116a989e211.jpeg,-1,-1
36506551,Élysée,,Entire rental unit,Entire home/apt,327,1,within an hour,100.0,https://a0.muscache.com/pictures/a6e6a33f-cc2d-4124-ade2-e420df38fe32.jpg,-1,-1
36616470,Élysée,,Entire rental unit,Entire home/apt,7,1,within an hour,100.0,https://a0.muscache.com/pictures/9de5a856-440a-4be1-a9cb-29cddbf573b2.jpg,-1,-1
36660865,Élysée,,Entire rental unit,Entire home/apt,0,1,,,https://a0.muscache.com/pictures/a6dbc24e-779d-4b59-8547-b1b8cf093e1c.jpg,-1,-1
36683042,Élysée,,Entire rental unit,Entire home/apt,0,35,within an hour,100.0,https://a0.muscache.com/pictures/miso/Hosting-36683042/original/e2fcc786-b7c0-4788-865c-bb33291bc949.jpeg,-1,-1
36590864,Élysée,,Entire rental unit,Entire home/apt,347,90,within a day,74.0,https://a0.muscache.com/pictures/cf7591fd-d56f-4cc1-8a80-9ca7b711b1f0.jpg,-1,-1
37046265,Élysée,,Entire rental unit,Entire home/apt,0,1,,,https://a0.muscache.com/pictures/87a5feb0-0f1a-4c1c-8124-34f11fe04737.jpg,-1,-1
37108823,Élysée,,Room in boutique hotel,Hotel room,0,1,,,https://a0.muscache.com/pictures/f6382b18-4ed0-4ceb-a808-9f6323ce926b.jpg,-1,-1
37342445,Élysée,,Private room in rental unit,Private room,0,1,,,https://a0.muscache.com/pictures/a6fb3cc1-e2e1-4743-b328-d741cc4de2cc.jpg,-1,-1
37797318,Élysée,,Entire rental unit,Entire home/apt,269,1,,,https://a0.muscache.com/pictures/c87eaa11-88c9-438b-b7fb-83a6c547f43d.jpg,-1,-1
37547148,Élysée,,Entire rental unit,Entire home/apt,0,1,,,https://a0.muscache.com/pictures/bf882787-4c8e-41f8-8ce7-882952c94af2.jpg,-1,-1
38310764,Élysée,,Entire rental unit,Entire home/apt,0,1,,,https://a0.muscache.com/pictures/1a06907a-753f-4012-92c3-297c309022f4.jpg,-1,-1
38068814,Élysée,,Entire rental unit,Entire home/apt,0,1,,,https://a0.muscache.com/pictures/cb4230d3-dc4a-4ffc-8c65-7ca0c75e154f.jpg,-1,-1
38178373,Élysée,,Entire condo,Entire home/apt,48,5,within an hour,100.0,https://a0.muscache.com/pictures/miso/Hosting-38178373/original/85798266-fd9c-44a0-9d18-aeace773dcaf.jpeg,-1,-1
38398716,Élysée,,Entire rental unit,Entire home/apt,148,2,within a few hours,100.0,https://a0.muscache.com/pictures/30386fda-9784-4f3f-92bf-f34a9d25bad5.jpg,-1,-1
38507623,Élysée,,Entire rental unit,Entire home/apt,364,1,,,https://a0.muscache.com/pictures/8cd676eb-561e-4a83-a3dd-e0f179b741c4.jpg,-1,-1
38512078,Élysée,,Entire condo,Entire home/apt,196,2,within a few hours,100.0,https://a0.muscache.com/pictures/hosting/Hosting-38512078/original/c30708a6-70fb-40c9-855d-053ed5478605.jpeg,-1,-1
38259986,Élysée,,Entire rental unit,Entire home/apt,0,1,,,https://a0.muscache.com/pictures/e916cf05-a93d-4bdd-ac09-7bdba04da7f2.jpg,-1,-1
38271967,Élysée,,Entire rental unit,Entire home/apt,0,1,within an hour,100.0,https://a0.muscache.com/pictures/f6b83a47-0446-4aeb-8d88-bc20e64b1017.jpg,-1,-1
38749676,Élysée,,Room in boutique hotel,Private room,244,11,within an hour,87.0,https://a0.muscache.com/pictures/miso/Hosting-38749676/original/98301654-89d7-4e9a-bbd4-d72457598ec8.jpeg,-1,-1
38892185,Élysée,,Room in boutique hotel,Private room,250,7,within an hour,100.0,https://a0.muscache.com/pictures/614167f1-3fd8-4a2a-a29a-fdfeeb4ad706.jpg,-1,-1
38894910,Élysée,,Room in boutique hotel,Private room,246,7,within an hour,100.0,https://a0.muscache.com/pictures/miso/Hosting-38894910/original/3c56a009-3938-4cd6-bed1-8674297af8e0.jpeg,-1,-1
38896346,Élysée,,Room in boutique hotel,Private room,257,11,within an hour,87.0,https://a0.muscache.com/pictures/1a8b6370-5932-419b-95b4-7af08a32c216.jpg,-1,-1
38897031,Élysée,,Room in boutique hotel,Private room,254,11,within an hour,87.0,https://a0.muscache.com/pictures/71da24ca-752c-44cf-a978-ffb2467a5f74.jpg,-1,-1
38897336,Élysée,,Room in boutique hotel,Private room,257,11,within an hour,87.0,https://a0.muscache.com/pictures/1b7a1ec0-ce1c-4ea4-ba54-d7c062490ba7.jpg,-1,-1
38897502,Élysée,,Room in boutique hotel,Private room,252,11,within an hour,87.0,https://a0.muscache.com/pictures/c0c1341c-c158-4303-a62c-6055919af9ad.jpg,-1,-1
38901398,Élysée,,Room in boutique hotel,Private room,240,10,within an hour,100.0,https://a0.muscache.com/pictures/41739253-30f2-44ef-83f2-d729cb1b36c5.jpg,-1,-1
38901619,Élysée,,Room in boutique hotel,Private room,215,10,within an hour,100.0,https://a0.muscache.com/pictures/e1d2558e-b5c2-4d3b-ba56-342d94a46bf4.jpg,-1,-1
38902050,Élysée,,Room in boutique hotel,Private room,260,10,within an hour,100.0,https://a0.muscache.com/pictures/miso/Hosting-38902050/original/76ff9f3e-67db-4004-bce0-6ae67b36fb70.jpeg,-1,-1
38902134,Élysée,,Room in boutique hotel,Private room,261,10,within an hour,100.0,https://a0.muscache.com/pictures/70e97310-5603-4651-aff3-7aebffd179ab.jpg,-1,-1
38902296,Élysée,,Room in boutique hotel,Private room,215,10,within an hour,100.0,https://a0.muscache.com/pictures/6447b74a-f17e-4f1f-bc12-4a4cc426e5f2.jpg,-1,-1
38902399,Élysée,,Room in boutique hotel,Private room,259,10,within an hour,100.0,https://a0.muscache.com/pictures/miso/Hosting-38902399/original/fb1414ed-34aa-4a42-8d9a-dc34ab5e8461.jpeg,-1,-1
38902485,Élysée,,Room in boutique hotel,Private room,250,10,within an hour,100.0,https://a0.muscache.com/pictures/1adb8cb6-5966-42ea-8e88-6f97d2277e7f.jpg,-1,-1
38902606,Élysée,,Room in boutique hotel,Private room,237,10,within an hour,100.0,https://a0.muscache.com/pictures/361629c8-3989-468e-8ed2-ac7f88c20095.jpg,-1,-1
38902774,Élysée,,Room in boutique hotel,Private room,248,10,within an hour,100.0,https://a0.muscache.com/pictures/1f3aa953-6c02-4ea5-9ffd-0df4a252bdc7.jpg,-1,-1
38902986,Élysée,,Room in boutique hotel,Private room,249,7,within an hour,100.0,https://a0.muscache.com/pictures/0079cfbe-3cba-46d3-a9f9-d8e00d8cac8d.jpg,-1,-1
38903067,Élysée,,Room in boutique hotel,Private room,237,7,within an hour,100.0,https://a0.muscache.com/pictures/b2d6c2a2-f9e4-4270-a397-b16fef4273de.jpg,-1,-1
38903200,Élysée,,Room in boutique hotel,Private room,252,7,within an hour,100.0,https://a0.muscache.com/pictures/d472746d-0131-4cac-94f7-66850c4ed5a8.jpg,-1,-1
38903329,Élysée,,Room in boutique hotel,Private room,234,7,within an hour,100.0,https://a0.muscache.com/pictures/6aeacc54-8c14-4897-81d9-08b13bb58157.jpg,-1,-1
38903421,Élysée,,Room in boutique hotel,Private room,259,7,within an hour,100.0,https://a0.muscache.com/pictures/fa2157d0-f05a-45c9-b63f-5fa8d105b4f1.jpg,-1,-1
38903514,Élysée,,Room in boutique hotel,Private room,242,7,within an hour,100.0,https://a0.muscache.com/pictures/b9597987-8dcc-4c4b-af3f-8ae4ec605e27.jpg,-1,-1
38777219,Élysée,,Entire rental unit,Entire home/apt,178,1,within an hour,100.0,https://a0.muscache.com/pictures/02b0d47d-7955-4aa2-a937-13a1c798777c.jpg,-1,-1
38796276,Élysée,,Entire rental unit,Entire home/apt,352,20,within a few hours,100.0,https://a0.muscache.com/pictures/01f33ec0-1e2c-41cd-8c13-2baacb3798bf.jpg,-1,-1
38738297,Élysée,,Entire rental unit,Entire home/apt,0,1,,,https://a0.muscache.com/pictures/afedef7b-2aac-4eb5-9985-bbafdea810fc.jpg,-1,-1
38738765,Élysée,,Room in boutique hotel,Private room,198,7,within an hour,100.0,https://a0.muscache.com/pictures/miso/Hosting-38738765/original/ff83d877-4f6d-4dcc-b44b-eb18d17972e5.jpeg,-1,-1
38886080,Élysée,,Room in boutique hotel,Private room,238,10,within an hour,100.0,https://a0.muscache.com/pictures/miso/Hosting-38886080/original/ceb9fed4-58c3-4449-a367-766281f93fbf.jpeg,-1,-1
38889095,Élysée,,Room in boutique hotel,Private room,243,7,within an hour,100.0,https://a0.muscache.com/pictures/9eac41ab-1fc9-405d-a09a-b2d009ed860f.jpg,-1,-1
38891995,Élysée,,Room in boutique hotel,Private room,257,7,within an hour,100.0,https://a0.muscache.com/pictures/86dc1182-d977-41c4-8bb4-245774668455.jpg,-1,-1
39023672,Élysée,,Entire rental unit,Entire home/apt,301,14,within an hour,100.0,https://a0.muscache.com/pictures/prohost-api/Hosting-39023672/original/9d95b3bd-dec7-45f1-9911-829836ca3713.jpeg,-1,-1
39192519,Élysée,,Entire condo,Entire home/apt,0,2,within an hour,100.0,https://a0.muscache.com/pictures/miso/Hosting-39192519/original/ef828b7b-a2a5-4e48-97d3-5750e7899f90.jpeg,-1,-1
39127299,Élysée,,Entire rental unit,Entire home/apt,318,14,within an hour,100.0,https://a0.muscache.com/pictures/prohost-api/Hosting-39127299/original/15a6e467-4856-4c35-b66c-5a8baa7aaed1.jpeg,-1,-1
39240487,Élysée,,Entire condo,Entire home/apt,0,1,,,https://a0.muscache.com/pictures/8f947f7e-9afe-4f98-bebd-01eb6a108b65.jpg,-1,-1
39391912,Élysée,,Entire rental unit,Entire home/apt,0,63,within a few hours,97.0,https://a0.muscache.com/pictures/907f90de-088f-472f-95e6-49304fc3dee1.jpg,-1,-1
39407512,Élysée,,Entire rental unit,Entire home/apt,55,19,within an hour,100.0,https://a0.muscache.com/pictures/hosting/Hosting-U3RheVN1cHBseUxpc3Rpbmc6Mzk0MDc1MTI%3D/original/e0a76bff-e96e-4c58-a5e7-1addffc3a61b.jpeg,-1,-1
39768520,Élysée,,Entire rental unit,Entire home/apt,364,1,,,https://a0.muscache.com/pictures/4c044503-6c43-4690-bdb2-48e8c655549a.jpg,-1,-1
39542111,Élysée,,Entire rental unit,Entire home/apt,26,141,within an hour,100.0,https://a0.muscache.com/pictures/prohost-api/Hosting-39542111/original/6afb74b7-4ba2-4ffd-a4d9-63a15bd31b6d.jpeg,-1,-1
39542184,Élysée,,Entire rental unit,Entire home/apt,23,141,within an hour,100.0,https://a0.muscache.com/pictures/prohost-api/Hosting-39542184/original/16a087b4-3aca-437d-a6d5-35cacd8d43c5.jpeg,-1,-1
39670806,Élysée,,Entire rental unit,Entire home/apt,0,1,,,https://a0.muscache.com/pictures/d96042f1-0b84-4868-bbb9-3298bfdbe0af.jpg,-1,-1
39556117,Élysée,,Entire rental unit,Entire home/apt,74,2,within an hour,100.0,https://a0.muscache.com/pictures/168c81c5-6ab9-4cf1-aed4-8cc2b336b8b5.jpg,-1,-1
39557033,Élysée,,Entire rental unit,Entire home/apt,0,1,,,https://a0.muscache.com/pictures/hosting/Hosting-U3RheVN1cHBseUxpc3Rpbmc6Mzk1NTcwMzM%3D/original/75d75b99-cf7b-48bd-a28f-74028d6c36a2.jpeg,-1,-1
39574105,Élysée,,Entire rental unit,Entire home/apt,0,1,,,https://a0.muscache.com/pictures/b8f32fed-8d73-4ecb-9fe0-3bb9114fa546.jpg,-1,-1
39582227,Élysée,,Private room in rental unit,Private room,0,1,,,https://a0.muscache.com/pictures/dfa756dc-6cb1-412c-ac98-c3264ef62c3c.jpg,-1,-1
39595113,Élysée,,Entire rental unit,Entire home/apt,206,19,within an hour,98.0,https://a0.muscache.com/pictures/prohost-api/Hosting-39595113/original/ffb3187f-d3e6-40dd-b9ec-92cbcbcfe606.jpeg,-1,-1
40142183,Élysée,,Private room in rental unit,Private room,0,1,,,https://a0.muscache.com/pictures/eea83494-57c9-4c84-aaba-2a12b0b9c85e.jpg,-1,-1
40058475,Élysée,,Entire loft,Entire home/apt,269,2,,,https://a0.muscache.com/pictures/c67fd3d1-b380-4f3b-8145-603e1eab90f0.jpg,-1,-1
40077962,Élysée,,Entire rental unit,Entire home/apt,12,141,within an hour,100.0,https://a0.muscache.com/pictures/prohost-api/Hosting-40077962/original/2ff302f9-c886-435b-a5e1-7a8ffcb06d53.jpeg,-1,-1
40300804,Élysée,,Entire rental unit,Entire home/apt,319,1,within a few hours,100.0,https://a0.muscache.com/pictures/miso/Hosting-40300804/original/b81da662-8645-4045-8622-595ce6adb4c9.jpeg,-1,-1
40340450,Élysée,,Entire rental unit,Entire home/apt,353,1,within an hour,100.0,https://a0.muscache.com/pictures/miso/Hosting-40340450/original/52eb74f4-da74-4f2f-956f-6b339486d70e.jpeg,-1,-1
40464181,Élysée,,Entire rental unit,Entire home/apt,0,1,,,https://a0.muscache.com/pictures/ceb85673-fcc0-416a-8166-7737c66679bd.jpg,-1,-1
40504454,Élysée,,Entire rental unit,Entire home/apt,83,1,,,https://a0.muscache.com/pictures/50c0a5c7-0329-49cd-b60f-2e35195bd857.jpg,-1,-1
40834703,Élysée,,Entire rental unit,Entire home/apt,1,1,,,https://a0.muscache.com/pictures/9bdf37df-85f5-43b3-b9bb-321eb2551bad.jpg,-1,-1
40998677,Élysée,,Entire rental unit,Entire home/apt,0,1,,,https://a0.muscache.com/pictures/ef2c560f-ea5a-4d3e-8d18-1c50ecf3b00b.jpg,-1,-1
40741573,Élysée,,Entire loft,Entire home/apt,345,1,within a day,100.0,https://a0.muscache.com/pictures/53810026/4669e6fa_original.jpg,-1,-1
40858584,Élysée,,Entire condo,Entire home/apt,0,1,,,https://a0.muscache.com/pictures/c7827541-3c0b-4e75-8787-7b8a25c13392.jpg,-1,-1
40900934,Élysée,,Entire condo,Entire home/apt,0,1,,,https://a0.muscache.com/pictures/fa155701-b4f8-444f-a662-a4a4af51975c.jpg,-1,-1
40912657,Élysée,,Entire rental unit,Entire home/apt,0,1,,,https://a0.muscache.com/pictures/65d18a65-e45e-4d0e-b40a-fb98ce76efe0.jpg,-1,-1
40916212,Élysée,,Entire rental unit,Entire home/apt,14,1,within an hour,100.0,https://a0.muscache.com/pictures/fda32057-e778-4eef-8c24-1852e6f7d8c8.jpg,-1,-1
41331288,Élysée,,Entire rental unit,Entire home/apt,0,1,,,https://a0.muscache.com/pictures/e5ceaa6d-9bd7-4c83-8e9b-c418836a9805.jpg,-1,-1
41676340,Élysée,,Entire rental unit,Entire home/apt,0,1,within a few hours,100.0,https://a0.muscache.com/pictures/miso/Hosting-41676340/original/bbcf73d8-8993-46f1-a0a4-7067f7dd75fd.jpeg,-1,-1
41495666,Élysée,,Entire rental unit,Entire home/apt,316,73,,,https://a0.muscache.com/pictures/233fdec5-32e3-41bf-903f-8018a6db69be.jpg,-1,-1
41697365,Élysée,,Entire rental unit,Entire home/apt,296,1,within an hour,100.0,https://a0.muscache.com/pictures/miso/Hosting-41697365/original/0e7d3c0e-b774-4246-9c4c-5d1041196dee.jpeg,-1,-1
41547446,Élysée,,Room in boutique hotel,Private room,0,7,,,https://a0.muscache.com/pictures/9a54491a-cb48-4633-bef9-c30841abc42b.jpg,-1,-1
41550759,Élysée,,Entire rental unit,Entire home/apt,0,1,,,https://a0.muscache.com/pictures/77636f38-d506-48a3-9997-154236970be8.jpg,-1,-1
41573351,Élysée,,Entire serviced apartment,Entire home/apt,0,7,,,https://a0.muscache.com/pictures/9b45e7e2-a9f1-475d-a9c4-469760f5bfd4.jpg,-1,-1
41574041,Élysée,,Room in boutique hotel,Private room,0,7,,,https://a0.muscache.com/pictures/5de8fd0d-b73e-4ab1-bf5d-4fab4485f204.jpg,-1,-1
41576210,Élysée,,Room in boutique hotel,Private room,0,7,,,https://a0.muscache.com/pictures/c61755a5-4c3c-4a18-ae2c-81749ccfbd85.jpg,-1,-1
41576784,Élysée,,Room in boutique hotel,Private room,0,7,,,https://a0.muscache.com/pictures/fdc6ca6c-77c9-467f-acd7-cc900699861d.jpg,-1,-1
41577350,Élysée,,Room in boutique hotel,Private room,0,7,,,https://a0.muscache.com/pictures/e8ca42ae-213d-429d-b9c6-d382aa69f97f.jpg,-1,-1
41578396,Élysée,,Room in boutique hotel,Private room,0,7,,,https://a0.muscache.com/pictures/6c6fec85-0031-4bd3-a27f-298c548ed26c.jpg,-1,-1
41767894,Élysée,,Entire rental unit,Entire home/apt,269,1,,,https://a0.muscache.com/pictures/bc49206c-1477-4dcf-b3e3-d81e4cdd9c9d.jpg,-1,-1
41905152,Élysée,,Entire rental unit,Entire home/apt,365,2,a few days or more,0.0,https://a0.muscache.com/pictures/22a21497-a574-4bb6-a622-802e511710c8.jpg,-1,-1
42191976,Élysée,,Entire rental unit,Entire home/apt,253,6,within an hour,100.0,https://a0.muscache.com/pictures/prohost-api/Hosting-42191976/original/477175fb-bb06-4e26-97ea-1845b579edbd.jpeg,-1,-1
42555402,Élysée,,Entire rental unit,Entire home/apt,238,6,within an hour,100.0,https://a0.muscache.com/pictures/prohost-api/Hosting-42555402/original/c7ce041e-524f-46b4-8d4f-c4c13f29e24a.jpeg,-1,-1
42684342,Élysée,,Entire rental unit,Entire home/apt,179,102,within a day,53.0,https://a0.muscache.com/pictures/71cd9c65-9ae4-4c0a-9837-2f384ef26246.jpg,-1,-1
42696951,Élysée,,Entire rental unit,Entire home/apt,255,1,,,https://a0.muscache.com/pictures/fa56a4d3-fc49-4650-b42f-6ba88fbc21a4.jpg,-1,-1
42604018,Élysée,,Private room in rental unit,Private room,0,4,,,https://a0.muscache.com/pictures/4b551e83-cf96-44e9-8851-09b88ab22e3d.jpg,-1,-1
42449269,Élysée,,Entire rental unit,Entire home/apt,0,1,,,https://a0.muscache.com/pictures/e1b209d4-2b0b-4aa0-9e63-c68832f528cd.jpg,-1,-1
42463217,Élysée,,Entire rental unit,Entire home/apt,365,1,a few days or more,0.0,https://a0.muscache.com/pictures/6d41f0a7-6191-4cc7-8eff-77d73d770eb2.jpg,-1,-1
43344626,Élysée,,Entire rental unit,Entire home/apt,179,1,,,https://a0.muscache.com/pictures/d0686fc4-af6b-4ec3-8635-5bf4cc3ba52e.jpg,-1,-1
42806011,Élysée,,Entire rental unit,Entire home/apt,365,1,,,https://a0.muscache.com/pictures/275b2e91-1fdc-424a-b1b8-8b51e4608e1f.jpg,-1,-1
42830589,Élysée,,Room in boutique hotel,Private room,337,9,,,https://a0.muscache.com/pictures/b1d5f590-4e95-43c7-887b-96c20981973d.jpg,-1,-1
42830927,Élysée,,Room in hotel,Private room,0,4,,,https://a0.muscache.com/pictures/63918540-7234-4720-ab81-10edfe228965.jpg,-1,-1
42831263,Élysée,,Room in hotel,Private room,0,4,,,https://a0.muscache.com/pictures/4b33c496-59d8-45e2-96b6-438249b03fbf.jpg,-1,-1
42831360,Élysée,,Room in hotel,Private room,0,4,,,https://a0.muscache.com/pictures/df69ad7d-e823-4f64-b0c4-72095265a822.jpg,-1,-1
43408810,Élysée,,Entire rental unit,Entire home/apt,362,25,within an hour,100.0,https://a0.muscache.com/pictures/hosting/Hosting-U3RheVN1cHBseUxpc3Rpbmc6NDM0MDg4MTA=/original/6b650cb4-d9d9-4cd8-aa2e-9bfaae0f1043.jpeg,-1,-1
43124912,Élysée,,Private room in rental unit,Private room,23,1,within an hour,100.0,https://a0.muscache.com/pictures/b2346a33-6920-453c-975e-384730e8c6d3.jpg,-1,-1
42831453,Élysée,,Room in hotel,Private room,0,4,,,https://a0.muscache.com/pictures/9c371001-570c-4327-b783-19d0549f8c71.jpg,-1,-1
42872351,Élysée,,Entire rental unit,Entire home/apt,365,1,,,https://a0.muscache.com/pictures/b619457d-f034-478e-bb31-a338fcc56642.jpg,-1,-1
43438092,Élysée,,Entire serviced apartment,Entire home/apt,0,3,,,https://a0.muscache.com/pictures/4233261f-bd06-4bad-b265-248b4f8fb45e.jpg,-1,-1
43447832,Élysée,,Entire serviced apartment,Entire home/apt,0,3,,,https://a0.muscache.com/pictures/635fee10-e19e-4da5-9f07-ecfe680f4204.jpg,-1,-1
42891730,Élysée,,Entire rental unit,Entire home/apt,328,184,within an hour,100.0,https://a0.muscache.com/pictures/prohost-api/Hosting-42891730/original/77132131-ab42-406a-bdef-df2198828c27.jpeg,-1,-1
43675393,Élysée,,Entire rental unit,Entire home/apt,342,1,within a few hours,100.0,https://a0.muscache.com/pictures/miso/Hosting-43675393/original/5fb11c06-08ca-41b5-8cf8-89798362a97e.jpeg,-1,-1
43574265,Élysée,,Entire rental unit,Entire home/apt,363,1,,,https://a0.muscache.com/pictures/c0349ac6-0059-464e-9e0e-dc70a924a81f.jpg,-1,-1
43696956,Élysée,,Boat,Entire home/apt,152,4,within an hour,100.0,https://a0.muscache.com/pictures/2b5999d8-457b-47d7-b3c7-6fbb522231b1.jpg,-1,-1
43721748,Élysée,,Entire rental unit,Entire home/apt,27,9,within an hour,80.0,https://a0.muscache.com/pictures/4303c22b-dbd3-43a7-beb2-dbcb7190595a.jpg,-1,-1
43722295,Élysée,,Entire rental unit,Entire home/apt,246,1,,,https://a0.muscache.com/pictures/miso/Hosting-43722295/original/3947663e-8c8f-406d-b540-55089b803605.jpeg,-1,-1
43824720,Élysée,,Entire rental unit,Entire home/apt,244,57,within a few hours,98.0,https://a0.muscache.com/pictures/bb1de0b4-353c-4848-8e75-aa4646648ebe.jpg,-1,-1
43895634,Élysée,,Entire rental unit,Entire home/apt,34,1,within an hour,100.0,https://a0.muscache.com/pictures/hosting/Hosting-43895634/original/b0eabea1-e7e3-4dc7-b5c4-2b1d6afdfd9a.jpeg,-1,-1
43878674,Élysée,,Entire rental unit,Entire home/apt,365,1,,,https://a0.muscache.com/pictures/08cc7192-06c5-4c5f-b6f4-f2b08f691d81.jpg,-1,-1
43918612,Élysée,,Entire rental unit,Entire home/apt,340,1,within an hour,100.0,https://a0.muscache.com/pictures/hosting/Hosting-U3RheVN1cHBseUxpc3Rpbmc6NDM5MTg2MTI%3D/original/92a4e566-bf3d-4181-9709-d05cdaae543a.png,-1,-1
43953816,Élysée,,Entire rental unit,Entire home/apt,127,816,within a day,87.0,https://a0.muscache.com/pictures/prohost-api/Hosting-43953816/original/e15cf1db-76d0-4750-b611-71e9e6a6675b.jpeg,-1,-1
44054719,Élysée,,Entire rental unit,Entire home/apt,353,184,within an hour,100.0,https://a0.muscache.com/pictures/prohost-api/Hosting-44054719/original/02ce156b-df04-4a0a-aec5-91eabe576516.jpeg,-1,-1
44121104,Élysée,,Entire loft,Entire home/apt,0,1,,,https://a0.muscache.com/pictures/c42c1b21-81a2-4ef1-9ac8-2534f767d883.jpg,-1,-1
44202550,Élysée,,Entire rental unit,Entire home/apt,151,816,within a day,87.0,https://a0.muscache.com/pictures/prohost-api/Hosting-44202550/original/9ba248f6-092f-4c57-8d19-54afd225abb4.jpeg,-1,-1
44231788,Élysée,,Private room in bed and breakfast,Private room,55,1,within an hour,100.0,https://a0.muscache.com/pictures/miso/Hosting-44231788/original/5821fd54-9548-4972-ba2f-3d549ec5b3e0.jpeg,-1,-1
44171845,Élysée,,Private room in rental unit,Private room,0,2,,,https://a0.muscache.com/pictures/e2e28e61-e127-4dcc-b28f-1b34273169cc.jpg,-1,-1
44410909,Élysée,,Entire rental unit,Entire home/apt,176,2,within an hour,100.0,https://a0.muscache.com/pictures/miso/Hosting-44410909/original/033c87cb-d519-4376-afec-23d19427509c.jpeg,-1,-1
44441275,Élysée,,Entire rental unit,Entire home/apt,321,10,within an hour,100.0,https://a0.muscache.com/pictures/miso/Hosting-44441275/original/1fbd5ffd-2f6d-4a7e-ab5f-d6275c5dbe98.png,-1,-1
44441651,Élysée,,Entire rental unit,Entire home/apt,325,10,within an hour,100.0,https://a0.muscache.com/pictures/miso/Hosting-44441651/original/8c766103-0a09-4b91-871c-bf6f048ab8f7.png,-1,-1
44454270,Élysée,,Entire rental unit,Entire home/apt,29,816,within a day,87.0,https://a0.muscache.com/pictures/prohost-api/Hosting-44454270/original/9e293697-122f-4af4-a771-677fcb418fe7.jpeg,-1,-1
44454355,Élysée,,Entire rental unit,Entire home/apt,0,1,,,https://a0.muscache.com/pictures/8cc644e3-eb3e-41d9-979a-ea96ad958bd2.jpg,-1,-1
44532653,Élysée,,Entire rental unit,Entire home/apt,358,1,within a day,100.0,https://a0.muscache.com/pictures/d2b41987-b8d7-4f7f-ae84-8d54aba12930.jpg,-1,-1
44833589,Élysée,,Entire rental unit,Entire home/apt,276,170,within an hour,95.0,https://a0.muscache.com/pictures/474e2304-cbe1-42b0-a2e2-85e53d6280aa.jpg,-1,-1
45175293,Élysée,,Entire rental unit,Entire home/apt,0,1,,,https://a0.muscache.com/pictures/b37e2232-21fd-4479-ad83-130c02e6fa6d.jpg,-1,-1
44853762,Élysée,,Entire rental unit,Entire home/apt,0,1,,,https://a0.muscache.com/pictures/4a85bb0c-94ea-4db4-a763-620e4ddc79b6.jpg,-1,-1
44975640,Élysée,,Entire rental unit,Entire home/apt,326,121,within an hour,100.0,https://a0.muscache.com/pictures/hosting/Hosting-U3RheVN1cHBseUxpc3Rpbmc6NDQ5NzU2NDA=/original/6d5bcdb1-a3a6-455f-a3f6-e6f9e1d2bd5b.jpeg,-1,-1
45395117,Élysée,,Entire rental unit,Entire home/apt,321,184,within an hour,100.0,https://a0.muscache.com/pictures/prohost-api/Hosting-45395117/original/306c3452-4f54-4ad4-b1e1-69788b0b1bea.jpeg,-1,-1
45407936,Élysée,,Entire condo,Entire home/apt,365,1,,,https://a0.muscache.com/pictures/b8f66f3c-b4f5-4111-b533-b7405bbb9d73.jpg,-1,-1
45309772,Élysée,,Entire rental unit,Entire home/apt,102,4,within an hour,100.0,https://a0.muscache.com/pictures/efc3fca2-f7ca-41e4-addc-5d062226a70e.jpg,-1,-1
45082385,Élysée,,Entire rental unit,Entire home/apt,308,1,within an hour,100.0,https://a0.muscache.com/pictures/11c0d51a-e449-4443-8e42-a9487e59a152.jpg,-1,-1
45681190,Élysée,,Entire rental unit,Entire home/apt,225,816,within a day,87.0,https://a0.muscache.com/pictures/prohost-api/Hosting-45681190/original/9e84a7fc-7604-4643-ad69-0d473d69b008.jpeg,-1,-1
45539470,Élysée,,Entire rental unit,Entire home/apt,279,816,within a day,87.0,https://a0.muscache.com/pictures/prohost-api/Hosting-45539470/original/8a02bbc4-8674-4c6c-9b2e-a09a9aa7ea62.jpeg,-1,-1
45695584,Élysée,,Entire rental unit,Entire home/apt,163,816,within a day,87.0,https://a0.muscache.com/pictures/prohost-api/Hosting-45695584/original/e3a07c50-ebeb-411a-be83-0c85eaa71e9c.jpeg,-1,-1
45889835,Élysée,,Private room in rental unit,Private room,261,2,within a day,70.0,https://a0.muscache.com/pictures/e897f668-8bc7-43fb-847b-a2c409a25adc.jpg,-1,-1
45892341,Élysée,,Entire rental unit,Entire home/apt,263,1,within an hour,100.0,https://a0.muscache.com/pictures/948f6070-fbd7-4a9b-9470-26dd9b74ba78.jpg,-1,-1
45897127,Élysée,,Entire rental unit,Entire home/apt,179,1,,,https://a0.muscache.com/pictures/849013f7-f996-4c4e-b1c7-c12e0fe01931.jpg,-1,-1
46612980,Élysée,,Room in hotel,Private room,359,10,within an hour,100.0,https://a0.muscache.com/pictures/df206f30-1a5a-45f4-9448-bc925fce6f68.jpg,-1,-1
46324844,Élysée,,Room in hotel,Private room,365,7,within an hour,100.0,https://a0.muscache.com/pictures/923f74ff-7ca5-43a1-98d1-964879e400b2.jpg,-1,-1
46325160,Élysée,,Room in hotel,Private room,362,7,within an hour,100.0,https://a0.muscache.com/pictures/3b1916e6-8afe-43b5-916a-b1c42f65ecb7.jpg,-1,-1
46325356,Élysée,,Room in hotel,Private room,347,7,within an hour,100.0,https://a0.muscache.com/pictures/246ec980-9dd6-4e91-8c9a-21ee288954c0.jpg,-1,-1
46613144,Élysée,,Room in hotel,Private room,359,10,within an hour,100.0,https://a0.muscache.com/pictures/dec3799e-0dc2-4144-a3c7-e36e50884c51.jpg,-1,-1
46613280,Élysée,,Room in hotel,Private room,325,10,within an hour,100.0,https://a0.muscache.com/pictures/02c989d0-7353-4e31-bc92-5a7e784f7382.jpg,-1,-1
46613662,Élysée,,Room in hotel,Private room,365,7,within an hour,100.0,https://a0.muscache.com/pictures/c3874e5c-cbdc-4e8b-9705-f19388561ff8.jpg,-1,-1
46325580,Élysée,,Room in hotel,Private room,337,7,within an hour,100.0,https://a0.muscache.com/pictures/8f49f9f2-ffe4-442d-8120-d5ecdd5a9226.jpg,-1,-1
46326608,Élysée,,Room in hotel,Private room,362,10,within an hour,100.0,https://a0.muscache.com/pictures/d7f6c5f7-3df9-4ca9-b8c2-17533fb24244.jpg,-1,-1
46327137,Élysée,,Room in hotel,Private room,361,10,within an hour,100.0,https://a0.muscache.com/pictures/8e260c34-b700-4d90-ac76-a148366fb3ef.jpg,-1,-1
46328552,Élysée,,Room in hotel,Private room,308,10,within an hour,100.0,https://a0.muscache.com/pictures/bdc3a17f-e5bf-4ea6-b8c2-af251ea6d4e5.jpg,-1,-1
46350209,Élysée,,Room in hotel,Private room,307,7,within an hour,100.0,https://a0.muscache.com/pictures/4fc57e66-b004-49e6-a53b-8e442e93c384.jpg,-1,-1
46686664,Élysée,,Entire rental unit,Entire home/apt,0,1,within an hour,100.0,https://a0.muscache.com/pictures/6b5f8e98-89c9-4ca6-be9e-86b6b16ae4b4.jpg,-1,-1
46404969,Élysée,,Room in hotel,Private room,0,5,within an hour,100.0,https://a0.muscache.com/pictures/miso/Hosting-46404969/original/5d42b764-ef49-40d2-af08-f166b5a91d71.jpeg,-1,-1
46501825,Élysée,,Entire rental unit,Entire home/apt,305,4,within an hour,90.0,https://a0.muscache.com/pictures/prohost-api/Hosting-46501825/original/6d5f67ee-cec3-4549-a52a-b400dff02e0b.jpeg,-1,-1
46101458,Élysée,,Entire rental unit,Entire home/apt,364,1,,,https://a0.muscache.com/pictures/502bfe08-9afb-4308-8b25-f2a62182b083.jpg,-1,-1
46116370,Élysée,,Room in boutique hotel,Private room,0,1,,,https://a0.muscache.com/pictures/705ba903-f22c-47ec-9931-de8cded44009.jpg,-1,-1
46177979,Élysée,,Entire loft,Entire home/apt,283,2,within a few hours,80.0,https://a0.muscache.com/pictures/miso/Hosting-46177979/original/d91f485a-abfa-484c-8899-4673e6456b87.jpeg,-1,-1
47391540,Élysée,,Entire rental unit,Entire home/apt,0,9,within an hour,80.0,https://a0.muscache.com/pictures/miso/Hosting-47391540/original/ef119ecb-963c-41ec-b9c6-29e62ae7a45a.jpeg,-1,-1
47392020,Élysée,,Entire rental unit,Entire home/apt,28,9,within an hour,80.0,https://a0.muscache.com/pictures/miso/Hosting-47392020/original/78c6c349-0a87-4676-8b53-ea12ea8ca3a1.jpeg,-1,-1
47459951,Élysée,,Entire rental unit,Entire home/apt,256,1,within an hour,100.0,https://a0.muscache.com/pictures/197117af-8cef-4454-a671-a1894ffd0f62.jpg,-1,-1
47791838,Élysée,,Entire rental unit,Entire home/apt,106,816,within a day,87.0,https://a0.muscache.com/pictures/prohost-api/Hosting-47791838/original/2b61295a-b7ee-45c7-ba19-803ceaadbe42.jpeg,-1,-1
47792898,Élysée,,Entire rental unit,Entire home/apt,85,1,within an hour,100.0,https://a0.muscache.com/pictures/b4176f27-6554-4328-b7d8-f49cbc5a3de7.jpg,-1,-1
47816074,Élysée,,Entire rental unit,Entire home/apt,0,44,within a day,100.0,https://a0.muscache.com/pictures/miso/Hosting-47816074/original/b1d1bac8-2816-4ea0-8fb4-e5985bd9cfe9.jpeg,-1,-1
47839124,Élysée,,Entire rental unit,Entire home/apt,12,816,within a day,87.0,https://a0.muscache.com/pictures/prohost-api/Hosting-47839124/original/8abdf82c-30ed-4b60-8e9e-219574609859.jpeg,-1,-1
47883631,Élysée,,Entire rental unit,Entire home/apt,256,816,within a day,87.0,https://a0.muscache.com/pictures/prohost-api/Hosting-47883631/original/940f32c8-5cda-49a8-817e-d816fc26786e.jpeg,-1,-1
48312772,Élysée,,Entire rental unit,Entire home/apt,358,1,within a few hours,100.0,https://a0.muscache.com/pictures/4aeefc10-ec52-4532-bc07-bd1578a38da5.jpg,-1,-1
48321731,Élysée,,Entire rental unit,Entire home/apt,151,816,within a day,87.0,https://a0.muscache.com/pictures/prohost-api/Hosting-48321731/original/c98748be-bb71-4a84-a0d6-6dcda556e714.jpeg,-1,-1
48580136,Élysée,,Entire rental unit,Entire home/apt,297,10,within a few hours,98.0,https://a0.muscache.com/pictures/dc2e8bd9-3195-4e0f-ad88-f65be6f74496.jpg,-1,-1
48456686,Élysée,,Entire rental unit,Entire home/apt,3,1,within an hour,100.0,https://a0.muscache.com/pictures/miso/Hosting-48456686/original/7d1fb23b-9594-407f-bc5e-7ca964dff47f.png,-1,-1
48524439,Élysée,,Entire rental unit,Entire home/apt,332,1,within an hour,100.0,https://a0.muscache.com/pictures/prohost-api/Hosting-48524439/original/c5daebf6-c113-4114-8730-a028600d5de7.jpeg,-1,-1
48991765,Élysée,,Entire rental unit,Entire home/apt,257,1,,,https://a0.muscache.com/pictures/prohost-api/Hosting-48991765/original/2ba319df-2433-4bf4-bd55-872deecb2a26.jpeg,-1,-1
49243011,Élysée,,Entire rental unit,Entire home/apt,18,1,within a few hours,100.0,https://a0.muscache.com/pictures/hosting/Hosting-U3RheVN1cHBseUxpc3Rpbmc6NDkyNDMwMTE%3D/original/9f4d3978-8368-4a6b-ad27-a8db79d277b7.jpeg,-1,-1
49284509,Élysée,,Entire rental unit,Entire home/apt,0,1,,,https://a0.muscache.com/pictures/2f1414ec-8b67-4ffa-8245-1b9673b57c8f.jpg,-1,-1
49294007,Élysée,,Entire condo,Entire home/apt,291,2,within a few hours,90.0,https://a0.muscache.com/pictures/d04ed56e-3cdb-4a48-a7e7-c445f29972f0.jpg,-1,-1
49312155,Élysée,,Entire rental unit,Entire home/apt,321,9,within an hour,100.0,https://a0.muscache.com/pictures/miso/Hosting-49312155/original/587a2dfb-5f97-4668-9fd0-5642a80f3511.jpeg,-1,-1
49436532,Élysée,,Entire rental unit,Entire home/apt,105,816,within a day,87.0,https://a0.muscache.com/pictures/prohost-api/Hosting-49436532/original/5c7582bc-5f36-4ce6-a7bc-0af6954bf9c8.jpeg,-1,-1
49645511,Élysée,,Entire rental unit,Entire home/apt,109,1,,,https://a0.muscache.com/pictures/9c27edf0-9c78-4990-a0b0-f0e0dbb26ab5.jpg,-1,-1
49482216,Élysée,,Entire rental unit,Entire home/apt,335,9,within an hour,100.0,https://a0.muscache.com/pictures/miso/Hosting-49482216/original/15dcfdd4-ac30-40f1-80a8-66d5175670cc.jpeg,-1,-1
49494705,Élysée,,Entire rental unit,Entire home/apt,322,45,within an hour,100.0,https://a0.muscache.com/pictures/prohost-api/Hosting-49494705/original/3c1c7755-49b7-46c2-a5ee-01542558afb8.jpeg,-1,-1
49495119,Élysée,,Entire rental unit,Entire home/apt,321,45,within an hour,100.0,https://a0.muscache.com/pictures/prohost-api/Hosting-49495119/original/d0908426-9790-4ee7-923f-d0f176fe6177.jpeg,-1,-1
49540507,Élysée,,Entire rental unit,Entire home/apt,328,2,within an hour,100.0,https://a0.muscache.com/pictures/4aee1701-ac2e-4f60-9802-811bf0649974.jpg,-1,-1
49672364,Élysée,,Entire rental unit,Entire home/apt,0,1,,,https://a0.muscache.com/pictures/16a9baa6-3257-4330-bf0c-08fd1b96607b.jpg,-1,-1
49879027,Élysée,,Entire rental unit,Entire home/apt,0,1,,,https://a0.muscache.com/pictures/70de8f86-55b0-41a8-aa01-3b36ace0d91d.jpg,-1,-1
49763806,Élysée,,Entire rental unit,Entire home/apt,130,2,within an hour,100.0,https://a0.muscache.com/pictures/ebfac624-50da-444a-8284-eba13c75aaf9.jpg,-1,-1
49892396,Élysée,,Entire rental unit,Entire home/apt,352,1,within an hour,100.0,https://a0.muscache.com/pictures/3b5405c7-db33-4602-8e0e-4831ee8df887.jpg,-1,-1
49791342,Élysée,,Entire condo,Entire home/apt,154,1,,,https://a0.muscache.com/pictures/cf0a71d9-bd89-49e2-bad7-99cfe12f8aa5.jpg,-1,-1
49792053,Élysée,,Private room in condo,Private room,358,1,,,https://a0.muscache.com/pictures/miso/Hosting-49792053/original/8c1eb925-2491-4334-8562-522bbf973271.jpeg,-1,-1
50023100,Élysée,,Entire rental unit,Entire home/apt,154,2,within a few hours,90.0,https://a0.muscache.com/pictures/b1c8009e-1380-4d23-bbb9-a7c3682b6734.jpg,-1,-1
50039835,Élysée,,Entire townhouse,Entire home/apt,0,4,,,https://a0.muscache.com/pictures/4d354c98-8998-441a-ab3a-a42b5de55697.jpg,-1,-1
50040290,Élysée,,Entire rental unit,Entire home/apt,107,91,,,https://a0.muscache.com/pictures/miso/Hosting-50040290/original/8882a48a-9288-4cbb-91f9-ead7b34cd2eb.jpeg,-1,-1
50041386,Élysée,,Entire rental unit,Entire home/apt,6,74,within a day,58.0,https://a0.muscache.com/pictures/2ed44c16-afc2-4cf6-93fc-180a8ddd70c4.jpg,-1,-1
50045844,Élysée,,Entire rental unit,Entire home/apt,256,4,within an hour,100.0,https://a0.muscache.com/pictures/miso/Hosting-50045844/original/525c4855-30ce-426f-8260-5f52d786895a.jpeg,-1,-1
50142453,Élysée,,Entire rental unit,Entire home/apt,24,141,within an hour,100.0,https://a0.muscache.com/pictures/prohost-api/Hosting-50142453/original/0c76eba8-7093-4d0e-8ce7-43771a85745c.jpeg,-1,-1
50145416,Élysée,,Entire rental unit,Entire home/apt,0,2,within a day,100.0,https://a0.muscache.com/pictures/685032eb-ee75-4f99-8772-58f6ad62c8f9.jpg,-1,-1
50166539,Élysée,,Entire rental unit,Entire home/apt,323,2,within a few hours,90.0,https://a0.muscache.com/pictures/75f34970-fea2-4cd4-b099-d39deeea6162.jpg,-1,-1
50278785,Élysée,,Entire rental unit,Entire home/apt,286,11,within an hour,100.0,https://a0.muscache.com/pictures/miso/Hosting-50278785/original/8784a60d-7610-4169-bc11-5319a3b36932.jpeg,-1,-1
50299887,Élysée,,Entire rental unit,Entire home/apt,0,1,,,https://a0.muscache.com/pictures/miso/Hosting-50299887/original/6f50df75-0ee4-47ba-b143-8d0e3b859829.jpeg,-1,-1
50114813,Élysée,,Entire rental unit,Entire home/apt,0,1,within an hour,100.0,https://a0.muscache.com/pictures/58f8ab5f-fee3-48bd-9c76-527f4291f91a.jpg,-1,-1
50316800,Élysée,,Entire rental unit,Entire home/apt,0,1,,,https://a0.muscache.com/pictures/miso/Hosting-50316800/original/232c4913-c429-4af7-8376-55673228ed3d.jpeg,-1,-1
50316920,Élysée,,Entire rental unit,Entire home/apt,0,1,,,https://a0.muscache.com/pictures/bf5ed3f3-de4e-47c2-a064-bf51ca14d125.jpg,-1,-1
50323726,Élysée,,Entire rental unit,Entire home/apt,77,816,within a day,87.0,https://a0.muscache.com/pictures/prohost-api/Hosting-50323726/original/c234885b-1925-463b-acaf-cc3bb89c4a55.jpeg,-1,-1
50325789,Élysée,,Entire rental unit,Entire home/apt,0,1,,,https://a0.muscache.com/pictures/7784491c-7666-46dd-a612-9ce963e48cd4.jpg,-1,-1
50227110,Élysée,,Entire rental unit,Entire home/apt,272,2,a few days or more,25.0,https://a0.muscache.com/pictures/bea4f0d1-8a27-48fb-a219-283586ffc084.jpg,-1,-1
50539312,Élysée,,Entire rental unit,Entire home/apt,133,216,within an hour,98.0,https://a0.muscache.com/pictures/prohost-api/Hosting-50539312/original/afa91420-bbb8-4869-b111-2ea54e883400.jpeg,-1,-1
50244284,Élysée,,Entire rental unit,Entire home/apt,243,1,within a few hours,100.0,https://a0.muscache.com/pictures/hosting/Hosting-50244284/original/0040f10c-3829-416f-8d81-10f73a9605ea.jpeg,-1,-1
50584974,Élysée,,Entire rental unit,Entire home/apt,130,216,within an hour,98.0,https://a0.muscache.com/pictures/prohost-api/Hosting-50584974/original/906b5853-77b0-4f60-8bf1-310f1f657f4c.jpeg,-1,-1
50586393,Élysée,,Entire rental unit,Entire home/apt,163,216,within an hour,98.0,https://a0.muscache.com/pictures/prohost-api/Hosting-50586393/original/2fc8c51c-0f72-4ff9-b034-30a36e73609f.jpeg,-1,-1
50586394,Élysée,,Entire rental unit,Entire home/apt,148,216,within an hour,98.0,https://a0.muscache.com/pictures/prohost-api/Hosting-50586394/original/87625396-3638-47e6-a402-9aca80bca199.jpeg,-1,-1
50669580,Élysée,,Entire rental unit,Entire home/apt,143,216,within an hour,98.0,https://a0.muscache.com/pictures/prohost-api/Hosting-50669580/original/cc5e46d1-184d-46ce-916c-6506ed5969c2.jpeg,-1,-1
50669581,Élysée,,Entire rental unit,Entire home/apt,129,216,within an hour,98.0,https://a0.muscache.com/pictures/prohost-api/Hosting-50669581/original/a9df5a75-1d37-4b84-83d4-a3c6c20450a5.jpeg,-1,-1
50669582,Élysée,,Entire rental unit,Entire home/apt,126,216,within an hour,98.0,https://a0.muscache.com/pictures/prohost-api/Hosting-50669582/original/d7f9b604-7a79-405b-86d3-963e2b8e7981.jpeg,-1,-1
50669584,Élysée,,Entire rental unit,Entire home/apt,129,216,within an hour,98.0,https://a0.muscache.com/pictures/prohost-api/Hosting-50669584/original/22abfd92-50d0-46b1-90a8-b4ceaae5d588.jpeg,-1,-1
50669585,Élysée,,Entire rental unit,Entire home/apt,162,216,within an hour,98.0,https://a0.muscache.com/pictures/prohost-api/Hosting-50669585/original/bd3e5db7-560a-4adc-8a5c-77f3495ff081.jpeg,-1,-1
50669586,Élysée,,Entire rental unit,Entire home/apt,155,216,within an hour,98.0,https://a0.muscache.com/pictures/prohost-api/Hosting-50669586/original/fd58a954-d0ba-4836-855a-29b068407161.jpeg,-1,-1
50669587,Élysée,,Entire rental unit,Entire home/apt,151,216,within an hour,98.0,https://a0.muscache.com/pictures/prohost-api/Hosting-50669587/original/bc1ec0ad-2ca1-405a-8e43-17c173257c5d.jpeg,-1,-1
50669588,Élysée,,Entire rental unit,Entire home/apt,147,216,within an hour,98.0,https://a0.muscache.com/pictures/prohost-api/Hosting-50669588/original/a16aa23f-eb81-43ba-913d-6d00526bc75a.jpeg,-1,-1
50669589,Élysée,,Entire rental unit,Entire home/apt,129,216,within an hour,98.0,https://a0.muscache.com/pictures/prohost-api/Hosting-50669589/original/13822f7a-8f20-42fb-8a12-5125e0eabfba.jpeg,-1,-1
50586396,Élysée,,Entire rental unit,Entire home/apt,127,216,within an hour,98.0,https://a0.muscache.com/pictures/prohost-api/Hosting-50586396/original/cdbc1d61-1e7b-4b58-ab33-89e841aab156.jpeg,-1,-1
50586397,Élysée,,Entire rental unit,Entire home/apt,116,216,within an hour,98.0,https://a0.muscache.com/pictures/prohost-api/Hosting-50586397/original/6d743f3c-9cfc-4478-9f97-95887dc81f15.jpeg,-1,-1
50587634,Élysée,,Entire rental unit,Entire home/apt,145,216,within an hour,98.0,https://a0.muscache.com/pictures/prohost-api/Hosting-50587634/original/142563b1-8799-4deb-95ba-8bc47be625ed.jpeg,-1,-1
50588644,Élysée,,Entire rental unit,Entire home/apt,0,7,,,https://a0.muscache.com/pictures/miso/Hosting-50588644/original/6807dad8-a30a-4ca2-aa43-c6ef3a38b501.jpeg,-1,-1
50588801,Élysée,,Entire rental unit,Entire home/apt,150,216,within an hour,98.0,https://a0.muscache.com/pictures/prohost-api/Hosting-50588801/original/e213405e-bf59-4cd2-aeea-791d096ceb9d.jpeg,-1,-1
50689000,Élysée,,Entire rental unit,Entire home/apt,183,816,within a day,87.0,https://a0.muscache.com/pictures/prohost-api/Hosting-50689000/original/ed1d83b4-da1b-4cfb-847e-711367a52847.jpeg,-1,-1
50631256,Élysée,,Entire rental unit,Entire home/apt,0,1,,,https://a0.muscache.com/pictures/miso/Hosting-50631256/original/92b2e7d5-bbd9-49a1-ae45-6e69a6c36613.jpeg,-1,-1
50633646,Élysée,,Entire rental unit,Entire home/apt,193,170,within an hour,95.0,https://a0.muscache.com/pictures/prohost-api/Hosting-50633646/original/20991fa6-d654-478d-8b05-14fb2681ed52.jpeg,-1,-1
50873378,Élysée,,Entire rental unit,Entire home/apt,337,1,within a day,100.0,https://a0.muscache.com/pictures/miso/Hosting-50873378/original/8e7007f8-705e-4fde-bd7f-679cf543180e.jpeg,-1,-1
50891362,Élysée,,Entire rental unit,Entire home/apt,109,2,within an hour,100.0,https://a0.muscache.com/pictures/miso/Hosting-50891362/original/b775fcaa-2649-4f90-b8fd-fc1c166aba39.jpeg,-1,-1
50724909,Élysée,,Entire rental unit,Entire home/apt,0,1,,,https://a0.muscache.com/pictures/miso/Hosting-50724909/original/3329e19d-697e-4e57-bcea-9d23a4ac2b3c.jpeg,-1,-1
50825695,Élysée,,Entire rental unit,Entire home/apt,317,45,,,https://a0.muscache.com/pictures/miso/Hosting-50825695/original/f3eb8269-de16-430e-9152-421f5f72dfc8.jpeg,-1,-1
50929468,Élysée,,Entire rental unit,Entire home/apt,236,816,within a day,87.0,https://a0.muscache.com/pictures/prohost-api/Hosting-50929468/original/5d9579a3-b650-4d7f-9fbb-07f7619931ed.jpeg,-1,-1
50929627,Élysée,,Entire rental unit,Entire home/apt,44,816,within a day,87.0,https://a0.muscache.com/pictures/prohost-api/Hosting-50929627/original/5f7092ff-b9f6-43f0-a749-ffbf4c47a54f.jpeg,-1,-1
50950812,Élysée,,Entire rental unit,Entire home/apt,0,2,within an hour,93.0,https://a0.muscache.com/pictures/hosting/Hosting-U3RheVN1cHBseUxpc3Rpbmc6NTA5NTA4MTI%3D/original/2e96851c-7b04-48d3-b381-86ee4269e9ce.jpeg,-1,-1
50841941,Élysée,,Entire rental unit,Entire home/apt,311,1,within a day,89.0,https://a0.muscache.com/pictures/e421bee9-1686-490a-af6c-6ed91dede875.jpg,-1,-1
50841970,Élysée,,Entire rental unit,Entire home/apt,148,216,within an hour,98.0,https://a0.muscache.com/pictures/prohost-api/Hosting-50841970/original/113fe93c-b526-46cb-9b22-6209d59ba2f8.jpeg,-1,-1
50860540,Élysée,,Entire rental unit,Entire home/apt,0,1,within a few hours,100.0,https://a0.muscache.com/pictures/74ea7ada-6614-42cf-b5fd-21fa525d62e5.jpg,-1,-1
50864901,Élysée,,Entire rental unit,Entire home/apt,227,1,within an hour,100.0,https://a0.muscache.com/pictures/miso/Hosting-50864901/original/8b3dc840-f187-4a95-b40b-3e2dd581b389.jpeg,-1,-1
50870648,Élysée,,Entire rental unit,Entire home/apt,121,216,within an hour,98.0,https://a0.muscache.com/pictures/prohost-api/Hosting-50870648/original/49c3c072-c19e-4519-afc6-ddfa5baa550e.jpeg,-1,-1
50975353,Élysée,,Entire rental unit,Entire home/apt,322,1,,,https://a0.muscache.com/pictures/e6f47c3e-76bc-4f8c-89b8-359453ba5a6b.jpg,-1,-1
51052578,Élysée,,Entire rental unit,Entire home/apt,194,19,within an hour,98.0,https://a0.muscache.com/pictures/prohost-api/Hosting-51052578/original/7fec9413-297f-4ccd-a7f7-5001c1e8e031.jpeg,-1,-1
51184645,Élysée,,Room in hotel,Private room,354,7,within an hour,100.0,https://a0.muscache.com/pictures/0ec28d0d-8c5d-4416-972f-06c926635fc3.jpg,-1,-1
50998369,Élysée,,Entire rental unit,Entire home/apt,24,7,within an hour,100.0,https://a0.muscache.com/pictures/miso/Hosting-50998369/original/c144521b-d307-4487-a2a1-474eb3936a3c.jpeg,-1,-1
51012299,Élysée,,Entire rental unit,Entire home/apt,339,1,within an hour,100.0,https://a0.muscache.com/pictures/24bd3742-0753-4734-b910-1a7e77dec147.jpg,-1,-1
51297160,Élysée,,Entire rental unit,Entire home/apt,42,3,within an hour,100.0,https://a0.muscache.com/pictures/miso/Hosting-51297160/original/6c740745-0d25-4196-9a12-a926283e3455.jpeg,-1,-1
51220692,Élysée,,Entire rental unit,Entire home/apt,4,2,within an hour,100.0,https://a0.muscache.com/pictures/hosting/Hosting-51220692/original/d22a3827-f470-459f-882a-14e3f46059ac.jpeg,-1,-1
51275580,Élysée,,Entire rental unit,Entire home/apt,27,1,within an hour,100.0,https://a0.muscache.com/pictures/hosting/Hosting-51275580/original/28d6d1ca-e28e-45e0-b4aa-88b5a6626c2a.jpeg,-1,-1
51426240,Élysée,,Room in boutique hotel,Private room,304,27,within an hour,100.0,https://a0.muscache.com/pictures/prohost-api/Hosting-51426240/original/cdef10b5-d467-439a-ba61-d28a8c478bdc.jpeg,-1,-1
51426246,Élysée,,Room in boutique hotel,Private room,324,27,within an hour,100.0,https://a0.muscache.com/pictures/prohost-api/Hosting-51426246/original/9407a182-5001-46f9-adc6-4bfc5c88c2f4.jpeg,-1,-1
51426411,Élysée,,Room in boutique hotel,Private room,6,27,within an hour,100.0,https://a0.muscache.com/pictures/prohost-api/Hosting-51426411/original/033b1bd0-6870-4521-8745-0180703f720e.jpeg,-1,-1
51427221,Élysée,,Room in boutique hotel,Private room,330,27,within an hour,100.0,https://a0.muscache.com/pictures/prohost-api/Hosting-51427221/original/56e250f9-3b99-4215-a56d-92ec5cf3dbf0.jpeg,-1,-1
51424556,Élysée,,Room in boutique hotel,Private room,203,27,within an hour,100.0,https://a0.muscache.com/pictures/prohost-api/Hosting-51424556/original/bdc060b1-7e24-4d1c-8914-1dbffe9f5681.jpeg,-1,-1
51425526,Élysée,,Room in boutique hotel,Private room,188,27,within an hour,100.0,https://a0.muscache.com/pictures/prohost-api/Hosting-51425526/original/07e08974-ebc1-44ca-a352-b8de0a2c680a.jpeg,-1,-1
51425816,Élysée,,Room in boutique hotel,Private room,334,27,within an hour,100.0,https://a0.muscache.com/pictures/prohost-api/Hosting-51425816/original/0e3a66f2-d9db-4e34-a6ef-dfea0aee929e.jpeg,-1,-1
51487311,Élysée,,Room in boutique hotel,Private room,281,27,within an hour,100.0,https://a0.muscache.com/pictures/prohost-api/Hosting-51487311/original/80029a77-3fb2-4890-a6bc-e6a48fe5f95d.jpeg,-1,-1
51864795,Élysée,,Entire rental unit,Entire home/apt,333,3,within an hour,100.0,https://a0.muscache.com/pictures/miso/Hosting-51864795/original/2b047a5d-41da-4e66-956c-8cbefff771f9.jpeg,-1,-1
51867525,Élysée,,Entire rental unit,Entire home/apt,319,3,within an hour,100.0,https://a0.muscache.com/pictures/miso/Hosting-51867525/original/2cb85446-d81a-4906-8b7d-82929c46d502.jpeg,-1,-1
51976187,Élysée,,Entire rental unit,Entire home/apt,124,19,within an hour,98.0,https://a0.muscache.com/pictures/prohost-api/Hosting-51976187/original/2f5adb86-8d53-4f0c-b19f-79f2aa3d597e.jpeg,-1,-1
52092593,Élysée,,Entire condo,Entire home/apt,83,1,a few days or more,0.0,https://a0.muscache.com/pictures/123d8c34-95ad-437e-bcdb-92ebd16db275.jpg,-1,-1
52020773,Élysée,,Entire rental unit,Entire home/apt,214,19,within an hour,98.0,https://a0.muscache.com/pictures/prohost-api/Hosting-52020773/original/3de08efd-52a2-4c62-8d0b-50a242609cd5.jpeg,-1,-1
52045346,Élysée,,Entire rental unit,Entire home/apt,353,2,within an hour,100.0,https://a0.muscache.com/pictures/miso/Hosting-52045346/original/f3058fcb-767e-460b-8f86-9dab172ed949.jpeg,-1,-1
52119386,Élysée,,Entire rental unit,Entire home/apt,254,1,,,https://a0.muscache.com/pictures/d1f92d2c-2d46-48d8-921f-310f5677c030.jpg,-1,-1
52158439,Élysée,,Entire rental unit,Entire home/apt,287,90,within a day,74.0,https://a0.muscache.com/pictures/c8af9c12-df23-4c1a-9f7c-be3d7232c6e1.jpg,-1,-1
52295040,Élysée,,Entire rental unit,Entire home/apt,0,170,within an hour,95.0,https://a0.muscache.com/pictures/prohost-api/Hosting-52295040/original/6f41add5-bbef-4871-835d-c4f99c791ebf.jpeg,-1,-1
52302713,Élysée,,Private room in loft,Private room,134,1,within a few hours,100.0,https://a0.muscache.com/pictures/5213bc78-6333-435d-a6ee-b2704defd1a4.jpg,-1,-1
52312570,Élysée,,Entire rental unit,Entire home/apt,156,6,,,https://a0.muscache.com/pictures/prohost-api/Hosting-52312570/original/4a523dc2-0ff6-41e9-97ea-177f849456de.jpeg,-1,-1
52484092,Élysée,,Entire rental unit,Entire home/apt,160,130,within a day,58.0,https://a0.muscache.com/pictures/aebdd83e-8346-4d35-affe-c64553eb67ba.jpg,-1,-1
52187330,Élysée,,Private room in casa particular,Private room,287,1,within an hour,83.0,https://a0.muscache.com/pictures/miso/Hosting-52187330/original/b7d35fe1-b3ff-4c2d-9b76-652a5c827649.jpeg,-1,-1
52527045,Élysée,,Entire rental unit,Entire home/apt,0,1,,,https://a0.muscache.com/pictures/miso/Hosting-52527045/original/9ade16d2-6624-4674-95c6-36c695bf4775.jpeg,-1,-1
52611091,Élysée,,Entire rental unit,Entire home/apt,158,68,within a day,65.0,https://a0.muscache.com/pictures/047bd729-4781-42a6-b723-643e49bf8d84.jpg,-1,-1
52398023,Élysée,,Entire rental unit,Entire home/apt,183,816,within a day,87.0,https://a0.muscache.com/pictures/prohost-api/Hosting-52398023/original/47e0cd80-dae6-4111-841e-c1238884d75a.jpeg,-1,-1
52667937,Élysée,,Entire rental unit,Entire home/apt,143,74,within a day,58.0,https://a0.muscache.com/pictures/miso/Hosting-52667937/original/b3e4f565-9ded-430a-b541-912b421a7d8b.jpeg,-1,-1
52733392,Élysée,,Entire rental unit,Entire home/apt,198,2,within an hour,100.0,https://a0.muscache.com/pictures/miso/Hosting-52733392/original/f34bcc28-011c-41a5-a8c2-72077abb17a7.jpeg,-1,-1
52932109,Élysée,,Entire rental unit,Entire home/apt,0,74,within a day,58.0,https://a0.muscache.com/pictures/33b0bcd1-6a63-4013-83f9-ff7c09c80823.jpg,-1,-1
52734379,Élysée,,Entire rental unit,Entire home/apt,208,2,within an hour,100.0,https://a0.muscache.com/pictures/1e3c85aa-8385-49b5-9468-2bbaed96a7d5.jpg,-1,-1
52847450,Élysée,,Room in boutique hotel,Private room,346,4,,,https://a0.muscache.com/pictures/caa61639-21bc-4623-b6d0-2c913b61ce7c.jpg,-1,-1
52867429,Élysée,,Entire rental unit,Entire home/apt,82,816,within a day,87.0,https://a0.muscache.com/pictures/prohost-api/Hosting-52867429/original/8a5de69e-02a6-4bc7-86b1-14b284547dcd.jpeg,-1,-1
52979478,Élysée,,Entire rental unit,Entire home/apt,0,816,within a day,87.0,https://a0.muscache.com/pictures/prohost-api/Hosting-52979478/original/f85e4107-ec12-4319-b61b-3fe5eefb596f.jpeg,-1,-1
52980501,Élysée,,Entire rental unit,Entire home/apt,303,1,within an hour,100.0,https://a0.muscache.com/pictures/miso/Hosting-52980501/original/4dd2758a-e688-4e3c-ac53-2d8a4e37d4c2.jpeg,-1,-1
52873137,Élysée,,Room in hotel,Private room,0,1,,,https://a0.muscache.com/pictures/c789fb32-ed70-4e69-a1b9-51685efc6cac.jpg,-1,-1
53133307,Élysée,,Entire condo,Entire home/apt,90,1,within a few hours,100.0,https://a0.muscache.com/pictures/hosting/Hosting-53133307/original/2441a262-6df0-48a2-9e52-f02e86d3c61a.jpeg,-1,-1
53247344,Élysée,,Private room in rental unit,Private room,106,2,within a few hours,80.0,https://a0.muscache.com/pictures/21a35b4d-a0e7-463e-8a7a-9175cc321fb2.jpg,-1,-1
53063280,Élysée,,Entire rental unit,Entire home/apt,170,72,within an hour,100.0,https://a0.muscache.com/pictures/miso/Hosting-53063280/original/cf3309a0-369e-446c-a514-9800d08696c1.jpeg,-1,-1
53285560,Élysée,,Entire rental unit,Entire home/apt,185,141,within an hour,100.0,https://a0.muscache.com/pictures/prohost-api/Hosting-53285560/original/241237f1-8170-4b0f-a106-1759dd2db202.jpeg,-1,-1
53211817,Élysée,,Entire condo,Entire home/apt,318,1,within an hour,100.0,https://a0.muscache.com/pictures/cf16e053-194a-4ab9-b77d-b5140cf291da.jpg,-1,-1
53285892,Élysée,,Entire rental unit,Entire home/apt,26,141,within an hour,100.0,https://a0.muscache.com/pictures/prohost-api/Hosting-53285892/original/d14dd81f-d9b4-4715-8191-e8105f93218e.jpeg,-1,-1
53380893,Élysée,,Entire rental unit,Entire home/apt,13,1,within an hour,100.0,https://a0.muscache.com/pictures/hosting/Hosting-53380893/original/e75a859a-f5c0-45e3-a177-abefd71bc066.jpeg,-1,-1
53541758,Élysée,,Entire rental unit,Entire home/apt,364,1,within an hour,100.0,https://a0.muscache.com/pictures/hosting/Hosting-U3RheVN1cHBseUxpc3Rpbmc6NTM1NDE3NTg=/original/de0ddfea-a4a5-4c37-be09-568bda109cad.jpeg,-1,-1
53394821,Élysée,,Entire rental unit,Entire home/apt,363,370,within an hour,100.0,https://a0.muscache.com/pictures/prohost-api/Hosting-53394821/original/9ba881ca-52da-4e50-8917-3e33c19a7440.jpeg,-1,-1
53397381,Élysée,,Room in boutique hotel,Private room,242,11,within an hour,87.0,https://a0.muscache.com/pictures/99f6a857-b9ce-4a4f-be35-f677a5c43d00.jpg,-1,-1
53360600,Élysée,,Entire rental unit,Entire home/apt,86,1,within an hour,100.0,https://a0.muscache.com/pictures/hosting/Hosting-U3RheVN1cHBseUxpc3Rpbmc6NTMzNjA2MDA=/original/5db2c6a3-e89e-4875-8724-29bba50c211a.jpeg,-1,-1
53437645,Élysée,,Entire rental unit,Entire home/apt,364,2,,,https://a0.muscache.com/pictures/miso/Hosting-53437645/original/56951b1b-ccc1-46e9-8aa7-5e1df3aa231a.jpeg,-1,-1
53437661,Élysée,,Entire rental unit,Entire home/apt,364,2,,,https://a0.muscache.com/pictures/miso/Hosting-53437661/original/cee1d6dc-3e90-4d03-bc89-1f9224ff5241.jpeg,-1,-1
53581369,Élysée,,Entire rental unit,Entire home/apt,18,9,within an hour,80.0,https://a0.muscache.com/pictures/hosting/Hosting-U3RheVN1cHBseUxpc3Rpbmc6NTM1ODEzNjk%3D/original/65e58fed-e658-46ad-8ad3-f2719e65a21b.jpeg,-1,-1
53661721,Élysée,,Entire rental unit,Entire home/apt,320,3,within an hour,90.0,https://a0.muscache.com/pictures/hosting/Hosting-53661721/original/53aae491-f93a-4e00-a424-0c7304b4d806.jpeg,-1,-1
53600755,Élysée,,Entire rental unit,Entire home/apt,204,19,within an hour,98.0,https://a0.muscache.com/pictures/prohost-api/Hosting-53600755/original/ee5628b7-4b10-4081-843a-8352ba9587e3.jpeg,-1,-1
53696088,Élysée,,Entire rental unit,Entire home/apt,256,2,within an hour,100.0,https://a0.muscache.com/pictures/7e126dac-290b-4514-a031-e226ba065013.jpg,-1,-1
53962502,Élysée,,Entire rental unit,Entire home/apt,198,19,within an hour,98.0,https://a0.muscache.com/pictures/prohost-api/Hosting-53962502/original/fd8dd119-37e6-484e-a741-6fef98da167c.jpeg,-1,-1
53754624,Élysée,,Entire rental unit,Entire home/apt,17,9,within an hour,80.0,https://a0.muscache.com/pictures/miso/Hosting-53754624/original/ae529161-42c0-4ad6-9a43-e56abfd42d1f.jpeg,-1,-1
54119165,Élysée,,Entire rental unit,Entire home/apt,0,1,,,https://a0.muscache.com/pictures/miso/Hosting-54119165/original/34f32822-194c-4d38-949d-8946433a1a24.jpeg,-1,-1
53847371,Élysée,,Entire rental unit,Entire home/apt,281,1,within a few hours,90.0,https://a0.muscache.com/pictures/a06e8c09-affa-4ddd-838b-d03bf3d695ca.jpg,-1,-1
54010330,Élysée,,Entire rental unit,Entire home/apt,155,141,within an hour,100.0,https://a0.muscache.com/pictures/prohost-api/Hosting-54010330/original/11db4408-364d-4b4d-bf8f-92afde2fd034.jpeg,-1,-1
53859164,Élysée,,Room in boutique hotel,Private room,342,4,,,https://a0.muscache.com/pictures/miso/Hosting-53859164/original/24c06a7d-d4cb-49ee-982d-4f5c9cc5be3d.jpeg,-1,-1
54138395,Élysée,,Entire rental unit,Entire home/apt,118,25,within an hour,100.0,https://a0.muscache.com/pictures/hosting/Hosting-U3RheVN1cHBseUxpc3Rpbmc6NTQxMzgzOTU%3D/original/c7060a92-7e7c-4074-99ed-6e00c1b4b958.jpeg,-1,-1
54015710,Élysée,,Entire rental unit,Entire home/apt,365,2,within a few hours,86.0,https://a0.muscache.com/pictures/miso/Hosting-54015710/original/3cca0afa-8d65-4c98-bd0c-1480054ffac5.jpeg,-1,-1
53862997,Élysée,,Entire condo,Entire home/apt,100,41,within an hour,99.0,https://a0.muscache.com/pictures/miso/Hosting-53862997/original/56a3125e-0c0d-498e-8006-72a071a86639.jpeg,-1,-1
54154280,Élysée,,Room in hotel,Private room,348,4,,,https://a0.muscache.com/pictures/miso/Hosting-54154280/original/cd2d9a2c-2ede-4a94-8655-a6b3dde758df.jpeg,-1,-1
54154430,Élysée,,Room in hotel,Private room,312,4,,,https://a0.muscache.com/pictures/miso/Hosting-54154430/original/373adfe5-0466-4094-b8dd-df618c3f2225.jpeg,-1,-1
54182401,Élysée,,Entire rental unit,Entire home/apt,0,1,,,https://a0.muscache.com/pictures/hosting/Hosting-54182401/original/baea6bf6-1469-4a24-9869-3a69b81aca9a.jpeg,-1,-1
54203417,Élysée,,Entire rental unit,Entire home/apt,228,2,within a few hours,100.0,https://a0.muscache.com/pictures/miso/Hosting-54203417/original/297b8da9-bf06-4ffa-b789-c355963bdf78.jpeg,-1,-1
54349151,Élysée,,Entire rental unit,Entire home/apt,202,147,within a day,88.0,https://a0.muscache.com/pictures/prohost-api/Hosting-54349151/original/6ae5b9ba-5def-4c76-ac15-dc8c18dbc810.jpeg,-1,-1
54349174,Élysée,,Entire rental unit,Entire home/apt,147,147,within a day,88.0,https://a0.muscache.com/pictures/hosting/Hosting-U3RheVN1cHBseUxpc3Rpbmc6NTQzNDkxNzQ=/original/476dcb0e-9540-4083-ba2c-6580d23d8b65.jpeg,-1,-1
54349307,Élysée,,Entire rental unit,Entire home/apt,128,147,within a day,88.0,https://a0.muscache.com/pictures/prohost-api/Hosting-54349307/original/8e0e23e4-83dc-4d67-8c9d-1fecae4f2f17.jpeg,-1,-1
54349372,Élysée,,Entire rental unit,Entire home/apt,196,147,within a day,88.0,https://a0.muscache.com/pictures/prohost-api/Hosting-54349372/original/0eb88cbe-13d1-4666-bc08-4701ad67399d.jpeg,-1,-1
537911236635650631,Élysée,,Entire rental unit,Entire home/apt,296,2,within a few hours,100.0,https://a0.muscache.com/pictures/085d7ddc-a382-416c-84c0-af8961053f90.jpg,-1,-1
54377619,Élysée,,Entire rental unit,Entire home/apt,170,147,within a day,88.0,https://a0.muscache.com/pictures/prohost-api/Hosting-54377619/original/5f7b9306-4a3e-484b-adb3-2fa998d699b3.jpeg,-1,-1
54403819,Élysée,,Entire rental unit,Entire home/apt,329,1,within a few hours,100.0,https://a0.muscache.com/pictures/miso/Hosting-54403819/original/e741dd67-e1b5-42ca-98f7-19de774288d2.jpeg,-1,-1
544689154599380412,Élysée,,Entire loft,Entire home/apt,167,816,within a day,87.0,https://a0.muscache.com/pictures/prohost-api/Hosting-544689154599380412/original/69993b1f-43c3-4538-bc8c-51dced1e977b.jpeg,-1,-1
546802174083939186,Élysée,,Entire home,Entire home/apt,268,213,within an hour,99.0,https://a0.muscache.com/pictures/miso/Hosting-546802174083939186/original/cf57ffd8-8219-4073-a3d0-ac718c609d44.jpeg,-1,-1
557003420895976573,Élysée,,Entire condo,Entire home/apt,115,72,within an hour,100.0,https://a0.muscache.com/pictures/miso/Hosting-557003420895976573/original/a551b509-5320-4164-b884-7c132437f391.jpeg,-1,-1
553367653211973652,Élysée,,Entire rental unit,Entire home/apt,271,24,within an hour,100.0,https://a0.muscache.com/pictures/miso/Hosting-553367653211973652/original/995e0439-8edc-407a-baf8-7c3be59c3cfe.jpeg,-1,-1
554056297721156952,Élysée,,Entire rental unit,Entire home/apt,0,2,,,https://a0.muscache.com/pictures/miso/Hosting-554056297721156952/original/06bcbee2-7d30-4fa4-b9a6-9136cedd662d.jpeg,-1,-1
557666965527815701,Élysée,,Entire rental unit,Entire home/apt,98,1,within an hour,100.0,https://a0.muscache.com/pictures/airflow/Hosting-557666965527815701/original/6f53660f-0ec4-43ac-aa3c-623e876a4d32.jpg,-1,-1
548982981921835287,Élysée,,Entire rental unit,Entire home/apt,314,816,within a day,87.0,https://a0.muscache.com/pictures/prohost-api/Hosting-548982981921835287/original/d58ecc6a-293e-474d-8179-e436682b4fdb.jpeg,-1,-1
549052512511151140,Élysée,,Room in boutique hotel,Private room,198,11,within an hour,87.0,https://a0.muscache.com/pictures/miso/Hosting-38897980/original/9c8e0197-5855-43d9-9f3e-da27c91d86c5.jpeg,-1,-1
555524661246894300,Élysée,,Entire rental unit,Entire home/apt,220,1,within a day,100.0,https://a0.muscache.com/pictures/hosting/Hosting-555524661246894300/original/78a14525-c7ec-44c6-ab9a-f4cbe3aafe58.jpeg,-1,-1
549688038849272914,Élysée,,Entire rental unit,Entire home/apt,353,816,within a day,87.0,https://a0.muscache.com/pictures/prohost-api/Hosting-549688038849272914/original/eeed12f7-7776-40d6-83b5-53b3a1ad1de0.jpeg,-1,-1
562789490133248681,Élysée,,Entire rental unit,Entire home/apt,20,1,within an hour,100.0,https://a0.muscache.com/pictures/4342a6a4-3e0b-4384-b1f6-55d4eb9f028e.jpg,-1,-1
562908323845309613,Élysée,,Entire rental unit,Entire home/apt,156,6,,,https://a0.muscache.com/pictures/prohost-api/Hosting-562908323845309613/original/bd85b54d-d730-4f43-af48-0698a70d7319.jpeg,-1,-1
560034382465427800,Élysée,,Entire rental unit,Entire home/apt,86,8,within an hour,100.0,https://a0.muscache.com/pictures/hosting/Hosting-560034382465427800/original/a6cf3a15-1f8f-4119-a042-a8ee94fc2791.jpeg,-1,-1
567270003568711651,Élysée,,Entire rental unit,Entire home/apt,255,3,within an hour,90.0,https://a0.muscache.com/pictures/f89dd794-fb03-4488-a4d4-aa01281ac7ce.jpg,-1,-1
567749322286572095,Élysée,,Room in hotel,Private room,111,2,,,https://a0.muscache.com/pictures/miso/Hosting-567749322286572095/original/8b7fb1dd-93dd-4a58-85bf-9bb321dd5312.jpeg,-1,-1
572171632862002472,Élysée,,Room in hotel,Private room,0,6,a few days or more,0.0,https://a0.muscache.com/pictures/miso/Hosting-572171632862002472/original/897a1b55-a3ab-4db9-871d-893cc7410dcf.jpeg,-1,-1
572178914113188935,Élysée,,Room in hotel,Private room,0,6,a few days or more,0.0,https://a0.muscache.com/pictures/miso/Hosting-572178914113188935/original/10a5533d-e7d5-44e4-93b8-73ef420dc211.jpeg,-1,-1
572183682320481308,Élysée,,Room in hotel,Private room,0,6,a few days or more,0.0,https://a0.muscache.com/pictures/miso/Hosting-572183682320481308/original/1e40be85-9688-4af0-9d52-820dedb66619.jpeg,-1,-1
572187223283589501,Élysée,,Room in hotel,Private room,0,6,a few days or more,0.0,https://a0.muscache.com/pictures/miso/Hosting-572187223283589501/original/67d377c9-5bcb-4f09-b152-05549d8c0ffe.jpeg,-1,-1
572190865843763174,Élysée,,Room in hotel,Private room,0,6,a few days or more,0.0,https://a0.muscache.com/pictures/miso/Hosting-572190865843763174/original/ddc0ec4d-0f9b-4fa0-bf46-c962f558db74.jpeg,-1,-1
568123020306704686,Élysée,,Entire rental unit,Entire home/apt,0,1,within a few hours,100.0,https://a0.muscache.com/pictures/hosting/Hosting-U3RheVN1cHBseUxpc3Rpbmc6NTY4MTIzMDIwMzA2NzA0Njg2/original/9f562185-6d3b-4261-9124-30a5b480213f.png,-1,-1
564890107878241104,Élysée,,Room in hotel,Private room,111,2,,,https://a0.muscache.com/pictures/miso/Hosting-564890107878241104/original/6a3b6e98-6755-4e9c-a3d8-161b21a1eb42.jpeg,-1,-1
572902783413603793,Élysée,,Entire rental unit,Entire home/apt,227,1,within an hour,90.0,https://a0.muscache.com/pictures/miso/Hosting-572902783413603793/original/eb297836-3182-4a0b-944e-d0ed4edc26a6.jpeg,-1,-1
565095645322286011,Élysée,,Entire rental unit,Entire home/apt,319,1,within an hour,100.0,https://a0.muscache.com/pictures/prohost-api/Hosting-565095645322286011/original/8d8bda58-98a8-4cc5-ac1e-ab122fdb7268.jpeg,-1,-1
569960394887398431,Élysée,,Entire rental unit,Entire home/apt,1,1,within an hour,100.0,https://a0.muscache.com/pictures/hosting/Hosting-569960394887398431/original/98bb773b-a4df-4355-88d2-377d933801ce.jpeg,-1,-1
570410754764554083,Élysée,,Entire rental unit,Entire home/apt,257,1,,,https://a0.muscache.com/pictures/ab511590-10ea-4d54-9799-52ac7e2c2def.jpg,-1,-1
575136553861098003,Élysée,,Entire rental unit,Entire home/apt,332,191,within an hour,99.0,https://a0.muscache.com/pictures/miso/Hosting-575136553861098003/original/60a6a476-3d80-4b3f-852b-41aea54c1b04.jpeg,-1,-1
571760104790972356,Élysée,,Entire rental unit,Entire home/apt,78,1,within a few hours,100.0,https://a0.muscache.com/pictures/miso/Hosting-571760104790972356/original/a219ecf3-0ff2-4e66-8de3-17db7298a620.jpeg,-1,-1
576653956457056389,Élysée,,Entire rental unit,Entire home/apt,328,4,within an hour,100.0,https://a0.muscache.com/pictures/miso/Hosting-576653956457056389/original/e493e56c-092b-41ed-9ae2-47fc49fb562d.jpeg,-1,-1
578776975207497479,Élysée,,Entire rental unit,Entire home/apt,144,147,within a day,88.0,https://a0.muscache.com/pictures/prohost-api/Hosting-578776975207497479/original/a3289047-c965-4150-8555-57cb87d55e6e.jpeg,-1,-1
579008795016151227,Élysée,,Entire rental unit,Entire home/apt,211,63,within a few hours,97.0,https://a0.muscache.com/pictures/381d4030-3a49-44ba-a2e3-080fa1e81459.jpg,-1,-1
582339864607604447,Élysée,,Entire rental unit,Entire home/apt,198,8,within an hour,100.0,https://a0.muscache.com/pictures/prohost-api/Hosting-582339864607604447/original/d95cebf1-be46-4301-b982-294acc47a1b4.jpeg,-1,-1
579440595491945647,Élysée,,Entire rental unit,Entire home/apt,12,816,within a day,87.0,https://a0.muscache.com/pictures/prohost-api/Hosting-579440595491945647/original/11664594-d3d2-49c8-92ff-9193cafce315.jpeg,-1,-1
579608614231778339,Élysée,,Entire rental unit,Entire home/apt,0,1,,,https://a0.muscache.com/pictures/hosting/Hosting-579608614231778339/original/939d7cfa-4436-40b9-ada3-e6431613f1a9.jpeg,-1,-1
579682727934965644,Élysée,,Room in boutique hotel,Private room,205,1,,,https://a0.muscache.com/pictures/miso/Hosting-579682727934965644/original/ded6a9aa-6c1d-450b-a1be-8fd35d167db3.jpeg,-1,-1
586820414438980738,Élysée,,Entire rental unit,Entire home/apt,200,19,within an hour,98.0,https://a0.muscache.com/pictures/prohost-api/Hosting-586820414438980738/original/33ff6262-7bee-4a95-9ff7-b0f15eaa7bb5.jpeg,-1,-1
587413646189914392,Élysée,,Entire rental unit,Entire home/apt,50,816,within a day,87.0,https://a0.muscache.com/pictures/prohost-api/Hosting-587413646189914392/original/8f78942d-6217-46d5-aaf8-cbd131e4fff7.jpeg,-1,-1
587703105378843795,Élysée,,Entire rental unit,Entire home/apt,0,1,,,https://a0.muscache.com/pictures/miso/Hosting-587703105378843795/original/8f02ac97-d766-444c-be7c-ca165bfbd9ad.jpeg,-1,-1
587749873623206933,Élysée,,Entire rental unit,Entire home/apt,0,1,within a day,86.0,https://a0.muscache.com/pictures/miso/Hosting-587749873623206933/original/a52922bf-7569-4b67-9cf0-1e49de2d538c.jpeg,-1,-1
590967392647940686,Élysée,,Entire rental unit,Entire home/apt,0,2,,,https://a0.muscache.com/pictures/c217bd6c-1e4f-4067-b5c8-8807ba361770.jpg,-1,-1
585351531933912781,Élysée,,Entire vacation home,Entire home/apt,159,8,within a day,87.0,https://a0.muscache.com/pictures/miso/Hosting-585351531933912781/original/6adb69dc-3cab-412d-9a55-923746c4b816.jpeg,-1,-1
594085327971871480,Élysée,,Entire rental unit,Entire home/apt,7,1,within a few hours,100.0,https://a0.muscache.com/pictures/hosting/Hosting-U3RheVN1cHBseUxpc3Rpbmc6NTk0MDg1MzI3OTcxODcxNDgw/original/ca8fe9c2-4f0b-4d47-b167-e78d114074c1.jpeg,-1,-1
594179991671724995,Élysée,,Entire rental unit,Entire home/apt,0,1,,,https://a0.muscache.com/pictures/a7a3eb09-ba46-422e-9cda-3e336d45cf15.jpg,-1,-1
594472545867051694,Élysée,,Entire rental unit,Entire home/apt,288,4,within an hour,100.0,https://a0.muscache.com/pictures/miso/Hosting-594472545867051694/original/60618fbf-4a9a-453f-9642-d03dd61eaba4.jpeg,-1,-1
591901076019570859,Élysée,,Entire rental unit,Entire home/apt,0,1,,,https://a0.muscache.com/pictures/hosting/Hosting-U3RheVN1cHBseUxpc3Rpbmc6NTkxOTAxMDc2MDE5NTcwODU5/original/638558a1-e384-4e88-82c8-f03cf81d82d5.jpeg,-1,-1
595297179397840943,Élysée,,Entire rental unit,Entire home/apt,329,4,within an hour,100.0,https://a0.muscache.com/pictures/7b26ce49-07e6-49ec-9854-93840635136b.jpg,-1,-1
603358803923399963,Élysée,,Entire rental unit,Entire home/apt,157,2,within an hour,100.0,https://a0.muscache.com/pictures/hosting/Hosting-U3RheVN1cHBseUxpc3Rpbmc6NjAzMzU4ODAzOTIzMzk5OTYz/original/01502565-7530-411b-81ad-3b9b048da83d.jpeg,-1,-1
603470649331945460,Élysée,,Entire rental unit,Entire home/apt,309,45,,,https://a0.muscache.com/pictures/miso/Hosting-603470649331945460/original/3b3a39f9-ee61-4d5d-a8ea-e6ccaf211584.jpeg,-1,-1
603475427410256345,Élysée,,Entire rental unit,Entire home/apt,330,45,,,https://a0.muscache.com/pictures/miso/Hosting-603475427410256345/original/1bb991ab-b535-49ab-807e-1f14ca1045d4.jpeg,-1,-1
603511530853226927,Élysée,,Entire rental unit,Entire home/apt,230,1,within a few hours,80.0,https://a0.muscache.com/pictures/miso/Hosting-603511530853226927/original/ad5b73f6-4807-43f2-8ed9-53bf9cc0117b.jpeg,-1,-1
604197295774689485,Élysée,,Entire rental unit,Entire home/apt,209,1,within an hour,100.0,https://a0.muscache.com/pictures/hosting/Hosting-604197295774689485/original/486a9342-ce81-4f68-8c05-fcdf406a36ae.jpeg,-1,-1
604309922107973799,Élysée,,Entire condo,Entire home/apt,46,1,within an hour,100.0,https://a0.muscache.com/pictures/miso/Hosting-604309922107973799/original/e202f5d9-e380-4a65-b58e-73240b4ad582.jpeg,-1,-1
607805133256605141,Élysée,,Entire rental unit,Entire home/apt,341,1,within a few hours,70.0,https://a0.muscache.com/pictures/7fe9c040-9c6a-47f5-9d0c-d2f90a46dc2c.jpg,-1,-1
601146978123068798,Élysée,,Tiny home,Entire home/apt,0,1,within a few hours,100.0,https://a0.muscache.com/pictures/miso/Hosting-601146978123068798/original/5d9548f6-aa11-412a-bee6-3af899f43225.jpeg,-1,-1
609106640789714412,Élysée,,Entire rental unit,Entire home/apt,286,10,within an hour,100.0,https://a0.muscache.com/pictures/miso/Hosting-609106640789714412/original/aa91b6c5-a4a3-4873-ad65-ab0245ef7f37.png,-1,-1
609112785666527042,Élysée,,Entire rental unit,Entire home/apt,321,10,within an hour,100.0,https://a0.muscache.com/pictures/miso/Hosting-609112785666527042/original/d11e05f3-6849-4e23-af60-4f18caeb68cf.png,-1,-1
609123994045629323,Élysée,,Entire rental unit,Entire home/apt,324,1,within an hour,100.0,https://a0.muscache.com/pictures/miso/Hosting-609123994045629323/original/600fc05d-5321-414b-9586-41d928676720.png,-1,-1
615720179683430403,Élysée,,Entire rental unit,Entire home/apt,0,1,,,https://a0.muscache.com/pictures/miso/Hosting-615720179683430403/original/e3ded0f5-5829-440d-b87e-f8bcc60a2f06.jpeg,-1,-1
612990386232201151,Élysée,,Entire vacation home,Entire home/apt,157,1,,,https://a0.muscache.com/pictures/miso/Hosting-612990386232201151/original/79bce8df-2846-4085-ab41-3858f87cde7f.jpeg,-1,-1
609894265082721185,Élysée,,Entire rental unit,Entire home/apt,28,816,within a day,87.0,https://a0.muscache.com/pictures/prohost-api/Hosting-609894265082721185/original/a8cf1658-34ff-433d-bd0e-e8e2eb12bac1.jpeg,-1,-1
613522230361672646,Élysée,,Entire rental unit,Entire home/apt,194,19,within an hour,98.0,https://a0.muscache.com/pictures/prohost-api/Hosting-613522230361672646/original/e3250316-4561-4d21-ab3c-422142a9aafe.jpeg,-1,-1
622491835401149232,Élysée,,Private room in rental unit,Private room,0,1,,,https://a0.muscache.com/pictures/miso/Hosting-622491835401149232/original/d4a02718-79be-413d-b49d-792859d0e547.jpeg,-1,-1
624714016439758208,Élysée,,Entire rental unit,Entire home/apt,365,20,a few days or more,0.0,https://a0.muscache.com/pictures/67590d83-3998-4a9d-845f-c0601d56070d.jpg,-1,-1
619918231054718987,Élysée,,Entire rental unit,Entire home/apt,350,1,within a day,67.0,https://a0.muscache.com/pictures/miso/Hosting-619918231054718987/original/c9cf61eb-a7d0-4a00-805c-7dc4e888326f.jpeg,-1,-1
624375807769691493,Élysée,,Entire rental unit,Entire home/apt,169,1,a few days or more,0.0,https://a0.muscache.com/pictures/4cc35aa4-08a1-4606-90cf-be05318ac398.jpg,-1,-1
630424408480809604,Élysée,,Private room in rental unit,Private room,285,1,within an hour,100.0,https://a0.muscache.com/pictures/miso/Hosting-630424408480809604/original/bc074635-04d0-4077-b90c-184365215c37.jpeg,-1,-1
633816909319451460,Élysée,,Entire rental unit,Entire home/apt,0,816,within a day,87.0,https://a0.muscache.com/pictures/prohost-api/Hosting-633816909319451460/original/ed59073d-c8dd-4063-ae7d-0683814685a1.jpeg,-1,-1
632473658469819873,Élysée,,Private room in rental unit,Private room,298,1,within an hour,100.0,https://a0.muscache.com/pictures/c31b42e6-2d12-48b8-bafb-0e67d6affbdc.jpg,-1,-1
632556268135822438,Élysée,,Entire rental unit,Entire home/apt,241,1,within a day,100.0,https://a0.muscache.com/pictures/miso/Hosting-632556268135822438/original/d171f352-31ec-49dc-a4c6-e742e1184d17.jpeg,-1,-1
634328089288836753,Élysée,,Entire rental unit,Entire home/apt,0,1,,,https://a0.muscache.com/pictures/prohost-api/Hosting-634328089288836753/original/5b531050-3240-4a17-9e21-420b2d84ebf1.jpeg,-1,-1
632987221939089367,Élysée,,Entire rental unit,Entire home/apt,292,1,within an hour,100.0,https://a0.muscache.com/pictures/hosting/Hosting-632987221939089367/original/d4c539a0-d07a-427e-b55f-347658fb0201.jpeg,-1,-1
633008082610755252,Élysée,,Entire rental unit,Entire home/apt,285,1,within an hour,100.0,https://a0.muscache.com/pictures/hosting/Hosting-633008082610755252/original/89f4abf9-cf26-4140-a8d5-1fd5f63896a2.jpeg,-1,-1
637589142815041368,Élysée,,Entire rental unit,Entire home/apt,0,1,,,https://a0.muscache.com/pictures/2e5e42df-7bea-47d4-adbd-1743d51632ac.jpg,-1,-1
638155483170218263,Élysée,,Entire rental unit,Entire home/apt,226,816,within a day,87.0,https://a0.muscache.com/pictures/prohost-api/Hosting-638155483170218263/original/826295ef-9bee-40fd-9172-3f8e77c0e1a7.jpeg,-1,-1
639541059848241495,Élysée,,Entire rental unit,Entire home/apt,0,74,within a day,58.0,https://a0.muscache.com/pictures/miso/Hosting-639541059848241495/original/9ac95b7e-a780-443d-95a8-b0db361f6c6b.jpeg,-1,-1
639725043752631615,Élysée,,Room in aparthotel,Entire home/apt,72,12,within an hour,100.0,https://a0.muscache.com/pictures/hosting/Hosting-U3RheVN1cHBseUxpc3Rpbmc6NjM5NzI1MDQzNzUyNjMxNjE1/original/257ea79d-ed3d-4304-8ffd-eb8a822ffa17.jpeg,-1,-1
639725654120558820,Élysée,,Room in aparthotel,Entire home/apt,73,12,within an hour,100.0,https://a0.muscache.com/pictures/hosting/Hosting-U3RheVN1cHBseUxpc3Rpbmc6NjM5NzI1NjU0MTIwNTU4ODIw/original/56079112-25d2-4ad7-95bc-c44654bd8e48.jpeg,-1,-1
639739501677735477,Élysée,,Entire condo,Entire home/apt,0,1,,,https://a0.muscache.com/pictures/hosting/Hosting-639739501677735477/original/25316655-0f4d-4d3b-b03d-66751bff15ce.jpeg,-1,-1
642100347544926835,Élysée,,Entire rental unit,Entire home/apt,365,20,a few days or more,0.0,https://a0.muscache.com/pictures/miso/Hosting-642100347544926835/original/6ecdce91-09a5-4ebe-8c52-c32ffb868c57.jpeg,-1,-1
644037299742822649,Élysée,,Entire rental unit,Entire home/apt,0,1,within an hour,100.0,https://a0.muscache.com/pictures/miso/Hosting-644037299742822649/original/770f082a-c83b-43f4-b356-cb49756942c9.jpeg,-1,-1
643133749958769882,Élysée,,Entire rental unit,Entire home/apt,42,1,within an hour,100.0,https://a0.muscache.com/pictures/prohost-api/Hosting-643133749958769882/original/e7db2b39-f2b6-4edf-9467-a48c0f167554.jpeg,-1,-1
640476038868176116,Élysée,,Entire rental unit,Entire home/apt,337,1,within a few hours,100.0,https://a0.muscache.com/pictures/miso/Hosting-640476038868176116/original/0af7a87f-b4bc-43a1-b56a-8d2d07965b7a.jpeg,-1,-1
641035013393922812,Élysée,,Entire rental unit,Entire home/apt,9,816,within a day,87.0,https://a0.muscache.com/pictures/prohost-api/Hosting-641035013393922812/original/c8fe318a-80ba-4334-87d4-f65c58359032.jpeg,-1,-1
644785176419646761,Élysée,,Entire rental unit,Entire home/apt,198,19,within an hour,98.0,https://a0.muscache.com/pictures/prohost-api/Hosting-644785176419646761/original/8eb6f131-2b71-4f64-8787-04fcebe367e7.jpeg,-1,-1
649223800156661385,Élysée,,Entire rental unit,Entire home/apt,0,184,within an hour,100.0,https://a0.muscache.com/pictures/prohost-api/Hosting-649223800156661385/original/d67366fb-a14b-43ad-b307-233aecd6299b.jpeg,-1,-1
649225829419588357,Élysée,,Entire condo,Entire home/apt,0,1,within an hour,100.0,https://a0.muscache.com/pictures/hosting/Hosting-649225829419588357/original/be47fcc1-3c6e-4b67-b237-977e4130cbe7.jpeg,-1,-1
649259112633453785,Élysée,,Entire rental unit,Entire home/apt,51,1,within a few hours,100.0,https://a0.muscache.com/pictures/miso/Hosting-649259112633453785/original/dd16cef6-1276-4b0c-93cc-26db2065b93d.jpeg,-1,-1
651054653562096477,Élysée,,Entire rental unit,Entire home/apt,0,2,,,https://a0.muscache.com/pictures/miso/Hosting-651054653562096477/original/a27974ae-d6ce-4b2c-94c2-01d8197ab8cf.jpeg,-1,-1
648098562183748330,Élysée,,Entire condo,Entire home/apt,0,4,within an hour,100.0,https://a0.muscache.com/pictures/miso/Hosting-648098562183748330/original/f742b6ff-5e2a-4fa7-baec-ddc37e6db08a.jpeg,-1,-1
649965505741306628,Élysée,,Entire rental unit,Entire home/apt,0,184,within an hour,100.0,https://a0.muscache.com/pictures/prohost-api/Hosting-649965505741306628/original/d7af8b72-af92-43c4-b7ac-f9c248cfc6b1.jpeg,-1,-1
650087875508913637,Élysée,,Entire condo,Entire home/apt,0,2,within a few hours,100.0,https://a0.muscache.com/pictures/miso/Hosting-650087875508913637/original/490b4571-5a77-42fc-8384-04eaf72b62bb.jpeg,-1,-1
652604214846443684,Élysée,,Entire condo,Entire home/apt,180,72,within an hour,100.0,https://a0.muscache.com/pictures/miso/Hosting-652604214846443684/original/184a21c5-9582-4641-a8be-375fcfc71539.jpeg,-1,-1
653292371887242169,Élysée,,Entire rental unit,Entire home/apt,339,121,within an hour,100.0,https://a0.muscache.com/pictures/hosting/Hosting-U3RheVN1cHBseUxpc3Rpbmc6NjUzMjkyMzcxODg3MjQyMTY5/original/6a2404f0-3312-4752-9117-01d98ee45eed.jpeg,-1,-1
655017881750608019,Élysée,,Private room in rental unit,Private room,0,2,,,https://a0.muscache.com/pictures/miso/Hosting-655017881750608019/original/b54c0d52-5597-41c3-9ca4-4655e6ca7891.jpeg,-1,-1
652853693894006739,Élysée,,Entire rental unit,Entire home/apt,0,1,,,https://a0.muscache.com/pictures/7f27f6f9-f848-4262-a50c-5143c3c8e5ac.jpg,-1,-1
655680644471425734,Élysée,,Entire rental unit,Entire home/apt,4,1,within a few hours,100.0,https://a0.muscache.com/pictures/miso/Hosting-655680644471425734/original/89f615cd-1bea-4f4a-8b82-cbfe4ba6264f.jpeg,-1,-1
655701525771992963,Élysée,,Entire rental unit,Entire home/apt,0,1,within an hour,100.0,https://a0.muscache.com/pictures/miso/Hosting-655701525771992963/original/dc9a1742-c29a-4a9b-a75b-732642e04ed3.jpeg,-1,-1
654245362735026734,Élysée,,Entire rental unit,Entire home/apt,5,57,within an hour,99.0,https://a0.muscache.com/pictures/miso/Hosting-654245362735026734/original/0c1b60bc-81e8-49c6-99ea-14b7e81e5cbe.jpeg,-1,-1
660540155758373136,Élysée,,Entire rental unit,Entire home/apt,332,2,within an hour,100.0,https://a0.muscache.com/pictures/miso/Hosting-660540155758373136/original/51525e99-0fa8-4c15-98b0-4ce1bbcbf316.jpeg,-1,-1
660583102865952289,Élysée,,Entire rental unit,Entire home/apt,349,2,within an hour,96.0,https://a0.muscache.com/pictures/miso/Hosting-660583102865952289/original/77e24d3a-8d65-42c0-89e9-ec63964b6697.jpeg,-1,-1
661697087465562276,Élysée,,Private room in rental unit,Private room,25,3,within an hour,100.0,https://a0.muscache.com/pictures/miso/Hosting-661697087465562276/original/554511c1-2ac7-4f04-91ab-35e964882046.jpeg,-1,-1
662287561261884028,Élysée,,Entire rental unit,Entire home/apt,0,1,,,https://a0.muscache.com/pictures/miso/Hosting-662287561261884028/original/92c8410c-2506-4601-b1ce-31cb664ea890.jpeg,-1,-1
663701464381827824,Élysée,,Entire rental unit,Entire home/apt,0,1,,,https://a0.muscache.com/pictures/miso/Hosting-663701464381827824/original/87126bd4-0411-42d1-90f8-e675657da748.jpeg,-1,-1
661266782980850337,Élysée,,Entire rental unit,Entire home/apt,295,1,within a few hours,100.0,https://a0.muscache.com/pictures/miso/Hosting-661266782980850337/original/9e3edab2-bd15-4ef7-93d6-88cdc84e4006.jpeg,-1,-1
664127343314586001,Élysée,,Entire rental unit,Entire home/apt,244,1,within an hour,100.0,https://a0.muscache.com/pictures/5821153c-042b-4f6b-997a-1d05f1165c5d.jpg,-1,-1
663451670099707728,Élysée,,Entire rental unit,Entire home/apt,2,204,within an hour,100.0,https://a0.muscache.com/pictures/prohost-api/Hosting-663451670099707728/original/abca342a-c503-4c26-afaa-36d9cd51bed7.jpeg,-1,-1
664373418755352725,Élysée,,Entire rental unit,Entire home/apt,306,121,within an hour,100.0,https://a0.muscache.com/pictures/hosting/Hosting-U3RheVN1cHBseUxpc3Rpbmc6NjY0MzczNDE4NzU1MzUyNzI1/original/3b1be811-c8a4-4ca6-a61e-4780577c5f57.jpeg,-1,-1
666345413674172297,Élysée,,Entire rental unit,Entire home/apt,225,1,,,https://a0.muscache.com/pictures/miso/Hosting-666345413674172297/original/f2c7df17-a7ea-477f-8efd-0e981738fd58.jpeg,-1,-1
666588553177238830,Élysée,,Entire rental unit,Entire home/apt,89,1,a few days or more,0.0,https://a0.muscache.com/pictures/miso/Hosting-666588553177238830/original/f2bb6d86-9027-4a51-b857-1367fccae46b.jpeg,-1,-1
668606060803962851,Élysée,,Entire rental unit,Entire home/apt,86,816,within a day,87.0,https://a0.muscache.com/pictures/prohost-api/Hosting-668606060803962851/original/c2ad7de8-4ba3-470c-9b75-4f138205783d.jpeg,-1,-1
669439142362283842,Élysée,,Private room in rental unit,Private room,19,3,within an hour,100.0,https://a0.muscache.com/pictures/2fb4bb38-f35e-4b84-b72d-8c72a48c8386.jpg,-1,-1
669616090408633462,Élysée,,Entire rental unit,Entire home/apt,345,3,within an hour,82.0,https://a0.muscache.com/pictures/bb022ee7-d7fe-48d7-b4cd-1c0ad6217861.jpg,-1,-1
672275691398554695,Élysée,,Entire rental unit,Entire home/apt,325,1,within an hour,100.0,https://a0.muscache.com/pictures/miso/Hosting-672275691398554695/original/5361f5fc-9026-43a6-a349-a2a46ddae22c.jpeg,-1,-1
674525284050712019,Élysée,,Entire rental unit,Entire home/apt,288,816,within a day,87.0,https://a0.muscache.com/pictures/prohost-api/Hosting-674525284050712019/original/9ed063fc-bd47-466b-8b88-775dbaa6dc59.jpeg,-1,-1
674527854171381537,Élysée,,Entire rental unit,Entire home/apt,288,816,within a day,87.0,https://a0.muscache.com/pictures/prohost-api/Hosting-674527854171381537/original/cb689744-64cf-42b6-a6e1-05c598f0ea9c.jpeg,-1,-1
673506298244253119,Élysée,,Entire rental unit,Entire home/apt,365,20,a few days or more,0.0,https://a0.muscache.com/pictures/e7fb5afd-6619-4c24-b2f3-f7662d8123ee.jpg,-1,-1
675161071608677177,Élysée,,Entire condo,Entire home/apt,351,1,within an hour,100.0,https://a0.muscache.com/pictures/hosting/Hosting-U3RheVN1cHBseUxpc3Rpbmc6Njc1MTYxMDcxNjA4Njc3MTc3/original/8c6bdcbe-862b-4983-aaa5-9fd381e27b3c.jpeg,-1,-1
676011457810393847,Élysée,,Entire rental unit,Entire home/apt,297,10,within an hour,100.0,https://a0.muscache.com/pictures/miso/Hosting-676011457810393847/original/f63f4c25-b2be-40e5-9159-4fd789d423a2.png,-1,-1
681238783413663479,Élysée,,Entire rental unit,Entire home/apt,192,1,within an hour,100.0,https://a0.muscache.com/pictures/miso/Hosting-681238783413663479/original/fdc69ecf-f902-45c1-878e-90d4e0e8c1b4.jpeg,-1,-1
679610328085922064,Élysée,,Entire rental unit,Entire home/apt,0,1,,,https://a0.muscache.com/pictures/miso/Hosting-679610328085922064/original/85e8b8a4-0f7f-4080-a5dc-9add048c4e36.jpeg,-1,-1
679765220770789631,Élysée,,Entire rental unit,Entire home/apt,256,1,,,https://a0.muscache.com/pictures/miso/Hosting-679765220770789631/original/3e846823-d14c-465a-acc1-0bf6108e6428.jpeg,-1,-1
678031721758706407,Élysée,,Entire rental unit,Entire home/apt,263,1,within a day,100.0,https://a0.muscache.com/pictures/hosting/Hosting-678031721758706407/original/11fd5c29-db36-44d6-8316-1eee38f22aa0.jpeg,-1,-1
682378065692237912,Élysée,,Entire rental unit,Entire home/apt,113,2,within a day,100.0,https://a0.muscache.com/pictures/hosting/Hosting-U3RheVN1cHBseUxpc3Rpbmc6NjgyMzc4MDY1NjkyMjM3OTEy/original/78782b83-7215-438a-9d59-c50222b8ee38.jpeg,-1,-1
678807472996794580,Élysée,,Entire rental unit,Entire home/apt,364,130,within a day,58.0,https://a0.muscache.com/pictures/miso/Hosting-678807472996794580/original/c57d08f5-f1c2-49e9-a83b-d28ddc97d464.jpeg,-1,-1
683652416196198857,Élysée,,Entire rental unit,Entire home/apt,0,1,,,https://a0.muscache.com/pictures/miso/Hosting-683652416196198857/original/18390d3a-ba01-4580-a27c-5b50a2d6d30d.png,-1,-1
696337740842692256,Élysée,,Entire loft,Entire home/apt,64,1,a few days or more,0.0,https://a0.muscache.com/pictures/miso/Hosting-696337740842692256/original/74eb6cd8-4935-45d8-a105-a6dc762e205b.jpeg,-1,-1
696433710614210796,Élysée,,Entire rental unit,Entire home/apt,0,1,,,https://a0.muscache.com/pictures/fa9a31a6-fa7a-49db-b3d5-c141a23f7da7.jpg,-1,-1
690962973642108786,Élysée,,Entire rental unit,Entire home/apt,358,8,within an hour,100.0,https://a0.muscache.com/pictures/prohost-api/Hosting-690962973642108786/original/7d190839-cf53-4275-b074-c8f8cece1ea9.jpeg,-1,-1
699701349236371561,Élysée,,Entire serviced apartment,Entire home/apt,42,3,within an hour,90.0,https://a0.muscache.com/pictures/miso/Hosting-699701349236371561/original/bcb9d4e3-b745-46c6-9202-8eaf67ef46c7.jpeg,-1,-1
699794573984577195,Élysée,,Entire rental unit,Entire home/apt,38,141,within an hour,100.0,https://a0.muscache.com/pictures/prohost-api/Hosting-699794573984577195/original/855e26c1-9a49-478e-9327-f090fd1ec804.jpeg,-1,-1
699893433427628983,Élysée,,Entire rental unit,Entire home/apt,228,24,within an hour,100.0,https://a0.muscache.com/pictures/miso/Hosting-699893433427628983/original/2d20f048-a73c-4cfa-8b66-51156f319a6a.jpeg,-1,-1
699903402199525432,Élysée,,Entire rental unit,Entire home/apt,56,1,within a few hours,100.0,https://a0.muscache.com/pictures/miso/Hosting-699903402199525432/original/2f796c75-6158-40f4-a620-60b8b0c91604.jpeg,-1,-1
700013667948229865,Élysée,,Entire rental unit,Entire home/apt,270,2,,,https://a0.muscache.com/pictures/hosting/Hosting-U3RheVN1cHBseUxpc3Rpbmc6NzAwMDEzNjY3OTQ4MjI5ODY1/original/b1804bc6-04c9-4b4d-9362-d6dd49bcd215.jpeg,-1,-1
700451488403848331,Élysée,,Entire rental unit,Entire home/apt,247,816,within a day,87.0,https://a0.muscache.com/pictures/prohost-api/Hosting-700451488403848331/original/40ad0a62-6e45-4cda-aabc-4fb26560eb6f.jpeg,-1,-1
698284013611863410,Élysée,,Entire rental unit,Entire home/apt,0,1,,,https://a0.muscache.com/pictures/prohost-api/Hosting-698284013611863410/original/47a08c63-b61a-40b7-88ed-64153fb2dba2.jpeg,-1,-1
704882310032960061,Élysée,,Entire rental unit,Entire home/apt,242,8,within an hour,100.0,https://a0.muscache.com/pictures/miso/Hosting-704882310032960061/original/980e7b24-b8f1-4eff-aa13-1e4c588cf2d5.jpeg,-1,-1
705613085667520572,Élysée,,Entire rental unit,Entire home/apt,260,1,within an hour,100.0,https://a0.muscache.com/pictures/prohost-api/Hosting-705613085667520572/original/586e46cb-c151-4c58-8d4a-f251dc3c23d3.jpeg,-1,-1
708541033902709139,Élysée,,Entire rental unit,Entire home/apt,228,2,within an hour,100.0,https://a0.muscache.com/pictures/hosting/Hosting-U3RheVN1cHBseUxpc3Rpbmc6NzA4NTQxMDMzOTAyNzA5MTM5/original/9de53afe-eb77-4072-a9b1-3c202f10101c.jpeg,-1,-1
705725179597168369,Élysée,,Entire rental unit,Entire home/apt,0,1,,,https://a0.muscache.com/pictures/miso/Hosting-705725179597168369/original/5a68d3c2-6915-476e-be90-c0bebf728f6f.jpeg,-1,-1
708696934541528736,Élysée,,Entire rental unit,Entire home/apt,66,1,within an hour,100.0,https://a0.muscache.com/pictures/cbe25b98-cbb1-43a0-b13b-c9e6145cf1d4.jpg,-1,-1
706362020212859647,Élysée,,Entire rental unit,Entire home/apt,288,121,within an hour,100.0,https://a0.muscache.com/pictures/hosting/Hosting-U3RheVN1cHBseUxpc3Rpbmc6NzA2MzYyMDIwMjEyODU5NjQ3/original/9a49903b-94e3-4b4b-b78a-a9e3a54fbf2f.jpeg,-1,-1
715737903469693967,Élysée,,Entire rental unit,Entire home/apt,311,816,within a day,87.0,https://a0.muscache.com/pictures/prohost-api/Hosting-715737903469693967/original/30fc2321-8998-4e73-a93f-112aa471cfd1.jpeg,-1,-1
714374784329587828,Élysée,,Entire rental unit,Entire home/apt,274,1,within an hour,100.0,https://a0.muscache.com/pictures/prohost-api/Hosting-714374784329587828/original/edc3c0ff-5cfa-4638-a946-3768a01f265c.jpeg,-1,-1
719759965612476480,Élysée,,Entire rental unit,Entire home/apt,332,8,within an hour,100.0,https://a0.muscache.com/pictures/prohost-api/Hosting-719759965612476480/original/017eb2d9-2673-4aab-8e4e-a6d769fb7cbf.jpeg,-1,-1
720760305504868291,Élysée,,Entire rental unit,Entire home/apt,14,816,within a day,87.0,https://a0.muscache.com/pictures/prohost-api/Hosting-720760305504868291/original/6642c1ff-473c-4deb-8243-083bae7b0756.jpeg,-1,-1
723195920934451055,Élysée,,Entire rental unit,Entire home/apt,67,2,within a day,100.0,https://a0.muscache.com/pictures/miso/Hosting-723195920934451055/original/de730284-dbef-4903-a917-8393ecc39d2a.jpeg,-1,-1
721626584139109180,Élysée,,Entire rental unit,Entire home/apt,267,1,within an hour,100.0,https://a0.muscache.com/pictures/prohost-api/Hosting-721626584139109180/original/fb9a4002-635a-490e-b34c-561f036ff77b.jpeg,-1,-1
722051190960014088,Élysée,,Entire rental unit,Entire home/apt,11,1,,,https://a0.muscache.com/pictures/miso/Hosting-722051190960014088/original/bbf8ab34-c1fa-4a71-acb4-c213d4a09ef0.jpeg,-1,-1
724426464229666914,Élysée,,Entire rental unit,Entire home/apt,304,8,within an hour,100.0,https://a0.muscache.com/pictures/prohost-api/Hosting-724426464229666914/original/701d8ced-bb81-4a9a-8681-4e1d2e904b29.jpeg,-1,-1
722296136152789636,Élysée,,Entire rental unit,Entire home/apt,271,816,within a day,87.0,https://a0.muscache.com/pictures/prohost-api/Hosting-722296136152789636/original/845c8a5a-8364-4dc7-80b0-a0e17f512210.jpeg,-1,-1
729563804746839275,Élysée,,Entire rental unit,Entire home/apt,323,816,within a day,87.0,https://a0.muscache.com/pictures/prohost-api/Hosting-729563804746839275/original/dab2498a-e67f-4285-bf45-25aaed2eb227.jpeg,-1,-1
724426696740976326,Élysée,,Entire rental unit,Entire home/apt,318,8,within an hour,100.0,https://a0.muscache.com/pictures/prohost-api/Hosting-724426696740976326/original/a82c549c-dd2b-47a6-9c19-aa8687037cff.jpeg,-1,-1
724515188109588042,Élysée,,Entire rental unit,Entire home/apt,325,8,within an hour,100.0,https://a0.muscache.com/pictures/prohost-api/Hosting-724515188109588042/original/f96f701a-0b23-47c9-9ef6-6db62c879327.jpeg,-1,-1
724515900985562047,Élysée,,Entire rental unit,Entire home/apt,318,8,within an hour,100.0,https://a0.muscache.com/pictures/prohost-api/Hosting-724515900985562047/original/516e26b5-9ff1-4af7-94c0-c603c1ea5a2c.jpeg,-1,-1
726870524936394762,Élysée,,Entire condo,Entire home/apt,322,1,within a few hours,100.0,https://a0.muscache.com/pictures/hosting/Hosting-726870524936394762/original/e93c0041-d286-4c6e-a913-3d9ac17e018f.jpeg,-1,-1
730890492848738719,Élysée,,Entire rental unit,Entire home/apt,297,38,within a few hours,100.0,https://a0.muscache.com/pictures/prohost-api/Hosting-730890492848738719/original/42b40eb7-8b55-490d-9777-c9b9838fb258.jpeg,-1,-1
731570159400385684,Élysée,,Entire rental unit,Entire home/apt,283,121,within an hour,100.0,https://a0.muscache.com/pictures/hosting/Hosting-U3RheVN1cHBseUxpc3Rpbmc6NzMxNTcwMTU5NDAwMzg1Njg0/original/522e5c33-e731-4e99-a90c-df18af7a5699.jpeg,-1,-1
731633698295569011,Élysée,,Entire rental unit,Entire home/apt,273,2,within a day,90.0,https://a0.muscache.com/pictures/miso/Hosting-731633698295569011/original/f0375b0d-3506-44e5-9768-e3c5ea93c175.jpeg,-1,-1
732438559316139822,Élysée,,Entire rental unit,Entire home/apt,353,1,within an hour,100.0,https://a0.muscache.com/pictures/miso/Hosting-732438559316139822/original/08457b3c-e9ff-49e8-988a-9c8df2cb6c13.jpeg,-1,-1
740345850185213356,Élysée,,Entire rental unit,Entire home/apt,45,816,within a day,87.0,https://a0.muscache.com/pictures/prohost-api/Hosting-740345850185213356/original/cdb96a4e-948c-4766-9053-8315e39eb434.jpeg,-1,-1
735371592298899272,Élysée,,Entire rental unit,Entire home/apt,299,816,within a day,87.0,https://a0.muscache.com/pictures/prohost-api/Hosting-735371592298899272/original/781371b3-be79-46ab-8dd4-0835a60df54f.jpeg,-1,-1
735372182269438130,Élysée,,Entire rental unit,Entire home/apt,57,816,within a day,87.0,https://a0.muscache.com/pictures/prohost-api/Hosting-735372182269438130/original/f2dbfec3-bef1-497f-9b92-f18f476b5847.jpeg,-1,-1
741110433896636373,Élysée,,Entire rental unit,Entire home/apt,287,1,within a day,100.0,https://a0.muscache.com/pictures/miso/Hosting-741110433896636373/original/8c71ca1c-90ef-419e-a39a-3cc050ff7cd0.jpeg,-1,-1
737549916590697908,Élysée,,Entire rental unit,Entire home/apt,323,17,within an hour,100.0,https://a0.muscache.com/pictures/miso/Hosting-737549916590697908/original/38622f86-6a9c-4b55-b064-2eadc5d9c506.jpeg,-1,-1
745339779721359510,Élysée,,Entire vacation home,Entire home/apt,364,1,a few days or more,0.0,https://a0.muscache.com/pictures/9b9ccd14-d7cc-435f-9749-6f92482a2ffd.jpg,-1,-1
746844976877854606,Élysée,,Entire rental unit,Entire home/apt,134,72,within an hour,100.0,https://a0.muscache.com/pictures/miso/Hosting-746844976877854606/original/11b9b67c-71ff-4df5-874c-df2181d810ae.jpeg,-1,-1
746942750241540059,Élysée,,Entire rental unit,Entire home/apt,323,102,within an hour,100.0,https://a0.muscache.com/pictures/prohost-api/Hosting-746942750241540059/original/0e700a51-1257-42a3-b38d-98c47f0d9963.jpeg,-1,-1
747508290570310998,Élysée,,Entire rental unit,Entire home/apt,0,1,,,https://a0.muscache.com/pictures/miso/Hosting-747508290570310998/original/0ad9063d-674a-40e7-88ef-7945a647c151.jpeg,-1,-1
746169726928519064,Élysée,,Entire rental unit,Entire home/apt,187,816,within a day,87.0,https://a0.muscache.com/pictures/prohost-api/Hosting-746169726928519064/original/6b2accb3-9ba8-46aa-81b0-d066506b0ce9.jpeg,-1,-1
753734139316526455,Élysée,,Entire condo,Entire home/apt,362,1,within an hour,100.0,https://a0.muscache.com/pictures/miso/Hosting-753734139316526455/original/59d3f99f-3b80-49d3-9865-7022068dcde9.jpeg,-1,-1
748405036862816469,Élysée,,Entire rental unit,Entire home/apt,344,1,within an hour,100.0,https://a0.muscache.com/pictures/miso/Hosting-748405036862816469/original/9b64569b-848b-4a61-9127-1535d87594a0.jpeg,-1,-1
757006261289754678,Élysée,,Entire rental unit,Entire home/apt,205,19,within an hour,98.0,https://a0.muscache.com/pictures/prohost-api/Hosting-757006261289754678/original/602b4fea-79a0-410e-9e4f-a7869cdc8db0.jpeg,-1,-1
755629329898504904,Élysée,,Entire rental unit,Entire home/apt,229,1,within a few hours,100.0,https://a0.muscache.com/pictures/hosting/Hosting-755629329898504904/original/e53214f9-30c0-4e9a-aaa7-3a9e9faa6c0c.jpeg,-1,-1
752839815899245165,Élysée,,Entire rental unit,Entire home/apt,62,816,within a day,87.0,https://a0.muscache.com/pictures/prohost-api/Hosting-752839815899245165/original/3f31310c-a99c-4d78-b074-d07b4e91ee79.jpeg,-1,-1
760764897055494968,Élysée,,Entire condo,Entire home/apt,88,1,,,https://a0.muscache.com/pictures/hosting/Hosting-760764897055494968/original/457edf13-4556-4268-9b60-763da9c7a79f.jpeg,-1,-1
759236089021870532,Élysée,,Entire serviced apartment,Entire home/apt,274,21,within an hour,100.0,https://a0.muscache.com/pictures/miso/Hosting-759236089021870532/original/b432ea90-dcb2-4e85-bacd-ab73845b6df2.jpeg,-1,-1
764383276871030094,Élysée,,Private room in bed and breakfast,Private room,86,2,within an hour,100.0,https://a0.muscache.com/pictures/hosting/Hosting-764383276871030094/original/2a6be627-a5dc-4092-b5eb-b2d82b4e6e11.jpeg,-1,-1
759411827218878059,Élysée,,Entire rental unit,Entire home/apt,241,1,,,https://a0.muscache.com/pictures/miso/Hosting-759411827218878059/original/964cb8d5-1f13-4f7f-bdf9-c6a039d00679.jpeg,-1,-1
759486370299691742,Élysée,,Entire rental unit,Entire home/apt,0,1,,,https://a0.muscache.com/pictures/miso/Hosting-759486370299691742/original/48a1fb1d-2d5f-42f6-b50e-33cf90232408.jpeg,-1,-1
759814463939516907,Élysée,,Entire rental unit,Entire home/apt,320,17,within an hour,99.0,https://a0.muscache.com/pictures/miso/Hosting-759814463939516907/original/7eb70489-7cd1-4e6c-97fa-f1217eab0fe3.jpeg,-1,-1
759893168607104994,Élysée,,Entire rental unit,Entire home/apt,137,816,within a day,87.0,https://a0.muscache.com/pictures/prohost-api/Hosting-759893168607104994/original/5bb73acb-53aa-409f-819f-b8166cae08ac.jpeg,-1,-1
759947066122822685,Élysée,,Entire rental unit,Entire home/apt,154,1,within an hour,100.0,https://a0.muscache.com/pictures/miso/Hosting-759947066122822685/original/60e68d4b-422e-4591-96f9-a44072d69d74.jpeg,-1,-1
762212452799380414,Élysée,,Entire rental unit,Entire home/apt,365,1,a few days or more,33.0,https://a0.muscache.com/pictures/miso/Hosting-762212452799380414/original/0516a6d4-b27c-48ce-9f8c-eb3faebf7639.jpeg,-1,-1
760562936480548105,Élysée,,Entire rental unit,Entire home/apt,83,1,,,https://a0.muscache.com/pictures/5ba02b49-2e6f-46d0-8bc1-8ef02c483f1d.jpg,-1,-1
760690417963220848,Élysée,,Entire rental unit,Entire home/apt,365,1,,,https://a0.muscache.com/pictures/miso/Hosting-760690417963220848/original/6f9de97d-2716-4ed8-a1a3-fbfce2cf0c1d.jpeg,-1,-1
762764568237026197,Élysée,,Entire rental unit,Entire home/apt,356,102,within an hour,100.0,https://a0.muscache.com/pictures/prohost-api/Hosting-762764568237026197/original/d2f3c2d7-048c-4567-a432-3d6c81c4b8b1.jpeg,-1,-1
766068877887885144,Élysée,,Entire rental unit,Entire home/apt,317,1,,,https://a0.muscache.com/pictures/prohost-api/Hosting-766068877887885144/original/f3edd6d2-2b73-41c5-b41d-d78aa4ad2b72.jpeg,-1,-1
766451010623638723,Élysée,,Entire rental unit,Entire home/apt,189,8,within an hour,100.0,https://a0.muscache.com/pictures/prohost-api/Hosting-766451010623638723/original/f1915f60-5c7d-469f-9a21-caef5ee59e2e.jpeg,-1,-1
769631835696698592,Élysée,,Entire rental unit,Entire home/apt,141,1,within an hour,100.0,https://a0.muscache.com/pictures/miso/Hosting-769631835696698592/original/c1c73d99-d063-4eba-979b-ec351a8ccead.jpeg,-1,-1
769635759399229938,Élysée,,Entire rental unit,Entire home/apt,0,3,within an hour,100.0,https://a0.muscache.com/pictures/miso/Hosting-769635759399229938/original/d242bdb8-ee63-4c78-af87-879167fc88ac.jpeg,-1,-1
772194948353446848,Élysée,,Entire rental unit,Entire home/apt,122,2,within an hour,100.0,https://a0.muscache.com/pictures/miso/Hosting-772194948353446848/original/75de6cb3-2608-4623-960f-b0ad0d624cc3.jpeg,-1,-1
767253119023489333,Élysée,,Entire rental unit,Entire home/apt,0,3,within an hour,100.0,https://a0.muscache.com/pictures/miso/Hosting-767253119023489333/original/ec319567-c058-4db0-b727-604cd4001d7b.jpeg,-1,-1
770861435470699476,Élysée,,Entire rental unit,Entire home/apt,189,141,within an hour,100.0,https://a0.muscache.com/pictures/prohost-api/Hosting-770861435470699476/original/6fd96d4b-337a-4e83-b3cd-3b657188acfb.jpeg,-1,-1
770909556109508425,Élysée,,Entire rental unit,Entire home/apt,3,1,within an hour,100.0,https://a0.muscache.com/pictures/prohost-api/Hosting-770909556109508425/original/afad895e-a45b-45f3-9899-dca4223eb863.jpeg,-1,-1
773017821414890396,Élysée,,Entire rental unit,Entire home/apt,257,102,within an hour,100.0,https://a0.muscache.com/pictures/prohost-api/Hosting-773017821414890396/original/c9691a5c-02af-4b48-aca3-dd0899120d53.jpeg,-1,-1
775106910764993509,Élysée,,Entire rental unit,Entire home/apt,283,24,within an hour,100.0,https://a0.muscache.com/pictures/miso/Hosting-775106910764993509/original/c7ca4f7d-bb7a-45a9-b536-2b9b7ec84675.jpeg,-1,-1
775141641231531811,Élysée,,Entire rental unit,Entire home/apt,2,816,within a day,87.0,https://a0.muscache.com/pictures/prohost-api/Hosting-775141641231531811/original/484d4bb3-78b0-441d-b4c4-a5d7c257f08c.jpeg,-1,-1
771628855861889457,Élysée,,Entire rental unit,Entire home/apt,51,1,within an hour,100.0,https://a0.muscache.com/pictures/hosting/Hosting-U3RheVN1cHBseUxpc3Rpbmc6NzcxNjI4ODU1ODYxODg5NDU3/original/864712a3-350d-4eb5-b8ea-e2e236c1c2bc.jpeg,-1,-1
777426730476908886,Élysée,,Entire rental unit,Entire home/apt,201,141,within an hour,100.0,https://a0.muscache.com/pictures/prohost-api/Hosting-777426730476908886/original/32063a25-a6b9-4d07-8489-c8d094470153.jpeg,-1,-1
775471514020885727,Élysée,,Entire rental unit,Entire home/apt,257,1,within a few hours,89.0,https://a0.muscache.com/pictures/hosting/Hosting-775471514020885727/original/b7985394-3c26-48e5-a5c1-2c1e00776584.jpeg,-1,-1
775851061709846190,Élysée,,Entire rental unit,Entire home/apt,30,2,within a few hours,90.0,https://a0.muscache.com/pictures/miso/Hosting-775851061709846190/original/36ece1f8-16bd-4173-82c1-ffacea724225.jpeg,-1,-1
778209219542952721,Élysée,,Entire rental unit,Entire home/apt,310,184,within an hour,100.0,https://a0.muscache.com/pictures/prohost-api/Hosting-778209219542952721/original/b5eda5a0-dc1c-4277-9341-c6edb98ab9d0.jpeg,-1,-1
780299593956046729,Élysée,,Room in hotel,Private room,352,10,within an hour,100.0,https://a0.muscache.com/pictures/miso/Hosting-780299593956046729/original/c4298521-8bca-418b-88ac-d3b2f1e2a0d2.jpeg,-1,-1
780320543842855948,Élysée,,Room in hotel,Private room,309,10,within an hour,100.0,https://a0.muscache.com/pictures/miso/Hosting-780320543842855948/original/63edfce0-2df3-46c8-9805-6354570b25a9.jpeg,-1,-1
783103567374543489,Élysée,,Entire rental unit,Entire home/apt,332,2,within an hour,100.0,https://a0.muscache.com/pictures/miso/Hosting-783103567374543489/original/d0159566-e68d-41ac-9743-01131c69b392.jpeg,-1,-1
780370810752980181,Élysée,,Entire rental unit,Entire home/apt,256,1,within a few hours,100.0,https://a0.muscache.com/pictures/miso/Hosting-780370810752980181/original/79436dc0-ab63-4dd6-819e-61ee1ca1d65f.jpeg,-1,-1
780810113266375938,Élysée,,Entire rental unit,Entire home/apt,333,17,within an hour,99.0,https://a0.muscache.com/pictures/miso/Hosting-780810113266375938/original/06eef149-32fe-4783-b3f9-606a42e3e452.jpeg,-1,-1
784542648305499057,Élysée,,Entire rental unit,Entire home/apt,329,1,within a few hours,100.0,https://a0.muscache.com/pictures/miso/Hosting-784542648305499057/original/1efde4b8-8b4f-4eb4-9f51-a0281ea45867.jpeg,-1,-1
784588373815107000,Élysée,,Entire rental unit,Entire home/apt,120,1,within a day,100.0,https://a0.muscache.com/pictures/hosting/Hosting-U3RheVN1cHBseUxpc3Rpbmc6Nzg0NTg4MzczODE1MTA3MDAw/original/b0d87356-8d59-48ee-b1c9-021910edeb89.jpeg,-1,-1
781063712385618792,Élysée,,Room in hotel,Private room,359,10,within an hour,100.0,https://a0.muscache.com/pictures/miso/Hosting-781063712385618792/original/5f214e86-2b8f-418f-a1d2-b7690be44e8d.jpeg,-1,-1
785196315598141365,Élysée,,Entire rental unit,Entire home/apt,197,7,within an hour,100.0,https://a0.muscache.com/pictures/hosting/Hosting-U3RheVN1cHBseUxpc3Rpbmc6Nzg1MTk2MzE1NTk4MTQxMzY1/original/0d96d4e0-7a60-4cff-b762-d286bac9da5a.jpeg,-1,-1
785196638689240384,Élysée,,Entire rental unit,Entire home/apt,123,7,within an hour,100.0,https://a0.muscache.com/pictures/hosting/Hosting-U3RheVN1cHBseUxpc3Rpbmc6Nzg1MTk2NjM4Njg5MjQwMzg0/original/fb8f7896-449d-4389-9669-d93c78b3ffdf.jpeg,-1,-1
785231403883174717,Élysée,,Entire rental unit,Entire home/apt,343,35,within an hour,97.0,https://a0.muscache.com/pictures/miso/Hosting-785231403883174717/original/7d5618a3-bb9e-4724-97f1-d24705e8f1e1.jpeg,-1,-1
788158129590484737,Élysée,,Entire rental unit,Entire home/apt,0,12,,,https://a0.muscache.com/pictures/hosting/Hosting-U3RheVN1cHBseUxpc3Rpbmc6Nzg4MTU4MTI5NTkwNDg0NzM3/original/9d6a079e-90c6-4028-872e-fa7f5c3222d4.jpeg,-1,-1
785413882262801110,Élysée,,Entire rental unit,Entire home/apt,363,1,within a day,100.0,https://a0.muscache.com/pictures/miso/Hosting-785413882262801110/original/8dba5158-9fd8-49da-a0c3-0efa5fa0dcaf.jpeg,-1,-1
781707833021872770,Élysée,,Entire rental unit,Entire home/apt,347,191,within an hour,99.0,https://a0.muscache.com/pictures/miso/Hosting-781707833021872770/original/d88b85d9-f1a9-45c2-b402-fa1953c96710.jpeg,-1,-1
781718655481904172,Élysée,,Room in hotel,Private room,363,10,within an hour,100.0,https://a0.muscache.com/pictures/miso/Hosting-781718655481904172/original/964b7668-4b7c-4c47-85f5-3f8c0d769a0e.jpeg,-1,-1
788877238832566408,Élysée,,Entire rental unit,Entire home/apt,346,184,within an hour,100.0,https://a0.muscache.com/pictures/prohost-api/Hosting-788877238832566408/original/81d60f45-b076-4905-998e-65ea792a5e28.jpeg,-1,-1
781798727486146434,Élysée,,Entire rental unit,Entire home/apt,333,191,within an hour,99.0,https://a0.muscache.com/pictures/miso/Hosting-781798727486146434/original/377e7167-68e6-42c6-bf77-d44b96b29549.jpeg,-1,-1
781826676568017955,Élysée,,Entire rental unit,Entire home/apt,333,191,within an hour,99.0,https://a0.muscache.com/pictures/miso/Hosting-781826676568017955/original/3ae0df71-7962-422c-b217-c1901942c4a5.jpeg,-1,-1
786064742716089526,Élysée,,Entire rental unit,Entire home/apt,0,7,within an hour,100.0,https://a0.muscache.com/pictures/miso/Hosting-786064742716089526/original/288e990b-8d81-496c-afd0-d17b7a534fda.jpeg,-1,-1
782273812156010821,Élysée,,Entire rental unit,Entire home/apt,152,141,within an hour,100.0,https://a0.muscache.com/pictures/prohost-api/Hosting-782273812156010821/original/c86505a4-e1f1-46f7-8bd6-0d35cb5d344f.jpeg,-1,-1
795678146329022565,Élysée,,Entire rental unit,Entire home/apt,38,1,within a few hours,90.0,https://a0.muscache.com/pictures/miso/Hosting-795678146329022565/original/1fecdaf2-e0c8-483a-affa-4fb92855c631.jpeg,-1,-1
791073770922564191,Élysée,,Entire rental unit,Entire home/apt,29,141,within an hour,100.0,https://a0.muscache.com/pictures/prohost-api/Hosting-791073770922564191/original/99ce6ce2-df42-47a6-b18e-5a9913eb23b8.jpeg,-1,-1
791093758987296222,Élysée,,Entire rental unit,Entire home/apt,318,816,within a day,87.0,https://a0.muscache.com/pictures/prohost-api/Hosting-791093758987296222/original/dc0bc8a6-f0a8-4d54-982e-5b0e33721c17.jpeg,-1,-1
791094074203356108,Élysée,,Entire rental unit,Entire home/apt,4,816,within a day,87.0,https://a0.muscache.com/pictures/prohost-api/Hosting-791094074203356108/original/690757bb-961b-4a06-bdd8-a34b9c8eef05.jpeg,-1,-1
796285450784864268,Élysée,,Entire rental unit,Entire home/apt,298,121,within an hour,100.0,https://a0.muscache.com/pictures/hosting/Hosting-U3RheVN1cHBseUxpc3Rpbmc6Nzk2Mjg1NDUwNzg0ODY0MjY4/original/4d2d21a6-e9f9-46e4-a8ec-3c1212b82786.png,-1,-1
798388265960985316,Élysée,,Entire rental unit,Entire home/apt,344,191,within an hour,99.0,https://a0.muscache.com/pictures/miso/Hosting-798388265960985316/original/2f35d3f4-3aa2-43ce-9ae9-3df692c5fb40.jpeg,-1,-1
798472039250293596,Élysée,,Entire rental unit,Entire home/apt,149,72,within an hour,100.0,https://a0.muscache.com/pictures/miso/Hosting-685923338573276099/original/5e73344f-b230-4cf3-b59a-b0716846d4fa.jpeg,-1,-1
800518279132466259,Élysée,,Entire rental unit,Entire home/apt,137,90,within a day,74.0,https://a0.muscache.com/pictures/miso/Hosting-800518279132466259/original/1a4c2b90-2424-4839-89de-bc889b53c239.jpeg,-1,-1
797591065256962888,Élysée,,Entire rental unit,Entire home/apt,231,816,within a day,87.0,https://a0.muscache.com/pictures/prohost-api/Hosting-797591065256962888/original/ad5d47a9-3843-425e-a719-682dda4ad212.jpeg,-1,-1
794839404399161497,Élysée,,Entire rental unit,Entire home/apt,0,1,,,https://a0.muscache.com/pictures/miso/Hosting-794839404399161497/original/a9534e6d-a0f1-423c-8773-45d662cfe18e.jpeg,-1,-1
798083447697347821,Élysée,,Entire rental unit,Entire home/apt,330,20,within an hour,99.0,https://a0.muscache.com/pictures/hosting/Hosting-U3RheVN1cHBseUxpc3Rpbmc6Nzk4MDgzNDQ3Njk3MzQ3ODIx/original/fa621932-9426-4a8a-867b-a992189e1f79.jpeg,-1,-1
802034124779488937,Élysée,,Entire rental unit,Entire home/apt,198,1,,,https://a0.muscache.com/pictures/miso/Hosting-802034124779488937/original/06c696b3-a060-4f2c-8af9-529f57e5f6c4.jpeg,-1,-1
804893071764478309,Élysée,,Entire rental unit,Entire home/apt,171,141,within an hour,100.0,https://a0.muscache.com/pictures/prohost-api/Hosting-804893071764478309/original/2cc8d921-f23c-4dc1-984b-905161536ff9.jpeg,-1,-1
804895881583352679,Élysée,,Entire rental unit,Entire home/apt,165,141,within an hour,100.0,https://a0.muscache.com/pictures/prohost-api/Hosting-804895881583352679/original/74d85237-9a90-45c6-9ae9-5f3b669e0960.jpeg,-1,-1
802800108705598321,Élysée,,Entire rental unit,Entire home/apt,73,1,within an hour,100.0,https://a0.muscache.com/pictures/prohost-api/Hosting-802800108705598321/original/6e06d0a4-72e3-4747-9199-a0a24c609bb8.jpeg,-1,-1
803434049500227601,Élysée,,Entire rental unit,Entire home/apt,121,816,within a day,87.0,https://a0.muscache.com/pictures/prohost-api/Hosting-803434049500227601/original/b70e0566-d5ba-44fc-8b46-5b44350b4573.jpeg,-1,-1
803447247306151603,Élysée,,Entire rental unit,Entire home/apt,270,8,within a day,53.0,https://a0.muscache.com/pictures/prohost-api/Hosting-803447247306151603/original/e8b95d5f-a0f1-4fd8-9243-6c5046b8a869.jpeg,-1,-1
803529530321481156,Élysée,,Entire home,Entire home/apt,365,34,within an hour,100.0,https://a0.muscache.com/pictures/prohost-api/Hosting-803529530321481156/original/736b630e-2826-4ad9-b7bf-b4f8c7d93f3d.jpeg,-1,-1
805562839898129709,Élysée,,Entire rental unit,Entire home/apt,0,1,within an hour,100.0,https://a0.muscache.com/pictures/prohost-api/Hosting-805562839898129709/original/9633ddc3-8812-485a-ba18-6e8510f87c9e.jpeg,-1,-1
805568624775583693,Élysée,,Entire rental unit,Entire home/apt,252,816,within a day,87.0,https://a0.muscache.com/pictures/prohost-api/Hosting-805568624775583693/original/e84b9ebf-fac5-454b-97e4-a0507c791fab.jpeg,-1,-1
810814366118933094,Élysée,,Entire rental unit,Entire home/apt,89,1,within a few hours,80.0,https://a0.muscache.com/pictures/miso/Hosting-810814366118933094/original/978dac4a-6012-43c8-af60-c5942f283098.jpeg,-1,-1
806382489927086942,Élysée,,Entire rental unit,Entire home/apt,123,816,within a day,87.0,https://a0.muscache.com/pictures/prohost-api/Hosting-806382489927086942/original/971f5acc-9731-42c7-87cc-1e699702bfc7.jpeg,-1,-1
810930948003604049,Élysée,,Entire rental unit,Entire home/apt,183,184,within an hour,100.0,https://a0.muscache.com/pictures/prohost-api/Hosting-810930948003604049/original/98416718-1433-4b51-b0f9-20586d3ddbac.jpeg,-1,-1
810525409617457121,Élysée,,Entire rental unit,Entire home/apt,27,141,within an hour,100.0,https://a0.muscache.com/pictures/prohost-api/Hosting-810525409617457121/original/f848eef9-32a8-4e9d-bd84-3a9e54189769.jpeg,-1,-1
810527173249395177,Élysée,,Entire rental unit,Entire home/apt,159,141,within an hour,100.0,https://a0.muscache.com/pictures/prohost-api/Hosting-810527173249395177/original/55cbebb1-0e6e-4704-800c-014ec10cf31f.jpeg,-1,-1
812067787596889864,Élysée,,Entire rental unit,Entire home/apt,72,184,within an hour,100.0,https://a0.muscache.com/pictures/prohost-api/Hosting-812067787596889864/original/66722bfc-9dd8-4d1f-9a9b-c5281350d589.jpeg,-1,-1
815107721272549973,Élysée,,Entire rental unit,Entire home/apt,1,141,within an hour,100.0,https://a0.muscache.com/pictures/prohost-api/Hosting-815107721272549973/original/2ba09828-9dac-4f33-acd3-ea418aac49f5.jpeg,-1,-1
812781936175701951,Élysée,,Entire rental unit,Entire home/apt,317,191,within an hour,99.0,https://a0.muscache.com/pictures/miso/Hosting-812781936175701951/original/b032107f-3ef6-4140-b3f1-dfcd664c727c.jpeg,-1,-1
813488455941566469,Élysée,,Entire rental unit,Entire home/apt,1,17,within an hour,100.0,https://a0.muscache.com/pictures/miso/Hosting-813488455941566469/original/e1b7c5f6-64d7-4ff9-b168-356e65476972.jpeg,-1,-1
815724638149939299,Élysée,,Entire rental unit,Entire home/apt,287,1,within a day,100.0,https://a0.muscache.com/pictures/miso/Hosting-815724638149939299/original/6ceb67fe-76ad-47b9-8ee7-cc594b3d7f62.jpeg,-1,-1
820815190092854348,Élysée,,Entire rental unit,Entire home/apt,18,16,within an hour,100.0,https://a0.muscache.com/pictures/miso/Hosting-820815190092854348/original/923e160b-22b3-4795-b184-e81faba265f7.jpeg,-1,-1
820839413880675094,Élysée,,Entire rental unit,Entire home/apt,0,1,,,https://a0.muscache.com/pictures/hosting/Hosting-U3RheVN1cHBseUxpc3Rpbmc6ODIwODM5NDEzODgwNjc1MDk0/original/6ba55074-31ae-43b5-b98b-33ea357b5aa5.jpeg,-1,-1
820891094040513104,Élysée,,Entire rental unit,Entire home/apt,325,184,within an hour,100.0,https://a0.muscache.com/pictures/prohost-api/Hosting-820891094040513104/original/6455ffed-a5de-470d-a420-61488b5e59e1.jpeg,-1,-1
819356501400414108,Élysée,,Private room in rental unit,Private room,37,2,within an hour,100.0,https://a0.muscache.com/pictures/airflow/Hosting-819356501400414108/original/07bf0227-c662-424c-abb8-469dc697d24c.jpg,-1,-1
821024264261852449,Élysée,,Entire rental unit,Entire home/apt,31,1,within an hour,100.0,https://a0.muscache.com/pictures/miso/Hosting-821024264261852449/original/f23aef88-fdc3-4d2e-9e41-bb656f7fa3f0.png,-1,-1
821794186849823293,Élysée,,Entire rental unit,Entire home/apt,0,1,,,https://a0.muscache.com/pictures/miso/Hosting-821794186849823293/original/7692b48d-8283-4368-9f8d-953d40ddb6fb.jpeg,-1,-1
826012018596641875,Élysée,,Entire rental unit,Entire home/apt,302,9,within a day,70.0,https://a0.muscache.com/pictures/miso/Hosting-826012018596641875/original/a954a236-1917-476d-a7fe-3ddc5c75b883.jpeg,-1,-1
826021235062749383,Élysée,,Entire rental unit,Entire home/apt,211,9,within a day,70.0,https://a0.muscache.com/pictures/miso/Hosting-826021235062749383/original/68531acf-71b2-4fd7-ae2a-2b221121eca3.jpeg,-1,-1
823003790586749286,Élysée,,Entire rental unit,Entire home/apt,225,9,within a day,70.0,https://a0.muscache.com/pictures/miso/Hosting-823003790586749286/original/aff6260c-5d38-4824-82cc-3f5bcc7bb085.jpeg,-1,-1
828024213535172679,Élysée,,Entire rental unit,Entire home/apt,0,1,within an hour,100.0,https://a0.muscache.com/pictures/hosting/Hosting-U3RheVN1cHBseUxpc3Rpbmc6ODI4MDI0MjEzNTM1MTcyNjc5/original/cacbb703-8254-46de-adb0-74b4ee6d3323.jpeg,-1,-1
828704093738451504,Élysée,,Entire rental unit,Entire home/apt,314,191,within an hour,99.0,https://a0.muscache.com/pictures/4f50442e-d5cd-4d01-a01e-1330e653db27.jpg,-1,-1
825254136385313076,Élysée,,Entire rental unit,Entire home/apt,27,141,within an hour,100.0,https://a0.muscache.com/pictures/prohost-api/Hosting-825254136385313076/original/0c4ebc31-4553-4a8b-8927-4d05961cd6a9.jpeg,-1,-1
828806125439840435,Élysée,,Entire rental unit,Entire home/apt,257,2,within an hour,100.0,https://a0.muscache.com/pictures/miso/Hosting-828806125439840435/original/4bb07970-5fb6-4fe0-99b7-8519b7e588a7.jpeg,-1,-1
825318582125633053,Élysée,,Entire rental unit,Entire home/apt,333,1,within an hour,100.0,https://a0.muscache.com/pictures/prohost-api/Hosting-825318582125633053/original/345da345-2ae1-42ad-9faa-309cfa182cec.jpeg,-1,-1
833819776854551879,Élysée,,Entire rental unit,Entire home/apt,349,816,within a day,87.0,https://a0.muscache.com/pictures/prohost-api/Hosting-833819776854551879/original/8d7eef26-d495-477b-b418-0e9a4078404b.jpeg,-1,-1
833891773941567587,Élysée,,Entire rental unit,Entire home/apt,302,2,within an hour,100.0,https://a0.muscache.com/pictures/hosting/Hosting-U3RheVN1cHBseUxpc3Rpbmc6ODMzODkxNzczOTQxNTY3NTg3/original/860b9b49-4317-4cb3-9607-a108adf22991.jpeg,-1,-1
831812034691323453,Élysée,,Entire rental unit,Entire home/apt,353,36,within an hour,100.0,https://a0.muscache.com/pictures/prohost-api/Hosting-831812034691323453/original/900579d5-58ab-4932-bc65-2b6757df9285.jpeg,-1,-1
833963940349663276,Élysée,,Entire rental unit,Entire home/apt,129,1,within an hour,100.0,https://a0.muscache.com/pictures/miso/Hosting-833963940349663276/original/07ad0589-4859-4da4-9a10-fa27c7c92556.jpeg,-1,-1
836225424270714553,Élysée,,Private room in tiny home,Private room,28,1,within an hour,100.0,https://a0.muscache.com/pictures/61b6717d-7992-422b-967f-106a87c40df4.jpg,-1,-1
836377618882544002,Élysée,,Entire rental unit,Entire home/apt,359,1,,,https://a0.muscache.com/pictures/8bad7f94-d094-4b71-a3ef-9eb6714ed6b5.jpg,-1,-1
834700817643534202,Élysée,,Entire home,Entire home/apt,0,1,,,https://a0.muscache.com/pictures/miso/Hosting-834700817643534202/original/b81973a6-9a78-4ea6-a46c-0430b9719946.jpeg,-1,-1
838359182871426881,Élysée,,Entire rental unit,Entire home/apt,352,88,within an hour,100.0,https://a0.muscache.com/pictures/prohost-api/Hosting-838359182871426881/original/bfd1f33f-1a91-4a71-8517-12e0ff1fdf8a.jpeg,-1,-1
838077290955796522,Élysée,,Entire rental unit,Entire home/apt,0,1,,,https://a0.muscache.com/pictures/miso/Hosting-838077290955796522/original/0d4c33dc-0f6c-4966-92e8-50f7e29c0412.jpeg,-1,-1
839058298538243468,Élysée,,Entire rental unit,Entire home/apt,253,816,within a day,87.0,https://a0.muscache.com/pictures/prohost-api/Hosting-839058298538243468/original/d02b7e75-2ce7-449c-aa06-b74000605e56.jpeg,-1,-1
836001367758719158,Élysée,,Entire rental unit,Entire home/apt,363,370,within an hour,100.0,https://a0.muscache.com/pictures/prohost-api/Hosting-836001367758719158/original/2884e96e-20a1-4da9-8395-da6f93ceb9c7.jpeg,-1,-1
839088492136073420,Élysée,,Entire rental unit,Entire home/apt,0,816,within a day,87.0,https://a0.muscache.com/pictures/prohost-api/Hosting-839088492136073420/original/20a29960-b9a4-4c73-8c4a-66006bb8bd91.jpeg,-1,-1
840029186675543399,Élysée,,Entire rental unit,Entire home/apt,317,45,within an hour,100.0,https://a0.muscache.com/pictures/prohost-api/Hosting-840029186675543399/original/0a2cc1a1-1aba-41f9-b1e0-1d3e9c95fb88.jpeg,-1,-1
843963474107060062,Élysée,,Entire rental unit,Entire home/apt,364,1,a few days or more,0.0,https://a0.muscache.com/pictures/miso/Hosting-843963474107060062/original/f9a54501-f9f7-47c5-ac6e-4ac1eb99a086.jpeg,-1,-1
844184037198111589,Élysée,,Entire rental unit,Entire home/apt,0,39,,,https://a0.muscache.com/pictures/miso/Hosting-844184037198111589/original/29c7f030-67ce-4b56-9f13-2fdd6faace85.jpeg,-1,-1
844835989604812672,Élysée,,Private room in rental unit,Private room,364,1,,,https://a0.muscache.com/pictures/miso/Hosting-844835989604812672/original/bf085e6c-fab8-41ec-9cf6-86629db75e55.jpeg,-1,-1
846396756841886470,Élysée,,Entire rental unit,Entire home/apt,0,8,within an hour,100.0,https://a0.muscache.com/pictures/miso/Hosting-846396756841886470/original/90023cef-269b-4b7e-840a-fc3c7375d60b.jpeg,-1,-1
843285929473283667,Élysée,,Entire rental unit,Entire home/apt,21,141,within an hour,100.0,https://a0.muscache.com/pictures/prohost-api/Hosting-843285929473283667/original/7409b97c-7f74-4685-9769-8fcbec2d20dd.jpeg,-1,-1
846888252943970930,Élysée,,Entire rental unit,Entire home/apt,330,2,within an hour,100.0,https://a0.muscache.com/pictures/airflow/Hosting-846888252943970930/original/e1541d44-f4a8-4a94-a84e-450599cf4231.jpg,-1,-1
849019376663257314,Élysée,,Entire rental unit,Entire home/apt,148,1,within a few hours,100.0,https://a0.muscache.com/pictures/miso/Hosting-849019376663257314/original/cc56a946-484e-4040-91ef-461189e774c9.jpeg,-1,-1
846074261719011686,Élysée,,Room in hotel,Hotel room,203,141,within an hour,100.0,https://a0.muscache.com/pictures/prohost-api/Hosting-846074261719011686/original/834200c4-dbd8-4de3-bfba-8765f87c5e73.jpeg,-1,-1
846106092026929203,Élysée,,Room in hotel,Hotel room,211,141,within an hour,100.0,https://a0.muscache.com/pictures/prohost-api/Hosting-846106092026929203/original/d830d220-d8bd-4f32-b98e-6562a19ec15c.jpeg,-1,-1
849194575704480901,Élysée,,Entire rental unit,Entire home/apt,319,1,within a few hours,86.0,https://a0.muscache.com/pictures/prohost-api/Hosting-849194575704480901/original/df515bf7-06b1-41b5-aae6-a421535bffae.jpeg,-1,-1
849207656793472667,Élysée,,Entire rental unit,Entire home/apt,238,1,within an hour,100.0,https://a0.muscache.com/pictures/prohost-api/Hosting-849207656793472667/original/a662f86c-cdaf-4772-a7f2-f554a9ad63fe.jpeg,-1,-1
846302984418125038,Élysée,,Entire rental unit,Entire home/apt,329,1,within an hour,100.0,https://a0.muscache.com/pictures/miso/Hosting-846302984418125038/original/9e81b7ba-0766-4afb-ba95-48dea5763834.jpeg,-1,-1
846333585388413037,Élysée,,Entire rental unit,Entire home/apt,0,816,within a day,87.0,https://a0.muscache.com/pictures/prohost-api/Hosting-846333585388413037/original/a34bc1b9-537b-42ad-bb00-3e158fbd040d.jpeg,-1,-1
851251124399620860,Élysée,,Entire rental unit,Entire home/apt,339,45,within an hour,100.0,https://a0.muscache.com/pictures/prohost-api/Hosting-851251124399620860/original/d549bdb4-f0fe-4974-977d-5f7770e84623.jpeg,-1,-1
848250717759584724,Élysée,,Entire rental unit,Entire home/apt,180,141,within an hour,100.0,https://a0.muscache.com/pictures/prohost-api/Hosting-848250717759584724/original/16386245-8f77-49b1-aed9-817e773b7577.jpeg,-1,-1
853564624762144430,Élysée,,Entire condo,Entire home/apt,0,130,within a day,58.0,https://a0.muscache.com/pictures/miso/Hosting-853564624762144430/original/3b307675-b45d-4805-83ae-cfd481201578.jpeg,-1,-1
850565514025574086,Élysée,,Entire rental unit,Entire home/apt,116,1,within an hour,100.0,https://a0.muscache.com/pictures/miso/Hosting-850565514025574086/original/c6ce1694-afb6-4149-a988-9b9ae5c7abe5.jpeg,-1,-1
852253666244099746,Élysée,,Entire rental unit,Entire home/apt,302,2,within an hour,100.0,https://a0.muscache.com/pictures/miso/Hosting-852253666244099746/original/9699e157-6f4c-4fde-8c05-a6c631786d83.jpeg,-1,-1
854961686798811645,Élysée,,Entire rental unit,Entire home/apt,0,1,,,https://a0.muscache.com/pictures/prohost-api/Hosting-854961686798811645/original/320bf133-f00b-4c26-a22b-70febb47424b.png,-1,-1
857133331497118311,Élysée,,Entire rental unit,Entire home/apt,303,2,within an hour,100.0,https://a0.muscache.com/pictures/miso/Hosting-857133331497118311/original/79dd5176-cacd-4cb2-b6ab-9e10aeaa5f84.jpeg,-1,-1
862088537331348366,Élysée,,Entire rental unit,Entire home/apt,311,184,within an hour,100.0,https://a0.muscache.com/pictures/prohost-api/Hosting-862088537331348366/original/48a12b4d-0531-462b-b12d-b045e248b985.jpeg,-1,-1
862693097946869183,Élysée,,Entire rental unit,Entire home/apt,211,7,within an hour,100.0,https://a0.muscache.com/pictures/miso/Hosting-862693097946869183/original/5e98be4a-57e1-4866-97c0-673da2b79dfd.jpeg,-1,-1
864221655004392109,Élysée,,Entire rental unit,Entire home/apt,134,816,within a day,87.0,https://a0.muscache.com/pictures/prohost-api/Hosting-864221655004392109/original/febb6336-10c8-4af7-aa2d-25a67de7374a.jpeg,-1,-1
865151341589622993,Élysée,,Entire rental unit,Entire home/apt,86,8,within an hour,100.0,https://a0.muscache.com/pictures/miso/Hosting-865151341589622993/original/9ae0ee95-baf3-495a-abe9-4059e3a3a8c9.jpeg,-1,-1
865356903334667101,Élysée,,Entire rental unit,Entire home/apt,364,1,within an hour,100.0,https://a0.muscache.com/pictures/miso/Hosting-865356903334667101/original/1d9e7deb-836f-421c-85a0-9342d89205c5.jpeg,-1,-1
865568106246466795,Élysée,,Entire rental unit,Entire home/apt,315,1,within a few hours,80.0,https://a0.muscache.com/pictures/miso/Hosting-865568106246466795/original/f021218a-17bc-4f93-aac1-437a16ac3b89.jpeg,-1,-1
869939006432631264,Élysée,,Entire rental unit,Entire home/apt,358,1,,,https://a0.muscache.com/pictures/miso/Hosting-869939006432631264/original/7b62636f-e98b-4a21-a646-db60e79fd8a4.jpeg,-1,-1
867836796209794699,Élysée,,Entire rental unit,Entire home/apt,362,1,,,https://a0.muscache.com/pictures/miso/Hosting-867836796209794699/original/796a16b3-e8ab-4dc8-92c7-490e3475962a.jpeg,-1,-1
868901507282533721,Élysée,,Entire rental unit,Entire home/apt,334,1,within an hour,100.0,https://a0.muscache.com/pictures/hosting/Hosting-868901507282533721/original/36b7cd4b-a97a-4643-a013-eb8ff4814a7d.jpeg,-1,-1
872393931062062559,Élysée,,Entire rental unit,Entire home/apt,363,1,,,https://a0.muscache.com/pictures/miso/Hosting-872393931062062559/original/c2d0881b-f69a-4c5d-965e-49593d341748.jpeg,-1,-1
873036682394057906,Élysée,,Entire rental unit,Entire home/apt,285,184,within an hour,100.0,https://a0.muscache.com/pictures/prohost-api/Hosting-873036682394057906/original/9581827f-6528-4797-a15c-1f922be722cd.jpeg,-1,-1
877330401541154103,Élysée,,Entire rental unit,Entire home/apt,141,1,,,https://a0.muscache.com/pictures/ef383329-f5ca-4396-85f4-030462a18314.jpg,-1,-1
873768524569941961,Élysée,,Entire rental unit,Entire home/apt,322,816,within a day,87.0,https://a0.muscache.com/pictures/prohost-api/Hosting-873768524569941961/original/0173412e-33b8-444a-97d2-22bd06fe4ea5.jpeg,-1,-1
877407922851271067,Élysée,,Private room in rental unit,Private room,364,1,a few days or more,0.0,https://a0.muscache.com/pictures/miso/Hosting-877407922851271067/original/b46464f9-5e9b-4664-bb51-2c4b04cdb631.jpeg,-1,-1
874378299397672780,Élysée,,Entire rental unit,Entire home/apt,38,3,within an hour,100.0,https://a0.muscache.com/pictures/miso/Hosting-874378299397672780/original/da1fb372-e0a8-47ea-840e-535f0b46391e.jpeg,-1,-1
876615834871596848,Élysée,,Entire condo,Entire home/apt,344,1,within an hour,100.0,https://a0.muscache.com/pictures/9d476251-8ea2-4577-bdf6-0bae9c0ac1fa.jpg,-1,-1
876748160245975676,Élysée,,Entire rental unit,Entire home/apt,306,816,within a day,87.0,https://a0.muscache.com/pictures/prohost-api/Hosting-876748160245975676/original/69d89d2f-4848-423b-8afb-0472c832f685.jpeg,-1,-1
875197437012178890,Élysée,,Entire rental unit,Entire home/apt,358,1,,,https://a0.muscache.com/pictures/miso/Hosting-875197437012178890/original/3cdbebb3-2dff-493a-ba47-206086b6f574.jpeg,-1,-1
878790590090478974,Élysée,,Entire rental unit,Entire home/apt,206,19,within an hour,98.0,https://a0.muscache.com/pictures/prohost-api/Hosting-878790590090478974/original/68c7956f-3038-4e38-98da-01488848aa90.jpeg,-1,-1
883075826868342142,Élysée,,Entire rental unit,Entire home/apt,339,184,within an hour,100.0,https://a0.muscache.com/pictures/prohost-api/Hosting-883075826868342142/original/0730069b-828a-4c33-8040-4647a95a87fa.jpeg,-1,-1
883184361851824307,Élysée,,Entire rental unit,Entire home/apt,364,4,within an hour,91.0,https://a0.muscache.com/pictures/miso/Hosting-883184361851824307/original/b38d7810-22fa-4c95-8def-31652630dd89.jpeg,-1,-1
883220613397314884,Élysée,,Entire rental unit,Entire home/apt,0,1,,,https://a0.muscache.com/pictures/prohost-api/Hosting-883220613397314884/original/1b89ad6b-a389-4a28-88d6-06391b91f1f5.jpeg,-1,-1
880334543745102572,Élysée,,Entire rental unit,Entire home/apt,253,2,within an hour,88.0,https://a0.muscache.com/pictures/hosting/Hosting-U3RheVN1cHBseUxpc3Rpbmc6ODgwMzM0NTQzNzQ1MTAyNTcy/original/a7b07032-b309-4010-a89a-db0544d3d358.png,-1,-1
883918098199104705,Élysée,,Entire rental unit,Entire home/apt,71,204,within an hour,100.0,https://a0.muscache.com/pictures/prohost-api/Hosting-883918098199104705/original/e68cdabc-443f-4900-bd73-cf46294a2cdb.jpeg,-1,-1
880935100351800108,Élysée,,Entire rental unit,Entire home/apt,364,1,within a day,100.0,https://a0.muscache.com/pictures/miso/Hosting-880935100351800108/original/bd794aa6-d5c7-479c-9a44-3448cbdf44ac.jpeg,-1,-1
882573764788327503,Élysée,,Entire rental unit,Entire home/apt,0,1,,,https://a0.muscache.com/pictures/miso/Hosting-882573764788327503/original/c0cad305-6fef-468c-946a-58edaa7f698c.jpeg,-1,-1
884979337938327073,Élysée,,Entire rental unit,Entire home/apt,278,1,within an hour,100.0,https://a0.muscache.com/pictures/hosting/Hosting-U3RheVN1cHBseUxpc3Rpbmc6ODg0OTc5MzM3OTM4MzI3MDcz/original/54ffb916-0aee-4e29-b3e7-3ded141343e5.jpeg,-1,-1
886938154708846257,Élysée,,Entire rental unit,Entire home/apt,0,3,within an hour,100.0,https://a0.muscache.com/pictures/miso/Hosting-886938154708846257/original/d293d1a8-3681-45d3-9d24-c9c33feefced.jpeg,-1,-1
888342921024993283,Élysée,,Entire rental unit,Entire home/apt,86,816,within a day,87.0,https://a0.muscache.com/pictures/prohost-api/Hosting-888342921024993283/original/08a022f9-77c5-454d-be2b-a4acb8a1b875.jpeg,-1,-1
888346134223058423,Élysée,,Entire home,Entire home/apt,263,1,,,https://a0.muscache.com/pictures/hosting/Hosting-U3RheVN1cHBseUxpc3Rpbmc6ODg4MzQ2MTM0MjIzMDU4NDIz/original/79753b1d-2664-416e-bd68-0d0828db26d9.jpeg,-1,-1
888353688241733256,Élysée,,Entire rental unit,Entire home/apt,253,1,within an hour,100.0,https://a0.muscache.com/pictures/miso/Hosting-888353688241733256/original/0bc46805-c775-4eb5-beeb-653457164a31.jpeg,-1,-1
888876043391394201,Élysée,,Entire rental unit,Entire home/apt,0,102,within an hour,100.0,https://a0.muscache.com/pictures/prohost-api/Hosting-888876043391394201/original/6f5edf6e-d953-48e6-804a-dc93de9aae5b.jpeg,-1,-1
889041660577625624,Élysée,,Entire rental unit,Entire home/apt,252,816,within a day,87.0,https://a0.muscache.com/pictures/prohost-api/Hosting-889041660577625624/original/0f4a204b-6146-42a1-9cf8-7c519c9a5d8f.jpeg,-1,-1
889449004209222595,Élysée,,Entire rental unit,Entire home/apt,197,141,within an hour,100.0,https://a0.muscache.com/pictures/prohost-api/Hosting-889449004209222595/original/0a166dd6-2132-4b44-863f-4bde88a742bc.jpeg,-1,-1
889452204667064871,Élysée,,Entire rental unit,Entire home/apt,175,141,within an hour,100.0,https://a0.muscache.com/pictures/prohost-api/Hosting-889452204667064871/original/c1466e63-34c5-4ccd-8ce7-1950cf6929ae.jpeg,-1,-1
891724075591388590,Élysée,,Entire rental unit,Entire home/apt,208,141,within an hour,100.0,https://a0.muscache.com/pictures/prohost-api/Hosting-891724075591388590/original/214ef551-6004-42d2-907a-c88371479ef9.jpeg,-1,-1
892656108899693459,Élysée,,Entire rental unit,Entire home/apt,0,4,,,https://a0.muscache.com/pictures/miso/Hosting-892656108899693459/original/e85e75ca-055c-46b5-b6d8-ad895d753753.jpeg,-1,-1
891890573978479212,Élysée,,Entire rental unit,Entire home/apt,363,370,within an hour,100.0,https://a0.muscache.com/pictures/prohost-api/Hosting-891890573978479212/original/db1daab8-c33b-483e-83f8-164143566a79.jpeg,-1,-1
896049366158088395,Élysée,,Entire rental unit,Entire home/apt,171,141,within an hour,100.0,https://a0.muscache.com/pictures/prohost-api/Hosting-896049366158088395/original/47c754e1-229d-43e4-a480-ece34b8ccecc.jpeg,-1,-1
894195568126767283,Élysée,,Entire rental unit,Entire home/apt,0,1,,,https://a0.muscache.com/pictures/miso/Hosting-894195568126767283/original/47c5d4ea-7171-4891-a673-2bd133b7f763.jpeg,-1,-1
896983625995369577,Élysée,,Entire rental unit,Entire home/apt,0,63,within a few hours,97.0,https://a0.muscache.com/pictures/miso/Hosting-896983625995369577/original/c23c4375-0540-47b1-8f8b-2f0cb34e030e.jpeg,-1,-1
894550451533341531,Élysée,,Entire rental unit,Entire home/apt,71,816,within a day,87.0,https://a0.muscache.com/pictures/prohost-api/Hosting-894550451533341531/original/aa9d6403-961b-4a5a-8b52-e7887fd3d7c5.jpeg,-1,-1
898188166818711715,Élysée,,Entire rental unit,Entire home/apt,203,141,within an hour,100.0,https://a0.muscache.com/pictures/prohost-api/Hosting-898188166818711715/original/c5d7310e-7236-450b-81f7-b4c18571991e.jpeg,-1,-1
897596576297202866,Élysée,,Entire rental unit,Entire home/apt,177,141,within an hour,100.0,https://a0.muscache.com/pictures/prohost-api/Hosting-897596576297202866/original/35d818cf-347e-4646-8ece-0d633c177886.jpeg,-1,-1
899860791660608217,Élysée,,Entire rental unit,Entire home/apt,263,816,within a day,87.0,https://a0.muscache.com/pictures/prohost-api/Hosting-899860791660608217/original/18caf0b6-6f04-4c36-8b48-f0958580606c.jpeg,-1,-1
901876468014794306,Élysée,,Entire rental unit,Entire home/apt,0,1,,,https://a0.muscache.com/pictures/miso/Hosting-901876468014794306/original/a5a45c44-8efc-415b-9b22-6155d377c144.jpeg,-1,-1
900112514141768432,Élysée,,Entire rental unit,Entire home/apt,105,1,within a few hours,80.0,https://a0.muscache.com/pictures/55c1cd07-2e65-47f6-88fc-3cf2c07ee54f.jpg,-1,-1
902903028856610536,Élysée,,Private room in bed and breakfast,Private room,220,2,within an hour,100.0,https://a0.muscache.com/pictures/ad2b36a4-ed93-4b63-9eb6-aa293125dc73.jpg,-1,-1
902908524680713491,Élysée,,Entire rental unit,Entire home/apt,153,1,within a few hours,100.0,https://a0.muscache.com/pictures/hosting/Hosting-902908524680713491/original/76c3d08c-d636-4ad4-84cd-b8f6730ed673.jpeg,-1,-1
902639227286931617,Élysée,,Entire rental unit,Entire home/apt,108,68,within an hour,99.0,https://a0.muscache.com/pictures/miso/Hosting-902639227286931617/original/0fe6d586-d13c-464d-b75a-cd5aa49f763a.jpeg,-1,-1
905425604618421844,Élysée,,Entire rental unit,Entire home/apt,132,1,within an hour,100.0,https://a0.muscache.com/pictures/miso/Hosting-905425604618421844/original/abb5229d-92a7-4354-9448-8e7e3ff396af.jpeg,-1,-1
905898589470746536,Élysée,,Entire rental unit,Entire home/apt,0,2,,,https://a0.muscache.com/pictures/miso/Hosting-905898589470746536/original/288d5248-9b0b-45cf-8619-372ecf84446d.jpeg,-1,-1
906986282915913529,Élysée,,Entire rental unit,Entire home/apt,164,141,within an hour,100.0,https://a0.muscache.com/pictures/prohost-api/Hosting-906986282915913529/original/f8c2096d-7f2a-445a-9187-706715b2e0c8.jpeg,-1,-1
909079293306519762,Élysée,,Entire rental unit,Entire home/apt,121,1,within a few hours,100.0,https://a0.muscache.com/pictures/miso/Hosting-909079293306519762/original/fce835ea-dc7b-4383-ba17-81c5cd7e9f2b.jpeg,-1,-1
907853593710998463,Élysée,,Entire rental unit,Entire home/apt,268,816,within a day,87.0,https://a0.muscache.com/pictures/prohost-api/Hosting-907853593710998463/original/1d2ef8b8-611e-4113-b5dc-4e403bd53dbc.jpeg,-1,-1
907921757183609134,Élysée,,Entire rental unit,Entire home/apt,313,144,within an hour,99.0,https://a0.muscache.com/pictures/prohost-api/Hosting-907921757183609134/original/2776b96b-7572-4916-a62f-73a9b3e43796.jpeg,-1,-1
907922174138736701,Élysée,,Entire rental unit,Entire home/apt,199,144,within an hour,99.0,https://a0.muscache.com/pictures/prohost-api/Hosting-907922174138736701/original/fd0873a7-9be0-4228-865a-92593e018c3e.jpeg,-1,-1
907122193125782075,Élysée,,Entire rental unit,Entire home/apt,5,1,within a few hours,100.0,https://a0.muscache.com/pictures/miso/Hosting-907122193125782075/original/f8ce7732-f06d-4e49-be7e-92e9c0d21726.jpeg,-1,-1
909284672025773271,Élysée,,Entire rental unit,Entire home/apt,314,204,within an hour,100.0,https://a0.muscache.com/pictures/prohost-api/Hosting-909284672025773271/original/772dcb8e-23e2-4649-aee6-008e0dc62fbe.jpeg,-1,-1
908536135826110615,Élysée,,Entire rental unit,Entire home/apt,0,1,,,https://a0.muscache.com/pictures/hosting/Hosting-908536135826110615/original/eabf2221-59d2-4435-8c30-0f1fb50ca509.jpeg,-1,-1
910770584003097513,Élysée,,Entire rental unit,Entire home/apt,290,1,a few days or more,0.0,https://a0.muscache.com/pictures/cfc7f5de-a23e-4183-b68c-d2783bf829ed.jpg,-1,-1
911583515307034468,Élysée,,Entire rental unit,Entire home/apt,333,1,within a few hours,83.0,https://a0.muscache.com/pictures/miso/Hosting-911583515307034468/original/89284147-e3c1-4fac-9e7b-150ba91e5b73.jpeg,-1,-1
912399194475014789,Élysée,,Entire rental unit,Entire home/apt,275,1,within an hour,90.0,https://a0.muscache.com/pictures/miso/Hosting-912399194475014789/original/664e7e46-6973-4158-87b1-538bc51765a7.jpeg,-1,-1
913477855231933260,Élysée,,Room in hotel,Private room,0,9,within a day,100.0,https://a0.muscache.com/pictures/miso/Hosting-913477855231933260/original/b3106260-1d0f-4c0b-8197-32eae7cabcd1.jpeg,-1,-1
912817556797207356,Élysée,,Entire rental unit,Entire home/apt,0,1,,,https://a0.muscache.com/pictures/miso/Hosting-912817556797207356/original/a7a1d456-e666-4298-a323-8013ec550ddc.jpeg,-1,-1
913667950492276792,Élysée,,Boat,Entire home/apt,363,1,within a few hours,100.0,https://a0.muscache.com/pictures/2b8f0036-06f6-4cc6-bcc4-dea017f596dc.jpg,-1,-1
912985223348227632,Élysée,,Entire rental unit,Entire home/apt,345,1,within a day,50.0,https://a0.muscache.com/pictures/miso/Hosting-912985223348227632/original/a58e1194-0bb4-489e-9d34-169d3af21658.jpeg,-1,-1
914268345246049169,Élysée,,Entire rental unit,Entire home/apt,92,1,,,https://a0.muscache.com/pictures/miso/Hosting-914268345246049169/original/df593587-77e9-4015-aee2-b517521e27e3.jpeg,-1,-1
915247292847004443,Élysée,,Entire rental unit,Entire home/apt,326,1,within an hour,100.0,https://a0.muscache.com/pictures/miso/Hosting-915247292847004443/original/b7c82245-077b-4506-b869-8d2a0a77a089.jpeg,-1,-1
914454250317961060,Élysée,,Entire rental unit,Entire home/apt,311,1,,,https://a0.muscache.com/pictures/e2350cd4-dd98-4e3f-a058-17dd752a6d8f.jpg,-1,-1
914480909370008144,Élysée,,Room in hotel,Private room,0,9,within a day,100.0,https://a0.muscache.com/pictures/miso/Hosting-914480909370008144/original/2e9d73b5-3b1f-40bd-9705-af098b443a35.jpeg,-1,-1
917160655858488271,Élysée,,Entire rental unit,Entire home/apt,362,370,within an hour,100.0,https://a0.muscache.com/pictures/prohost-api/Hosting-917160655858488271/original/d126cba6-e791-4609-b4e8-732c3e79e4bb.jpeg,-1,-1
918479928915597638,Élysée,,Entire rental unit,Entire home/apt,172,141,within an hour,100.0,https://a0.muscache.com/pictures/prohost-api/Hosting-918479928915597638/original/ec2d2bde-d4b8-4a40-83cf-bc4dbc2d94eb.jpeg,-1,-1
919134397884762597,Élysée,,Entire rental unit,Entire home/apt,339,5,within an hour,100.0,https://a0.muscache.com/pictures/miso/Hosting-919134397884762597/original/42c3e420-470d-4974-984d-ce5759596e3e.jpeg,-1,-1
920147156101311092,Élysée,,Entire rental unit,Entire home/apt,110,1,within an hour,100.0,https://a0.muscache.com/pictures/miso/Hosting-920147156101311092/original/cd2462e7-3fca-4937-be43-939e2bc34179.jpeg,-1,-1
919461237306903143,Élysée,,Entire rental unit,Entire home/apt,364,34,within an hour,100.0,https://a0.muscache.com/pictures/prohost-api/Hosting-919461237306903143/original/fbe943b6-8157-42e4-917c-43105670e5e9.jpeg,-1,-1
920251430064011022,Élysée,,Entire rental unit,Entire home/apt,357,2,within a day,100.0,https://a0.muscache.com/pictures/miso/Hosting-920251430064011022/original/36ded128-55fb-465c-8e96-21a8a7227825.jpeg,-1,-1
920664076539937031,Élysée,,Entire rental unit,Entire home/apt,287,1,,,https://a0.muscache.com/pictures/miso/Hosting-920664076539937031/original/dd84349f-384a-4ad0-a4bf-a878d5a9bcc2.jpeg,-1,-1
922512409271527679,Élysée,,Entire rental unit,Entire home/apt,0,1,,,https://a0.muscache.com/pictures/miso/Hosting-922512409271527679/original/6ca4d67f-19d5-4ca3-a6cc-7353229ae2f9.jpeg,-1,-1
922940383653511073,Élysée,,Entire loft,Entire home/apt,312,1,within an hour,100.0,https://a0.muscache.com/pictures/db9c05fb-8e64-439e-9aaa-f84578f07d62.jpg,-1,-1
921839075341763361,Élysée,,Entire rental unit,Entire home/apt,0,1,,,https://a0.muscache.com/pictures/miso/Hosting-921839075341763361/original/cce97b9f-cb57-4ad6-8a2e-2c56acdd35cf.jpeg,-1,-1
921885080905050744,Élysée,,Entire rental unit,Entire home/apt,100,1,within an hour,100.0,https://a0.muscache.com/pictures/miso/Hosting-921885080905050744/original/8db5d28b-846a-4068-a0f5-ff3606bf8615.jpeg,-1,-1
922127423561328824,Élysée,,Entire rental unit,Entire home/apt,243,1,within an hour,100.0,https://a0.muscache.com/pictures/airflow/Hosting-922127423561328824/original/14114c0e-9443-42d5-b614-16a17ce24d0d.jpg,-1,-1
921480763738769152,Élysée,,Entire rental unit,Entire home/apt,15,1,within an hour,100.0,https://a0.muscache.com/pictures/miso/Hosting-921480763738769152/original/50ef33a1-65a1-49ad-a051-51dcee65747a.jpeg,-1,-1
922188021148815743,Élysée,,Entire home,Entire home/apt,129,4,within an hour,100.0,https://a0.muscache.com/pictures/miso/Hosting-922188021148815743/original/bbbc8eab-3de8-4ecd-8f79-4a3b45ac1b8e.jpeg,-1,-1
923810158115492199,Élysée,,Entire rental unit,Entire home/apt,1,170,within an hour,95.0,https://a0.muscache.com/pictures/miso/Hosting-907886176515713580/original/824dc063-9bf5-422a-a7d9-180c22a1f7ce.jpeg,-1,-1
923882719762889326,Élysée,,Entire rental unit,Entire home/apt,0,1,,,https://a0.muscache.com/pictures/miso/Hosting-923882719762889326/original/3fff58f3-17ad-4ab7-bf4b-e44c548111d6.jpeg,-1,-1
924689498880958117,Élysée,,Private room in rental unit,Private room,363,30,within an hour,100.0,https://a0.muscache.com/pictures/prohost-api/Hosting-924689498880958117/original/aa1dab02-42f5-46ca-b460-4fc020bf72ee.jpeg,-1,-1
924376904114902386,Élysée,,Entire rental unit,Entire home/apt,0,1,within a few hours,100.0,https://a0.muscache.com/pictures/hosting/Hosting-U3RheVN1cHBseUxpc3Rpbmc6OTI0Mzc2OTA0MTE0OTAyMzg2/original/5e93664f-9e69-4e7e-973b-6f4370d85cc3.jpeg,-1,-1
924422302711045840,Élysée,,Entire rental unit,Entire home/apt,44,816,within a day,87.0,https://a0.muscache.com/pictures/prohost-api/Hosting-924422302711045840/original/3a842527-b0d6-4b9a-8189-76e4a26f83d7.jpeg,-1,-1
924694887837969949,Élysée,,Private room in rental unit,Private room,363,30,within an hour,100.0,https://a0.muscache.com/pictures/prohost-api/Hosting-924694887837969949/original/432f0496-1b02-4bc5-8e53-56c4f1b1eabf.jpeg,-1,-1
924507470266597721,Élysée,,Private room in rental unit,Private room,363,30,within an hour,100.0,https://a0.muscache.com/pictures/prohost-api/Hosting-924507470266597721/original/8a989ef1-4c21-4423-8af2-6f11c614bc38.jpeg,-1,-1
924515540750601306,Élysée,,Private room in rental unit,Private room,363,30,within an hour,100.0,https://a0.muscache.com/pictures/prohost-api/Hosting-924515540750601306/original/6da69174-ed06-4b06-ba4d-279b7881adb4.jpeg,-1,-1
924518093269942093,Élysée,,Private room in rental unit,Private room,363,30,within an hour,100.0,https://a0.muscache.com/pictures/prohost-api/Hosting-924518093269942093/original/284350ce-f164-44af-8240-d8823db5bd6e.jpeg,-1,-1
924522212562513038,Élysée,,Private room in rental unit,Private room,363,30,within an hour,100.0,https://a0.muscache.com/pictures/prohost-api/Hosting-924522212562513038/original/a4e1acf4-b8ae-406c-b60c-31bc67cc8230.jpeg,-1,-1
925168860519759805,Élysée,,Entire serviced apartment,Entire home/apt,122,15,within an hour,94.0,https://a0.muscache.com/pictures/miso/Hosting-925168860519759805/original/03d6b12c-a62c-406b-914c-64a63830aa77.jpeg,-1,-1
927442714134522409,Élysée,,Entire rental unit,Entire home/apt,312,27,within an hour,100.0,https://a0.muscache.com/pictures/hosting/Hosting-927442714134522409/original/66e83da8-ccf0-41de-aa04-5913319b91fd.jpeg,-1,-1
927446386011988076,Élysée,,Entire rental unit,Entire home/apt,222,1,within a day,100.0,https://a0.muscache.com/pictures/hosting/Hosting-927446386011988076/original/418f953c-5309-4a98-b842-fdce052a1e7b.jpeg,-1,-1
928110081395286090,Élysée,,Entire rental unit,Entire home/apt,0,42,within an hour,99.0,https://a0.muscache.com/pictures/prohost-api/Hosting-928110081395286090/original/78a1a79b-1b6d-448c-a8d2-4b55fe4d5198.jpeg,-1,-1
928660449158764063,Élysée,,Entire rental unit,Entire home/apt,0,1,,,https://a0.muscache.com/pictures/miso/Hosting-928660449158764063/original/118f2c1a-1e3b-45de-be6c-d5a8066bcae4.jpeg,-1,-1
928677990348151272,Élysée,,Entire rental unit,Entire home/apt,255,1,,,https://a0.muscache.com/pictures/miso/Hosting-928677990348151272/original/c21e97af-e382-4131-8af4-d956545fe195.jpeg,-1,-1
928710764219519051,Élysée,,Entire rental unit,Entire home/apt,0,21,within an hour,100.0,https://a0.muscache.com/pictures/miso/Hosting-928710764219519051/original/241bc023-7ca2-4580-8816-5fa811bb6936.jpeg,-1,-1
929631223197428026,Élysée,,Entire rental unit,Entire home/apt,0,1,,,https://a0.muscache.com/pictures/miso/Hosting-929631223197428026/original/afe730a3-815f-4c57-95ba-2d1cc7be098b.jpeg,-1,-1
928791589150668211,Élysée,,Entire rental unit,Entire home/apt,327,1,within a few hours,100.0,https://a0.muscache.com/pictures/miso/Hosting-928791589150668211/original/29546db1-fd21-4b70-ad14-5699e7d64557.jpeg,-1,-1
931528906366695528,Élysée,,Private room in home,Private room,145,4,within an hour,100.0,https://a0.muscache.com/pictures/hosting/Hosting-U3RheVN1cHBseUxpc3Rpbmc6OTMxNTI4OTA2MzY2Njk1NTI4/original/b11bc2a1-2053-47e5-9376-df743bef1279.jpeg,-1,-1
929051591099740686,Élysée,,Room in hotel,Private room,0,9,within a day,100.0,https://a0.muscache.com/pictures/miso/Hosting-914480909370008144/original/920598fe-4102-4e61-844d-13a3dba86773.jpeg,-1,-1
930276174153954692,Élysée,,Entire rental unit,Entire home/apt,256,816,within a day,87.0,https://a0.muscache.com/pictures/prohost-api/Hosting-930276174153954692/original/4b9d87d6-d9c7-41a8-888e-cd3cc52ce204.jpeg,-1,-1
931664415774263335,Élysée,,Entire rental unit,Entire home/apt,63,4,within an hour,100.0,https://a0.muscache.com/pictures/hosting/Hosting-U3RheVN1cHBseUxpc3Rpbmc6OTMxNjY0NDE1Nzc0MjYzMzM1/original/3e881295-9cd0-4d6b-8acd-a0302e08afe6.jpeg,-1,-1
930412706310909315,Élysée,,Entire rental unit,Entire home/apt,169,1,within a few hours,100.0,https://a0.muscache.com/pictures/miso/Hosting-930412706310909315/original/52a63364-4caf-4aec-aa93-cbb7a72baebb.jpeg,-1,-1
933403704344803517,Élysée,,Entire rental unit,Entire home/apt,311,1,within an hour,100.0,https://a0.muscache.com/pictures/e406f5fe-e5ce-46b7-9c03-7ca02c74872c.jpg,-1,-1
932329366399776521,Élysée,,Entire rental unit,Entire home/apt,281,184,within an hour,100.0,https://a0.muscache.com/pictures/prohost-api/Hosting-932329366399776521/original/79bf8908-891b-46b0-9800-e96c4f33efb3.jpeg,-1,-1
933073354737661076,Élysée,,Entire rental unit,Entire home/apt,89,1,,,https://a0.muscache.com/pictures/miso/Hosting-933073354737661076/original/b6e86ac9-3049-4eed-bbd1-535af9e81b08.jpeg,-1,-1
933075021966201204,Élysée,,Entire rental unit,Entire home/apt,0,1,,,https://a0.muscache.com/pictures/miso/Hosting-933075021966201204/original/e64dfb45-3308-49d8-8a7e-2b81f43a1c61.jpeg,-1,-1
933981264360510219,Élysée,,Entire rental unit,Entire home/apt,72,9,within a day,75.0,https://a0.muscache.com/pictures/hosting/Hosting-U3RheVN1cHBseUxpc3Rpbmc6OTMzOTgxMjY0MzYwNTEwMjE5/original/3e2cdeab-2df0-4ea6-a8e6-d39b6919cd06.jpeg,-1,-1
934183647081340871,Élysée,,Entire rental unit,Entire home/apt,109,9,within a day,75.0,https://a0.muscache.com/pictures/hosting/Hosting-U3RheVN1cHBseUxpc3Rpbmc6OTM0MTgzNjQ3MDgxMzQwODcx/original/45430a56-5cd1-429d-98fe-8f8f5d39502c.jpeg,-1,-1
936986500009216462,Élysée,,Entire rental unit,Entire home/apt,0,1,,,https://a0.muscache.com/pictures/miso/Hosting-936986500009216462/original/8a4480a9-db09-42fc-a3c5-da60c317aae3.jpeg,-1,-1
938755713578942783,Élysée,,Entire rental unit,Entire home/apt,352,48,within an hour,100.0,https://a0.muscache.com/pictures/prohost-api/Hosting-938755713578942783/original/6a90f7ef-dc16-40a0-b984-d643cfae2e5f.jpeg,-1,-1
938049662017568099,Élysée,,Entire rental unit,Entire home/apt,0,27,within an hour,100.0,https://a0.muscache.com/pictures/miso/Hosting-938049662017568099/original/eaa39e1c-f9b3-4724-8dbb-3a51d2495941.jpeg,-1,-1
940197351771105098,Élysée,,Entire rental unit,Entire home/apt,151,141,within an hour,100.0,https://a0.muscache.com/pictures/prohost-api/Hosting-940197351771105098/original/b8fb7bd9-c4c8-433f-b680-d3cece0fe5b0.jpeg,-1,-1
941094806887538005,Élysée,,Entire rental unit,Entire home/apt,331,1,within a few hours,86.0,https://a0.muscache.com/pictures/f47d4f3e-d1f6-439e-bc44-4a7dbe1eeb5b.jpg,-1,-1
942658514272912430,Élysée,,Entire rental unit,Entire home/apt,4,7,within an hour,100.0,https://a0.muscache.com/pictures/miso/Hosting-942658514272912430/original/f4f5fa8c-1558-4ac9-949c-8ba725db143b.jpeg,-1,-1
943159436056741835,Élysée,,Entire rental unit,Entire home/apt,0,8,within an hour,100.0,https://a0.muscache.com/pictures/prohost-api/Hosting-943159436056741835/original/35ef037e-1453-4a0f-8fa6-4607c34c7424.jpeg,-1,-1
941916716347152591,Élysée,,Entire rental unit,Entire home/apt,0,1,,,https://a0.muscache.com/pictures/miso/Hosting-941916716347152591/original/ce92aee8-c6d6-4164-8374-6657c6425abd.jpeg,-1,-1
940632212130748087,Élysée,,Entire rental unit,Entire home/apt,334,20,within an hour,99.0,https://a0.muscache.com/pictures/miso/Hosting-940632212130748087/original/8633abb9-a457-44ad-bd62-aba64929f586.jpeg,-1,-1
941941617068409269,Élysée,,Entire rental unit,Entire home/apt,238,1,a few days or more,0.0,https://a0.muscache.com/pictures/miso/Hosting-941941617068409269/original/b82ba866-d303-4db2-9570-9aba6b9adc2d.jpeg,-1,-1
942164304571647876,Élysée,,Private room in rental unit,Private room,0,1,,,https://a0.muscache.com/pictures/miso/Hosting-942164304571647876/original/fddf75fc-d33a-48aa-a6d8-e9fc6088f8ab.jpeg,-1,-1
942540444891050230,Élysée,,Entire rental unit,Entire home/apt,61,1,,,https://a0.muscache.com/pictures/hosting/Hosting-942540444891050230/original/274b813d-00c2-491a-9444-7f2c227f7b00.jpeg,-1,-1
942584402035964285,Élysée,,Entire rental unit,Entire home/apt,2,42,within an hour,99.0,https://a0.muscache.com/pictures/prohost-api/Hosting-942584402035964285/original/43dbac42-6590-4478-a90f-50102124c2cf.jpeg,-1,-1
944712307935341000,Élysée,,Entire rental unit,Entire home/apt,87,1,,,https://a0.muscache.com/pictures/miso/Hosting-944712307935341000/original/bfc20a73-8ee5-4e75-948d-2c714dfc7b3e.jpeg,-1,-1
944734114370379090,Élysée,,Entire rental unit,Entire home/apt,342,184,within an hour,100.0,https://a0.muscache.com/pictures/prohost-api/Hosting-944734114370379090/original/f55b95a2-9691-454b-bcbc-6b22b34df0cf.jpeg,-1,-1
945367276777593130,Élysée,,Entire rental unit,Entire home/apt,316,184,within an hour,100.0,https://a0.muscache.com/pictures/prohost-api/Hosting-945367276777593130/original/15b1e7ea-0ec2-4afa-91e8-1378fb5adfaa.jpeg,-1,-1
947596347782398533,Élysée,,Entire rental unit,Entire home/apt,14,1,a few days or more,33.0,https://a0.muscache.com/pictures/hosting/Hosting-U3RheVN1cHBseUxpc3Rpbmc6OTQ3NTk2MzQ3NzgyMzk4NTMz/original/74a67f55-709f-4586-997e-08aaf856331b.jpeg,-1,-1
947654347006331699,Élysée,,Entire rental unit,Entire home/apt,314,184,within an hour,100.0,https://a0.muscache.com/pictures/prohost-api/Hosting-947654347006331699/original/fb1aea4a-dc44-4aa7-9609-42cd2685b34f.jpeg,-1,-1
946851359449518592,Élysée,,Entire rental unit,Entire home/apt,244,1,within a day,100.0,https://a0.muscache.com/pictures/hosting/Hosting-U3RheVN1cHBseUxpc3Rpbmc6OTQ2ODUxMzU5NDQ5NTE4NTky/original/836b5d01-a4c3-443c-ad2c-a7c90bf53b3e.jpeg,-1,-1
946857115029059017,Élysée,,Private room in rental unit,Private room,0,2,within a few hours,100.0,https://a0.muscache.com/pictures/hosting/Hosting-U3RheVN1cHBseUxpc3Rpbmc6OTQ2ODU3MTE1MDI5MDU5MDE3/original/22f3b6ea-97c7-4133-8134-42d7e7539d50.jpeg,-1,-1
947672468241570718,Élysée,,Entire rental unit,Entire home/apt,346,184,within an hour,100.0,https://a0.muscache.com/pictures/prohost-api/Hosting-947672468241570718/original/d70b07aa-e301-4495-9367-4a2b05254f6f.jpeg,-1,-1
945553467447191945,Élysée,,Entire rental unit,Entire home/apt,0,1,,,https://a0.muscache.com/pictures/prohost-api/Hosting-945553467447191945/original/77010bb5-838f-4fca-b3a3-dc903e3eebb1.jpeg,-1,-1
945590753380537193,Élysée,,Entire rental unit,Entire home/apt,185,19,within an hour,98.0,https://a0.muscache.com/pictures/prohost-api/Hosting-945590753380537193/original/3b6ce5ea-5c5f-442a-bf34-08c663b6ac22.jpeg,-1,-1
945600815997104634,Élysée,,Entire rental unit,Entire home/apt,298,184,within an hour,100.0,https://a0.muscache.com/pictures/prohost-api/Hosting-945600815997104634/original/8dc400cd-150b-4297-a1c4-5c34b5e57e9c.jpeg,-1,-1
945627995422223283,Élysée,,Entire rental unit,Entire home/apt,330,184,within an hour,100.0,https://a0.muscache.com/pictures/prohost-api/Hosting-945627995422223283/original/9866c6a6-b58b-449d-b2f5-3f7ab0b79a8b.jpeg,-1,-1
945633953209567546,Élysée,,Private room in rental unit,Private room,88,1,a few days or more,0.0,https://a0.muscache.com/pictures/772383ee-c394-400d-be98-90beeffd400b.jpg,-1,-1
947756033228756578,Élysée,,Entire rental unit,Entire home/apt,304,184,within an hour,100.0,https://a0.muscache.com/pictures/prohost-api/Hosting-947756033228756578/original/d5507646-e285-4ee2-ad82-57ad108180f0.jpeg,-1,-1
947015625416539648,Élysée,,Entire rental unit,Entire home/apt,0,1,,,https://a0.muscache.com/pictures/miso/Hosting-947015625416539648/original/1c5b0192-ad0e-46a2-9ca5-c0d129836682.jpeg,-1,-1
947162190389669312,Élysée,,Private room in rental unit,Private room,364,1,a few days or more,0.0,https://a0.muscache.com/pictures/hosting/Hosting-U3RheVN1cHBseUxpc3Rpbmc6OTQ3MTYyMTkwMzg5NjY5MzEy/original/7c977437-848d-4794-a0a9-48185170241c.jpeg,-1,-1
947178212519767133,Élysée,,Entire rental unit,Entire home/apt,302,184,within an hour,100.0,https://a0.muscache.com/pictures/prohost-api/Hosting-947178212519767133/original/d261800c-0e06-44a9-91b7-291f414097a1.jpeg,-1,-1
949001222425164317,Élysée,,Entire rental unit,Entire home/apt,326,184,within an hour,100.0,https://a0.muscache.com/pictures/prohost-api/Hosting-949001222425164317/original/c7d88835-b4fe-4f3f-ab92-dd3eadf8c95e.jpeg,-1,-1
948287744148954795,Élysée,,Entire rental unit,Entire home/apt,0,1,,,https://a0.muscache.com/pictures/prohost-api/Hosting-948287744148954795/original/1a325a0c-898c-4522-9db7-245a023a84bb.jpeg,-1,-1
949151210347007343,Élysée,,Entire rental unit,Entire home/apt,338,184,within an hour,100.0,https://a0.muscache.com/pictures/prohost-api/Hosting-949151210347007343/original/2d50731d-7cae-4f0f-890c-7d00d47ad29f.jpeg,-1,-1
950491044044564855,Élysée,,Entire rental unit,Entire home/apt,316,184,within an hour,100.0,https://a0.muscache.com/pictures/prohost-api/Hosting-950491044044564855/original/b0f8c446-0b2b-4a8d-9434-f339aea9f0ac.jpeg,-1,-1
950681915671566956,Élysée,,Entire rental unit,Entire home/apt,332,1,within a day,90.0,https://a0.muscache.com/pictures/hosting/Hosting-950681915671566956/original/129fa697-e335-42e2-bdff-35458e1a761d.jpeg,-1,-1
949787888103051836,Élysée,,Entire rental unit,Entire home/apt,256,1,a few days or more,0.0,https://a0.muscache.com/pictures/miso/Hosting-949787888103051836/original/cba3d5c6-e873-4e4c-bab3-6550fe5398cf.jpeg,-1,-1
952683343153866017,Élysée,,Entire rental unit,Entire home/apt,68,1,within a day,100.0,https://a0.muscache.com/pictures/miso/Hosting-952683343153866017/original/ee3e121d-e52d-4e07-9429-b0f73a1de9a1.jpeg,-1,-1
952779133025434602,Élysée,,Entire rental unit,Entire home/apt,362,1,,,https://a0.muscache.com/pictures/miso/Hosting-952779133025434602/original/aa97fad5-1c11-4ce4-b49f-e4368a4a9b28.jpeg,-1,-1
952922603477929712,Élysée,,Entire home/apt,Entire home/apt,350,9,within a few hours,100.0,https://a0.muscache.com/pictures/miso/Hosting-952922603477929712/original/95263c8f-828d-4aca-9a6a-5f25f1e7d994.jpeg,-1,-1
952923779914180344,Élysée,,Entire rental unit,Entire home/apt,253,1,within an hour,100.0,https://a0.muscache.com/pictures/hosting/Hosting-952923779914180344/original/aeae86eb-ca32-423e-b1eb-06fcded498d1.jpeg,-1,-1
951385513261703755,Élysée,,Entire rental unit,Entire home/apt,11,2,within an hour,70.0,https://a0.muscache.com/pictures/miso/Hosting-951385513261703755/original/aea85d58-68cc-4855-aa79-c99ee1da7f88.jpeg,-1,-1
951452665083622518,Élysée,,Entire rental unit,Entire home/apt,0,1,,,https://a0.muscache.com/pictures/miso/Hosting-951452665083622518/original/3485ee0b-44cd-4cd9-8444-8828d7ab203b.jpeg,-1,-1
951932339299503749,Élysée,,Entire rental unit,Entire home/apt,0,1,,,https://a0.muscache.com/pictures/miso/Hosting-951932339299503749/original/fc9ddc94-1e43-4f3a-9b2c-d98d74344bd5.jpeg,-1,-1
954104853456855150,Élysée,,Entire rental unit,Entire home/apt,347,184,within an hour,100.0,https://a0.muscache.com/pictures/prohost-api/Hosting-954104853456855150/original/eacf8a94-dbac-4bac-a734-b6e4019836bd.jpeg,-1,-1
954308833417956705,Élysée,,Entire rental unit,Entire home/apt,71,1,within an hour,100.0,https://a0.muscache.com/pictures/hosting/Hosting-954308833417956705/original/513449fc-9436-48e5-8dbe-f171bf6a7e78.jpeg,-1,-1
953647778797008136,Élysée,,Entire rental unit,Entire home/apt,12,1,within a day,100.0,https://a0.muscache.com/pictures/miso/Hosting-953647778797008136/original/a5ecb0c4-7090-444b-9efb-3d3995f47b94.jpeg,-1,-1
955672338684509652,Élysée,,Entire rental unit,Entire home/apt,365,1,,,https://a0.muscache.com/pictures/129d6617-bf0d-4e7e-97f8-6c3acb0adadb.jpg,-1,-1
957843488302818100,Élysée,,Entire rental unit,Entire home/apt,286,102,within an hour,100.0,https://a0.muscache.com/pictures/prohost-api/Hosting-957843488302818100/original/caf9b063-bccb-4abb-926d-8a7025006240.jpeg,-1,-1
955823035758139521,Élysée,,Entire rental unit,Entire home/apt,124,1,,,https://a0.muscache.com/pictures/miso/Hosting-955823035758139521/original/debfaedd-fbb8-4ff8-9566-d426360c9cfd.jpeg,-1,-1
955824397031835365,Élysée,,Entire rental unit,Entire home/apt,215,1,within a day,100.0,https://a0.muscache.com/pictures/hosting/Hosting-955824397031835365/original/45e9ea8c-bbdd-46a7-8016-a45e771c9d70.jpeg,-1,-1
956988008660773887,Élysée,,Entire rental unit,Entire home/apt,317,19,within an hour,98.0,https://a0.muscache.com/pictures/miso/Hosting-956988008660773887/original/4def784b-d05a-42a2-b96b-50c318974528.jpeg,-1,-1
960065623456634691,Élysée,,Entire rental unit,Entire home/apt,0,130,within a day,58.0,https://a0.muscache.com/pictures/miso/Hosting-960065623456634691/original/9faee4cb-ddee-4293-a12d-c6c191a3f2e8.jpeg,-1,-1
961485706702571027,Élysée,,Entire rental unit,Entire home/apt,358,1,,,https://a0.muscache.com/pictures/miso/Hosting-961485706702571027/original/c8e1d34b-50d2-4034-a605-2f61e809c07f.jpeg,-1,-1
960610723849925999,Élysée,,Entire rental unit,Entire home/apt,265,1,,,https://a0.muscache.com/pictures/prohost-api/Hosting-960610723849925999/original/0d2f3f5d-fe1f-4efd-aa56-4dc4ac065041.jpeg,-1,-1
962317856195697078,Élysée,,Private room in condo,Private room,0,1,,,https://a0.muscache.com/pictures/8b26f0ac-0894-43aa-9e6e-959e8e8f5d19.jpg,-1,-1
964175313062836620,Élysée,,Entire rental unit,Entire home/apt,83,1,,,https://a0.muscache.com/pictures/miso/Hosting-964175313062836620/original/30f5031e-3b2e-4c53-b4a8-4ad109ec87cc.jpeg,-1,-1
964304807250303967,Élysée,,Entire rental unit,Entire home/apt,194,33,within an hour,100.0,https://a0.muscache.com/pictures/miso/Hosting-964304807250303967/original/1cf5e205-8858-48c2-9e91-a986683501ac.jpeg,-1,-1
964345740526750658,Élysée,,Entire rental unit,Entire home/apt,173,1,within a day,100.0,https://a0.muscache.com/pictures/miso/Hosting-964345740526750658/original/b4fc4b75-0873-4e6a-860e-8a7c32cd971d.jpeg,-1,-1
962893496063568692,Élysée,,Entire rental unit,Entire home/apt,176,1,,,https://a0.muscache.com/pictures/miso/Hosting-962893496063568692/original/976b4a0a-d909-48c6-a611-cce86baa3fa6.jpeg,-1,-1
962989394797554881,Élysée,,Entire rental unit,Entire home/apt,348,1,within a few hours,100.0,https://a0.muscache.com/pictures/prohost-api/Hosting-962989394797554881/original/c80313c3-51d8-4e44-8890-8ecfe62d3af7.jpeg,-1,-1
967054443885764727,Élysée,,Entire rental unit,Entire home/apt,291,19,within an hour,98.0,https://a0.muscache.com/pictures/miso/Hosting-967054443885764727/original/5cbdb26b-99bb-4a2f-84bb-33e578986932.jpeg,-1,-1
967691058393311427,Élysée,,Entire condo,Entire home/apt,120,1,within an hour,100.0,https://a0.muscache.com/pictures/hosting/Hosting-967691058393311427/original/1dc442c1-fe5e-4fba-9d7c-635939f246a5.jpeg,-1,-1
969320399436596807,Élysée,,Entire rental unit,Entire home/apt,0,1,,,https://a0.muscache.com/pictures/prohost-api/Hosting-969320399436596807/original/f5c9217c-27cd-4e38-932e-f2c78e97e525.jpeg,-1,-1
969325296823916443,Élysée,,Entire rental unit,Entire home/apt,14,141,within an hour,100.0,https://a0.muscache.com/pictures/prohost-api/Hosting-969325296823916443/original/79ba6987-e3c2-4b6b-8306-36e6f01f8f41.jpeg,-1,-1
970245765235634102,Élysée,,Entire rental unit,Entire home/apt,269,1,within a day,100.0,https://a0.muscache.com/pictures/eeab2723-5e7d-4f46-8b48-a08540a1ca69.jpg,-1,-1
968104967449651949,Élysée,,Entire rental unit,Entire home/apt,358,1,,,https://a0.muscache.com/pictures/hosting/Hosting-968104967449651949/original/d599dbbc-2aaa-48f3-83ac-ebcffd23eec7.jpeg,-1,-1
969445735945734875,Élysée,,Entire rental unit,Entire home/apt,268,2,,,https://a0.muscache.com/pictures/miso/Hosting-969445735945734875/original/4becd4cf-0872-42b8-81fe-a5b39ce1f150.jpeg,-1,-1
969462218653935637,Élysée,,Entire rental unit,Entire home/apt,70,1,within a few hours,100.0,https://a0.muscache.com/pictures/hosting/Hosting-U3RheVN1cHBseUxpc3Rpbmc6OTY5NDYyMjE4NjUzOTM1NjM3/original/57bac662-dd24-4a53-8b14-e7e600ba1d1f.jpeg,-1,-1
968533589641319719,Élysée,,Entire rental unit,Entire home/apt,122,1,within an hour,100.0,https://a0.muscache.com/pictures/miso/Hosting-968533589641319719/original/8945d645-41b7-41f3-b73a-5521156b4cbb.jpeg,-1,-1
969481303252337747,Élysée,,Entire rental unit,Entire home/apt,141,1,within a few hours,100.0,https://a0.muscache.com/pictures/hosting/Hosting-U3RheVN1cHBseUxpc3Rpbmc6OTY5NDgxMzAzMjUyMzM3NzQ3/original/55add73d-fdaf-493b-8460-de7e5924babf.jpeg,-1,-1
971506991577834048,Élysée,,Entire rental unit,Entire home/apt,91,2,within an hour,100.0,https://a0.muscache.com/pictures/miso/Hosting-971506991577834048/original/1d7153fc-1f8c-45b2-8b88-213ccf82d88f.jpeg,-1,-1
973029569531990613,Élysée,,Entire rental unit,Entire home/apt,364,1,,,https://a0.muscache.com/pictures/miso/Hosting-973029569531990613/original/a1f10e00-ece0-47d7-a0bb-042fc5d62343.jpeg,-1,-1
973038339501516100,Élysée,,Entire rental unit,Entire home/apt,53,1,,,https://a0.muscache.com/pictures/5e441052-04c7-4b12-add2-baf64120e558.jpg,-1,-1
972867473873058086,Élysée,,Private room in rental unit,Private room,66,1,within a few hours,100.0,https://a0.muscache.com/pictures/miso/Hosting-972867473873058086/original/60eb246b-9447-468b-9848-a43c73e2f22e.jpeg,-1,-1
974718820807441794,Élysée,,Entire rental unit,Entire home/apt,269,1,,,https://a0.muscache.com/pictures/miso/Hosting-974718820807441794/original/810a060c-da78-414a-9824-f1c6febcb23f.jpeg,-1,-1
973712047717344248,Élysée,,Entire rental unit,Entire home/apt,341,184,within an hour,100.0,https://a0.muscache.com/pictures/prohost-api/Hosting-973712047717344248/original/a0bb897d-1bbe-483d-8d89-b7dd690b70d9.jpeg,-1,-1
975204414667915093,Élysée,,Entire rental unit,Entire home/apt,43,2,within an hour,100.0,https://a0.muscache.com/pictures/miso/Hosting-975204414667915093/original/1a872357-cc23-4997-98db-247a3ca68901.png,-1,-1
973811861098482451,Élysée,,Entire rental unit,Entire home/apt,128,2,within a few hours,100.0,https://a0.muscache.com/pictures/hosting/Hosting-U3RheVN1cHBseUxpc3Rpbmc6OTczODExODYxMDk4NDgyNDUx/original/9cbab7ef-2f18-4442-ac3c-8ad2dc3ffb63.jpeg,-1,-1
977254613561215807,Élysée,,Entire rental unit,Entire home/apt,200,6,within an hour,100.0,https://a0.muscache.com/pictures/miso/Hosting-977254613561215807/original/72b94b43-cf37-4c56-9b59-3c335d34cf79.jpeg,-1,-1
976067522198302380,Élysée,,Entire rental unit,Entire home/apt,32,1,within a few hours,100.0,https://a0.muscache.com/pictures/miso/Hosting-976067522198302380/original/f30d51e3-a7ab-4533-8556-514648b9ff73.jpeg,-1,-1
976109959362061949,Élysée,,Entire rental unit,Entire home/apt,273,2,,,https://a0.muscache.com/pictures/hosting/Hosting-U3RheVN1cHBseUxpc3Rpbmc6OTc2MTA5OTU5MzYyMDYxOTQ5/original/5e86dab4-d56f-4fdd-afe7-131618f55f70.jpeg,-1,-1
976212995457978413,Élysée,,Entire rental unit,Entire home/apt,3,1,within an hour,100.0,https://a0.muscache.com/pictures/hosting/Hosting-976212995457978413/original/afe5d1a7-509a-44d2-bbce-00a4752881aa.jpeg,-1,-1
976486588257199673,Élysée,,Entire rental unit,Entire home/apt,330,1,within an hour,100.0,https://a0.muscache.com/pictures/hosting/Hosting-976486588257199673/original/a1295995-1e4f-4ef8-9316-a935b55c18f0.jpeg,-1,-1
977432010187220772,Élysée,,Entire rental unit,Entire home/apt,269,1,,,https://a0.muscache.com/pictures/hosting/Hosting-977432010187220772/original/5e4da2ee-1d5b-4092-bb92-b1f9b49c4a16.jpeg,-1,-1
976646637355580536,Élysée,,Entire rental unit,Entire home/apt,318,2,,,https://a0.muscache.com/pictures/prohost-api/Hosting-976646637355580536/original/4c6fd5a2-3da2-4f18-90c0-43da2e419a48.jpeg,-1,-1
978123227296997788,Élysée,,Entire rental unit,Entire home/apt,94,5,within an hour,100.0,https://a0.muscache.com/pictures/miso/Hosting-978123227296997788/original/ce34225e-38d0-4f68-9325-938f514913dd.jpeg,-1,-1
978142544617946110,Élysée,,Entire rental unit,Entire home/apt,0,1,,,https://a0.muscache.com/pictures/hosting/Hosting-978142544617946110/original/4d4f7259-424c-4800-90a3-8d0e13cd7d1c.jpeg,-1,-1
979462460024027863,Élysée,,Entire rental unit,Entire home/apt,278,1,within an hour,100.0,https://a0.muscache.com/pictures/miso/Hosting-979462460024027863/original/5d5c0b41-b0c9-490e-a411-c8927270ac77.jpeg,-1,-1
979486504798721028,Élysée,,Entire guesthouse,Entire home/apt,31,1,within an hour,100.0,https://a0.muscache.com/pictures/miso/Hosting-886894559010605848/original/963a2463-f86b-46c6-a777-a9668e90f0db.jpeg,-1,-1
979486723022626000,Élysée,,Entire rental unit,Entire home/apt,321,1,within a few hours,90.0,https://a0.muscache.com/pictures/hosting/Hosting-U3RheVN1cHBseUxpc3Rpbmc6OTc5NDg2NzIzMDIyNjI2MDAw/original/be354634-74d2-41c9-bc4e-a2bbac883057.jpeg,-1,-1
980371109049325559,Élysée,,Entire rental unit,Entire home/apt,8,1,a few days or more,33.0,https://a0.muscache.com/pictures/miso/Hosting-980371109049325559/original/cff51866-15d9-4b88-9ddd-575c9294fdee.jpeg,-1,-1
982673396723275323,Élysée,,Entire rental unit,Entire home/apt,41,2,within a few hours,100.0,https://a0.muscache.com/pictures/miso/Hosting-982673396723275323/original/bf655c55-3c87-439e-9114-c866842c2005.jpeg,-1,-1
982722001619679531,Élysée,,Entire rental unit,Entire home/apt,246,1,within an hour,100.0,https://a0.muscache.com/pictures/miso/Hosting-982722001619679531/original/ce0b9ed1-8f07-4de5-9219-26f5dfe1522f.jpeg,-1,-1
982740104979080594,Élysée,,Entire condo,Entire home/apt,322,1,within an hour,100.0,https://a0.muscache.com/pictures/hosting/Hosting-U3RheVN1cHBseUxpc3Rpbmc6OTgyNzQwMTA0OTc5MDgwNTk0/original/1c6f809f-3d38-43ef-9aed-78a0bd08f002.jpeg,-1,-1
983051591898630193,Élysée,,Entire rental unit,Entire home/apt,310,184,within an hour,100.0,https://a0.muscache.com/pictures/prohost-api/Hosting-983051591898630193/original/fbfa4930-076a-46f4-8396-9058db27cdd7.jpeg,-1,-1
983054616149758724,Élysée,,Entire rental unit,Entire home/apt,319,184,within an hour,100.0,https://a0.muscache.com/pictures/prohost-api/Hosting-983054616149758724/original/5c3a69aa-b9ee-47b9-89b3-7263e149caf3.jpeg,-1,-1
984834200211583400,Élysée,,Entire rental unit,Entire home/apt,80,5,within an hour,97.0,https://a0.muscache.com/pictures/miso/Hosting-984834200211583400/original/9d53271b-e818-43a1-9625-050e33b7716d.jpeg,-1,-1
983295555883444569,Élysée,,Entire rental unit,Entire home/apt,10,1,within an hour,100.0,https://a0.muscache.com/pictures/hosting/Hosting-983295555883444569/original/65bbe5cf-9838-43f3-b6e6-4035c3a1eb23.jpeg,-1,-1
985349278350260476,Élysée,,Entire rental unit,Entire home/apt,108,1,within an hour,100.0,https://a0.muscache.com/pictures/88db8ded-614b-4127-a389-ef2d46e2ce7b.jpg,-1,-1
984740071481539588,Élysée,,Entire rental unit,Entire home/apt,269,2,within an hour,96.0,https://a0.muscache.com/pictures/65ba215d-f5b9-4f41-8ea4-f6d105f6d891.jpg,-1,-1
986094158438117652,Élysée,,Entire rental unit,Entire home/apt,306,2,,,https://a0.muscache.com/pictures/prohost-api/Hosting-986094158438117652/original/cc71b5ae-c5e4-4218-9f3f-a4336035b499.jpeg,-1,-1
988195452944523072,Élysée,,Entire rental unit,Entire home/apt,178,1,within an hour,100.0,https://a0.muscache.com/pictures/hosting/Hosting-988195452944523072/original/b930a42c-3a37-4cb9-8f5f-9d54810c243c.jpeg,-1,-1
986180692294457272,Élysée,,Entire rental unit,Entire home/apt,304,121,within an hour,100.0,https://a0.muscache.com/pictures/hosting/Hosting-U3RheVN1cHBseUxpc3Rpbmc6OTg2MTgwNjkyMjk0NDU3Mjcy/original/5c183abb-0dc5-4b2f-830c-641fc77631e0.jpeg,-1,-1
989865954145629264,Élysée,,Entire rental unit,Entire home/apt,0,10,within an hour,100.0,https://a0.muscache.com/pictures/miso/Hosting-989865954145629264/original/9767693d-f89e-41d7-bb7f-fcb8e8015e2b.jpeg,-1,-1
988132067699279111,Élysée,,Entire rental unit,Entire home/apt,0,2,,,https://a0.muscache.com/pictures/prohost-api/Hosting-988132067699279111/original/df3d9d3a-c5dc-40fb-a3b4-9721c8516cce.jpeg,-1,-1
990303075114579254,Élysée,,Entire rental unit,Entire home/apt,93,8,within an hour,100.0,https://a0.muscache.com/pictures/hosting/Hosting-990303075114579254/original/0c6c2107-68ff-4c21-88f5-3c6740069486.jpeg,-1,-1
989170529500175641,Élysée,,Entire rental unit,Entire home/apt,362,370,within an hour,100.0,https://a0.muscache.com/pictures/prohost-api/Hosting-989170529500175641/original/75a85d1c-cfd1-49d0-a6e6-838171dfffac.jpeg,-1,-1
990687386862288381,Élysée,,Entire rental unit,Entire home/apt,0,1,,,https://a0.muscache.com/pictures/miso/Hosting-990687386862288381/original/b3db06d9-47d5-4e1d-9f8d-3430a8cdd941.jpeg,-1,-1
992726098934345992,Élysée,,Entire rental unit,Entire home/apt,24,1,within an hour,100.0,https://a0.muscache.com/pictures/hosting/Hosting-992726098934345992/original/2956425f-1a0d-43d3-be87-82de560e5dcf.jpeg,-1,-1
991042366496847681,Élysée,,Entire rental unit,Entire home/apt,0,34,within an hour,100.0,https://a0.muscache.com/pictures/prohost-api/Hosting-991042366496847681/original/6887ee0d-28f8-4519-bf24-745dab0a6f68.jpeg,-1,-1
993209623931285505,Élysée,,Entire rental unit,Entire home/apt,103,4,within a few hours,100.0,https://a0.muscache.com/pictures/miso/Hosting-993209623931285505/original/724db1cd-a25a-4df3-a832-5fb88a74d2d4.jpeg,-1,-1
994195935576096676,Élysée,,Private room in rental unit,Private room,76,1,within a day,90.0,https://a0.muscache.com/pictures/miso/Hosting-994195935576096676/original/1b66330f-6ff2-4d9a-8d48-5318963d069f.jpeg,-1,-1
993366530097020792,Élysée,,Private room in rental unit,Private room,28,1,within an hour,100.0,https://a0.muscache.com/pictures/hosting/Hosting-993366530097020792/original/3b2b2012-fb1e-44fe-b5d6-9c591724a273.jpeg,-1,-1
993909239651751467,Élysée,,Entire rental unit,Entire home/apt,351,9,within an hour,100.0,https://a0.muscache.com/pictures/prohost-api/Hosting-993909239651751467/original/220abd35-9179-49e8-a5d4-a72984d62bd2.jpeg,-1,-1
993998281810943872,Élysée,,Entire rental unit,Entire home/apt,0,1,,,https://a0.muscache.com/pictures/miso/Hosting-993998281810943872/original/6ef0fca4-103a-457c-b7ac-dd0a3ac13223.jpeg,-1,-1
997037201537697976,Élysée,,Entire rental unit,Entire home/apt,237,1,within a day,100.0,https://a0.muscache.com/pictures/miso/Hosting-997037201537697976/original/6c9eacc8-aa0b-48e5-8c22-7ddfdff1ee39.jpeg,-1,-1
997499183678963825,Élysée,,Private room in rental unit,Private room,0,1,within an hour,70.0,https://a0.muscache.com/pictures/hosting/Hosting-997499183678963825/original/9ef714f4-53d7-406e-9fa0-55eaaff857f2.jpeg,-1,-1
998961872093653610,Élysée,,Entire rental unit,Entire home/apt,270,816,within a day,87.0,https://a0.muscache.com/pictures/prohost-api/Hosting-998961872093653610/original/d1f784ad-4baf-480b-8b5a-1a52007994e9.jpeg,-1,-1
999002946566571378,Élysée,,Entire rental unit,Entire home/apt,0,1,within a day,50.0,https://a0.muscache.com/pictures/miso/Hosting-999002946566571378/original/a368a194-8503-45d1-9520-76c81c6b832f.jpeg,-1,-1
999159419721647953,Élysée,,Entire rental unit,Entire home/apt,155,141,within an hour,100.0,https://a0.muscache.com/pictures/prohost-api/Hosting-999159419721647953/original/528cbe0e-7c89-48c6-8bee-48fd4e1ed61f.jpeg,-1,-1
999266671386110799,Élysée,,Entire rental unit,Entire home/apt,269,3,within a day,90.0,https://a0.muscache.com/pictures/hosting/Hosting-999266671386110799/original/5392f628-d551-45f6-9dc7-443f8a369244.jpeg,-1,-1
999266679376145297,Élysée,,Entire rental unit,Entire home/apt,261,3,within a day,90.0,https://a0.muscache.com/pictures/hosting/Hosting-999266679376145297/original/5f017e02-5580-414e-8f50-6dacf57c767e.jpeg,-1,-1
998362185133160001,Élysée,,Entire rental unit,Entire home/apt,314,204,within an hour,100.0,https://a0.muscache.com/pictures/prohost-api/Hosting-998362185133160001/original/2b151a52-6ef1-46ff-a21f-987f0ae3d90f.jpeg,-1,-1
998362298457246757,Élysée,,Entire rental unit,Entire home/apt,297,204,within an hour,100.0,https://a0.muscache.com/pictures/prohost-api/Hosting-998362298457246757/original/1ec0d346-e56e-423b-bb09-64cececa1066.jpeg,-1,-1
999791894791526080,Élysée,,Entire rental unit,Entire home/apt,339,9,within an hour,100.0,https://a0.muscache.com/pictures/prohost-api/Hosting-999791894791526080/original/5e60b85a-b625-4516-ab20-45af775ea647.jpeg,-1,-1
1000496571972594074,Élysée,,Entire rental unit,Entire home/apt,357,1,,,https://a0.muscache.com/pictures/miso/Hosting-1000496571972594074/original/baf23e99-d23c-437f-ae8c-25927d4439b7.jpeg,-1,-1
1002269849703957666,Élysée,,Entire rental unit,Entire home/apt,351,6,within an hour,100.0,https://a0.muscache.com/pictures/miso/Hosting-1002269849703957666/original/dfa847ac-5742-43a4-981e-31d8f5bd172e.jpeg,-1,-1
1002821788230469550,Élysée,,Entire rental unit,Entire home/apt,89,1,,,https://a0.muscache.com/pictures/miso/Hosting-1002821788230469550/original/ed2971ab-5e18-4934-bd48-e58fa76a47c1.jpeg,-1,-1
1001232776784508975,Élysée,,Entire rental unit,Entire home/apt,339,9,within an hour,100.0,https://a0.muscache.com/pictures/prohost-api/Hosting-1001232776784508975/original/bc93a893-33a5-4966-b790-3024359f43ca.jpeg,-1,-1
1004294135938150493,Élysée,,Room in hotel,Private room,0,7,,,https://a0.muscache.com/pictures/40bbb091-d635-4d51-828b-4221fecdda89.jpg,-1,-1
1001866935188273365,Élysée,,Private room in rental unit,Private room,83,1,a few days or more,0.0,https://a0.muscache.com/pictures/90e88720-1d14-4f15-af3a-371d829c7751.jpg,-1,-1
1004778253073913352,Élysée,,Room in hotel,Private room,0,6,a few days or more,0.0,https://a0.muscache.com/pictures/miso/Hosting-572178914113188935/original/10a5533d-e7d5-44e4-93b8-73ef420dc211.jpeg,-1,-1
1003599537644152960,Élysée,,Entire rental unit,Entire home/apt,257,1,,,https://a0.muscache.com/pictures/miso/Hosting-1003599537644152960/original/21889427-4a6b-4652-aae2-cb6416af5fe5.jpeg,-1,-1
1004929857362002851,Élysée,,Room in boutique hotel,Private room,0,6,,,https://a0.muscache.com/pictures/89b34095-c67e-43d3-80c8-36596fc9195f.jpg,-1,-1
1008708683137971277,Élysée,,Entire rental unit,Entire home/apt,232,34,within an hour,100.0,https://a0.muscache.com/pictures/miso/Hosting-1008708683137971277/original/73f1b2ad-d3cc-4aba-87ab-63bff6f0c694.jpeg,-1,-1
1005762461101659822,Élysée,,Entire rental unit,Entire home/apt,301,2,within an hour,100.0,https://a0.muscache.com/pictures/hosting/Hosting-U3RheVN1cHBseUxpc3Rpbmc6MTAwNTc2MjQ2MTEwMTY1OTgyMg%3D%3D/original/4893cac1-3e6a-4641-a1ca-8409724f5c10.jpeg,-1,-1
1005873863853480513,Élysée,,Entire rental unit,Entire home/apt,247,1,a few days or more,30.0,https://a0.muscache.com/pictures/miso/Hosting-1005873863853480513/original/a9480407-6538-4f00-bd65-4d576c738f30.jpeg,-1,-1
1006006558861169063,Élysée,,Private room in condo,Private room,353,8,within an hour,100.0,https://a0.muscache.com/pictures/hosting/Hosting-U3RheVN1cHBseUxpc3Rpbmc6MTAwNjAwNjU1ODg2MTE2OTA2Mw==/original/062e5d72-d405-4f21-a576-ba72e6593f7f.jpeg,-1,-1
1006051154415144822,Élysée,,Private room in condo,Private room,272,8,within an hour,100.0,https://a0.muscache.com/pictures/hosting/Hosting-U3RheVN1cHBseUxpc3Rpbmc6MTAwNjA1MTE1NDQxNTE0NDgyMg==/original/9f584ca9-be2e-42c1-8379-73d341971928.jpeg,-1,-1
1006058828311188822,Élysée,,Private room in condo,Private room,269,8,within an hour,100.0,https://a0.muscache.com/pictures/hosting/Hosting-U3RheVN1cHBseUxpc3Rpbmc6MTAwNjA1ODgyODMxMTE4ODgyMg==/original/88211016-0611-44eb-a2c0-d1b977396ce1.jpeg,-1,-1
1006148412416043397,Élysée,,Entire condo,Entire home/apt,353,8,within an hour,100.0,https://a0.muscache.com/pictures/hosting/Hosting-U3RheVN1cHBseUxpc3Rpbmc6MTAwNjE0ODQxMjQxNjA0MzM5Nw==/original/1cd1f936-3095-4ecb-99ed-561df1d0a576.jpeg,-1,-1
1009118964193816022,Élysée,,Entire rental unit,Entire home/apt,157,23,within an hour,100.0,https://a0.muscache.com/pictures/hosting/Hosting-U3RheVN1cHBseUxpc3Rpbmc6MTAwOTExODk2NDE5MzgxNjAyMg%3D%3D/original/0b6c22f0-61d7-46dc-a8af-7cb0ed617193.jpeg,-1,-1
1009310059681330533,Élysée,,Entire rental unit,Entire home/apt,201,6,within an hour,100.0,https://a0.muscache.com/pictures/hosting/Hosting-U3RheVN1cHBseUxpc3Rpbmc6MTAwOTMxMDA1OTY4MTMzMDUzMw%3D%3D/original/28ae2279-0d54-4c91-a49c-7545e5d47396.jpeg,-1,-1
1010977546029926854,Élysée,,Private room in rental unit,Private room,81,1,within an hour,100.0,https://a0.muscache.com/pictures/miso/Hosting-1010977546029926854/original/554fd0dd-07e9-452d-98a0-a7dcc5df5cb1.jpeg,-1,-1
1012121862137395526,Élysée,,Entire rental unit,Entire home/apt,179,1,a few days or more,0.0,https://a0.muscache.com/pictures/miso/Hosting-1012121862137395526/original/9ba92697-a89a-44d6-b172-9c094afd84a5.jpeg,-1,-1
1013659645152994081,Élysée,,Entire rental unit,Entire home/apt,323,8,within an hour,100.0,https://a0.muscache.com/pictures/miso/Hosting-1013659645152994081/original/bd7984ba-10dd-47b1-ae83-f81fce82a728.jpeg,-1,-1
1013664935529572389,Élysée,,Entire rental unit,Entire home/apt,336,8,within an hour,100.0,https://a0.muscache.com/pictures/miso/Hosting-1013664935529572389/original/d27a659d-6479-406a-9721-3da9a3e31ba9.jpeg,-1,-1
1011418115840566788,Élysée,,Entire rental unit,Entire home/apt,316,5,within an hour,100.0,https://a0.muscache.com/pictures/miso/Hosting-1011418115840566788/original/f2664f77-10b0-4296-9efc-3826b87bd6c7.jpeg,-1,-1
1012292576113001046,Élysée,,Entire rental unit,Entire home/apt,0,1,within a few hours,100.0,https://a0.muscache.com/pictures/miso/Hosting-1012292576113001046/original/02976444-e134-4c6e-83c3-6abd31b841d4.jpeg,-1,-1
1012788312298545060,Élysée,,Entire rental unit,Entire home/apt,355,25,within an hour,100.0,https://a0.muscache.com/pictures/prohost-api/Hosting-1012788312298545060/original/2b47909b-09b0-4ed5-9db0-109e1f252a59.jpeg,-1,-1
1012993453903860298,Élysée,,Entire rental unit,Entire home/apt,61,45,within an hour,100.0,https://a0.muscache.com/pictures/hosting/Hosting-U3RheVN1cHBseUxpc3Rpbmc6MTAxMjk5MzQ1MzkwMzg2MDI5OA%3D%3D/original/5b871d01-0ab4-4cf2-bb38-44a58d411eb7.jpeg,-1,-1
1013023351532968605,Élysée,,Entire rental unit,Entire home/apt,58,45,within an hour,100.0,https://a0.muscache.com/pictures/miso/Hosting-1013023351532968605/original/6adfad92-9ff9-42d2-b0cd-3b145347533e.jpeg,-1,-1
1013024145346387920,Élysée,,Entire rental unit,Entire home/apt,357,1,,,https://a0.muscache.com/pictures/prohost-api/Hosting-1013024145346387920/original/15dfb574-5d33-4fbf-b92d-842d85e31fa5.jpeg,-1,-1
1013040299582920381,Élysée,,Entire rental unit,Entire home/apt,364,1,,,https://a0.muscache.com/pictures/miso/Hosting-1013040299582920381/original/988e6b63-f30d-4912-9f5b-6618aed9012f.jpeg,-1,-1
1013115825016730727,Élysée,,Entire rental unit,Entire home/apt,30,9,within an hour,100.0,https://a0.muscache.com/pictures/hosting/Hosting-1013115825016730727/original/6edfabad-9362-4585-9739-e48e794419a0.jpeg,-1,-1
1015886774612536192,Élysée,,Entire rental unit,Entire home/apt,269,1,a few days or more,0.0,https://a0.muscache.com/pictures/miso/Hosting-1015886774612536192/original/4bbeff5b-702b-452c-a2aa-bf1ab599ea2f.jpeg,-1,-1
1015800922233222203,Élysée,,Entire rental unit,Entire home/apt,0,1,,,https://a0.muscache.com/pictures/hosting/Hosting-1015800922233222203/original/e0c308e7-fa14-4b60-a6ac-bad33299e29d.jpeg,-1,-1
1017416161602129006,Élysée,,Entire rental unit,Entire home/apt,0,1,,,https://a0.muscache.com/pictures/miso/Hosting-1017416161602129006/original/e8edf0f8-d639-449b-bee6-b54fdd84862e.jpeg,-1,-1
1018723713328742213,Élysée,,Entire rental unit,Entire home/apt,364,1,,,https://a0.muscache.com/pictures/hosting/Hosting-1018723713328742213/original/e684c6f3-cc45-48f4-99b1-31d0b97e2564.jpeg,-1,-1
1019645364025139380,Élysée,,Entire rental unit,Entire home/apt,161,1,within an hour,100.0,https://a0.muscache.com/pictures/hosting/Hosting-U3RheVN1cHBseUxpc3Rpbmc6MTAxOTY0NTM2NDAyNTEzOTM4MA%3D%3D/original/dbc8f443-8515-411f-822f-a2c9f1f14859.jpeg,-1,-1
1021704877608860038,Élysée,,Entire rental unit,Entire home/apt,140,16,within an hour,100.0,https://a0.muscache.com/pictures/miso/Hosting-1021704877608860038/original/096c96c6-fad8-4a35-9e88-2bae00f5a4eb.jpeg,-1,-1
1022407881661828925,Élysée,,Entire rental unit,Entire home/apt,269,1,,,https://a0.muscache.com/pictures/miso/Hosting-1022407881661828925/original/390f40a0-5457-4300-8d5a-9efd0ae557de.jpeg,-1,-1
1023791837568644069,Élysée,,Entire rental unit,Entire home/apt,214,141,within an hour,100.0,https://a0.muscache.com/pictures/prohost-api/Hosting-1023791837568644069/original/e1ef849c-9cff-4c0b-9b50-e118e30dd309.jpeg,-1,-1
1025408262429591231,Élysée,,Entire rental unit,Entire home/apt,0,1,,,https://a0.muscache.com/pictures/miso/Hosting-1025408262429591231/original/11fe058b-08cb-4fed-819c-5a61bc848731.jpeg,-1,-1
1023207522070718483,Élysée,,Entire rental unit,Entire home/apt,263,1,within an hour,100.0,https://a0.muscache.com/pictures/hosting/Hosting-1023207522070718483/original/5f52e30e-e25b-4864-9ff7-1d3e2543ec88.jpeg,-1,-1
1025911523271170069,Élysée,,Entire condo,Entire home/apt,166,9,within a day,75.0,https://a0.muscache.com/pictures/hosting/Hosting-U3RheVN1cHBseUxpc3Rpbmc6MTAyNTkxMTUyMzI3MTE3MDA2OQ%3D%3D/original/fc49a94c-42ed-4f3e-ab36-2c49fc056288.jpeg,-1,-1
1025922829289692460,Élysée,,Entire rental unit,Entire home/apt,363,370,within an hour,100.0,https://a0.muscache.com/pictures/prohost-api/Hosting-1025922829289692460/original/423eb226-7193-466a-b72d-1f8490cae131.jpeg,-1,-1
1025939362998759778,Élysée,,Entire rental unit,Entire home/apt,363,370,within an hour,100.0,https://a0.muscache.com/pictures/prohost-api/Hosting-1025939362998759778/original/bbe0a8e4-19b8-4ebc-af04-68c633631356.jpeg,-1,-1
1025964215767534118,Élysée,,Entire rental unit,Entire home/apt,35,1,within a day,69.0,https://a0.muscache.com/pictures/miso/Hosting-1025964215767534118/original/b5ed7784-1023-4837-a5e4-6c8e666d2955.jpeg,-1,-1
1025973487362891344,Élysée,,Entire condo,Entire home/apt,97,9,within a day,75.0,https://a0.muscache.com/pictures/hosting/Hosting-U3RheVN1cHBseUxpc3Rpbmc6MTAyNTk3MzQ4NzM2Mjg5MTM0NA%3D%3D/original/571fe821-c73b-4873-9387-00ba645d63f9.jpeg,-1,-1
1024597009841108266,Élysée,,Entire home,Entire home/apt,296,1,within an hour,100.0,https://a0.muscache.com/pictures/miso/Hosting-1024597009841108266/original/10f1ffde-a518-4151-9fcc-4667deb8f73e.jpeg,-1,-1
1026489070081004269,Élysée,,Entire rental unit,Entire home/apt,15,1,within an hour,100.0,https://a0.muscache.com/pictures/miso/Hosting-1026489070081004269/original/391d3cbd-eee8-4e29-b8d2-dbf4287c40df.jpeg,-1,-1
1028416280043983787,Élysée,,Private room in rental unit,Private room,267,1,a few days or more,0.0,https://a0.muscache.com/pictures/hosting/Hosting-1028416280043983787/original/fb56e79f-374d-4b4e-8e50-15f07597b715.jpeg,-1,-1
1030109993536044419,Élysée,,Entire rental unit,Entire home/apt,0,1,,,https://a0.muscache.com/pictures/miso/Hosting-1030109993536044419/original/a446f055-a665-4266-b42c-d654b5548db0.jpeg,-1,-1
1030211817740335495,Élysée,,Entire rental unit,Entire home/apt,0,44,within an hour,100.0,https://a0.muscache.com/pictures/prohost-api/Hosting-1030211817740335495/original/ac249e6d-768a-44d5-b4e5-7177633ff89f.jpeg,-1,-1
1027461491324100202,Élysée,,Entire rental unit,Entire home/apt,2,91,,,https://a0.muscache.com/pictures/miso/Hosting-1027461491324100202/original/a97d7572-fe76-4a93-98f4-69c475b5c548.jpeg,-1,-1
1028814088239041528,Élysée,,Entire rental unit,Entire home/apt,203,141,within an hour,100.0,https://a0.muscache.com/pictures/prohost-api/Hosting-1028814088239041528/original/ac57145b-5d68-4560-a942-27fe8c695af9.jpeg,-1,-1
1030369378969675444,Élysée,,Entire rental unit,Entire home/apt,255,88,within an hour,100.0,https://a0.muscache.com/pictures/prohost-api/Hosting-1030369378969675444/original/827b10b7-5488-431e-bc35-300bb1a0ace9.jpeg,-1,-1
1030615640515693564,Élysée,,Private room in rental unit,Private room,177,8,within an hour,100.0,https://a0.muscache.com/pictures/hosting/Hosting-U3RheVN1cHBseUxpc3Rpbmc6MTAzMDYxNTY0MDUxNTY5MzU2NA==/original/e635ea6f-3297-4a8a-aa9a-522ea7bc43cb.jpeg,-1,-1
1030948933127251948,Élysée,,Private room in home,Private room,270,8,within an hour,100.0,https://a0.muscache.com/pictures/hosting/Hosting-U3RheVN1cHBseUxpc3Rpbmc6MTAzMDk0ODkzMzEyNzI1MTk0OA==/original/4f0b83f2-93e2-4c7b-a968-e14bd56d93c7.jpeg,-1,-1
1030815771836131955,Élysée,,Private room in rental unit,Private room,177,8,within an hour,100.0,https://a0.muscache.com/pictures/hosting/Hosting-U3RheVN1cHBseUxpc3Rpbmc6MTAzMDgxNTc3MTgzNjEzMTk1NQ==/original/64a1922f-a673-48bd-9edc-7215df1e057a.jpeg,-1,-1
1029117835809026377,Élysée,,Entire rental unit,Entire home/apt,0,184,within an hour,100.0,https://a0.muscache.com/pictures/prohost-api/Hosting-1029117835809026377/original/db61f1f7-5b13-4d8b-9ffd-d2fbf6098858.jpeg,-1,-1
1031252878520984970,Élysée,,Entire rental unit,Entire home/apt,130,1,within a few hours,100.0,https://a0.muscache.com/pictures/7d3de4d8-5975-4296-b74c-48fcee42d5cd.jpg,-1,-1
1033352030577062675,Élysée,,Entire rental unit,Entire home/apt,318,77,within a day,100.0,https://a0.muscache.com/pictures/prohost-api/Hosting-1033352030577062675/original/6a13f15a-13f3-4eef-b8c3-3a729ae56059.jpeg,-1,-1
1031664089096073526,Élysée,,Entire rental unit,Entire home/apt,0,13,within an hour,100.0,https://a0.muscache.com/pictures/prohost-api/Hosting-1031664089096073526/original/03a9d268-6f8d-498d-bf0f-215b3c2ea760.jpeg,-1,-1
1034147641714789605,Élysée,,Entire rental unit,Entire home/apt,364,1,,,https://a0.muscache.com/pictures/miso/Hosting-1034147641714789605/original/060d0643-9e45-450f-a84e-246cfdfdc855.jpeg,-1,-1
1031766085924064083,Élysée,,Entire rental unit,Entire home/apt,351,1,within a few hours,100.0,https://a0.muscache.com/pictures/miso/Hosting-1031766085924064083/original/5813a3c8-937e-4f3f-9b16-6e908d1528ba.png,-1,-1
1033415189760723761,Élysée,,Entire rental unit,Entire home/apt,364,1,,,https://a0.muscache.com/pictures/miso/Hosting-1033415189760723761/original/647c637c-5a3d-4576-9ba3-3e29f5d8c7cc.jpeg,-1,-1
1034524563813498795,Élysée,,Entire rental unit,Entire home/apt,336,3,within an hour,100.0,https://a0.muscache.com/pictures/hosting/Hosting-U3RheVN1cHBseUxpc3Rpbmc6MTAzNDUyNDU2MzgxMzQ5ODc5NQ==/original/8d475dd5-9cc1-4d5a-b862-9546e97a1649.jpeg,-1,-1
1034596285332768623,Élysée,,Entire rental unit,Entire home/apt,87,1,,,https://a0.muscache.com/pictures/miso/Hosting-1034596285332768623/original/60f87f23-c205-49ce-a55b-406b310953e1.jpeg,-1,-1
1034610323502867679,Élysée,,Entire rental unit,Entire home/apt,139,102,within an hour,100.0,https://a0.muscache.com/pictures/prohost-api/Hosting-1034610323502867679/original/56b0574b-4862-4fbb-a48b-d70ea801ff78.jpeg,-1,-1
1034623474259913011,Élysée,,Entire rental unit,Entire home/apt,240,3,within an hour,100.0,https://a0.muscache.com/pictures/miso/Hosting-1034623474259913011/original/c5199712-d581-4642-8e5a-741dfd00c73f.jpeg,-1,-1
1034726446352230360,Élysée,,Entire rental unit,Entire home/apt,266,3,within an hour,100.0,https://a0.muscache.com/pictures/miso/Hosting-1034726446352230360/original/3fe266e2-0190-45af-a6e4-d80a45411231.jpeg,-1,-1
1032641348296998047,Élysée,,Entire rental unit,Entire home/apt,329,184,within an hour,100.0,https://a0.muscache.com/pictures/prohost-api/Hosting-1032641348296998047/original/15e5ccf4-b516-4b0e-b243-d581fcb0321f.jpeg,-1,-1
1034745763294719104,Élysée,,Entire rental unit,Entire home/apt,292,121,within an hour,100.0,https://a0.muscache.com/pictures/hosting/Hosting-U3RheVN1cHBseUxpc3Rpbmc6MTAzNDc0NTc2MzI5NDcxOTEwNA==/original/3b0efc44-1aec-478f-8ecc-250fdc88f3e5.jpeg,-1,-1
1034077814080223978,Élysée,,Entire rental unit,Entire home/apt,351,184,within an hour,100.0,https://a0.muscache.com/pictures/prohost-api/Hosting-1034077814080223978/original/60772f9c-55ea-4c09-9fa2-d95268bff87c.jpeg,-1,-1
1035313527546805315,Élysée,,Entire rental unit,Entire home/apt,329,6,within an hour,94.0,https://a0.muscache.com/pictures/miso/Hosting-1035313527546805315/original/667515f3-2723-45a7-9716-97d4631af84c.jpeg,-1,-1
1036372935193689020,Élysée,,Entire rental unit,Entire home/apt,226,45,within an hour,100.0,https://a0.muscache.com/pictures/prohost-api/Hosting-1036372935193689020/original/f31c7d1f-e695-42cb-8617-74c0b95c3037.jpeg,-1,-1
1035435731517537689,Élysée,,Room in hotel,Private room,124,6,within an hour,100.0,https://a0.muscache.com/pictures/prohost-api/Hosting-1035435731517537689/original/909b610b-dbe1-496a-a19c-579bf668ad51.jpeg,-1,-1
1035435824192866875,Élysée,,Room in hotel,Private room,134,6,within an hour,100.0,https://a0.muscache.com/pictures/prohost-api/Hosting-1035435824192866875/original/4d389262-a2a9-4865-bab6-152d246c40f2.jpeg,-1,-1
1035435827057753930,Élysée,,Room in hotel,Private room,133,6,within an hour,100.0,https://a0.muscache.com/pictures/prohost-api/Hosting-1035435827057753930/original/6a358e3d-49be-4859-9cb8-0711efac77cd.jpeg,-1,-1
1035435925777486610,Élysée,,Room in hotel,Private room,135,6,within an hour,100.0,https://a0.muscache.com/pictures/prohost-api/Hosting-1035435925777486610/original/a5e544a4-7f1e-416d-a225-8c827207fd5f.jpeg,-1,-1
1035435926550603691,Élysée,,Room in hotel,Private room,138,6,within an hour,100.0,https://a0.muscache.com/pictures/prohost-api/Hosting-1035435926550603691/original/0ede09a0-7e7b-4d17-a34d-df7363dfcaab.jpeg,-1,-1
1035436029685290731,Élysée,,Room in hotel,Private room,120,6,within an hour,100.0,https://a0.muscache.com/pictures/prohost-api/Hosting-1035436029685290731/original/de31719c-901a-43dc-9192-d4db70fa6dae.jpeg,-1,-1
1036769097515599836,Élysée,,Entire rental unit,Entire home/apt,304,1,within an hour,100.0,https://a0.muscache.com/pictures/miso/Hosting-1036769097515599836/original/41826f8c-057c-4bd6-b15b-bad658667afa.jpeg,-1,-1
1035494887098421006,Élysée,,Entire rental unit,Entire home/apt,14,73,,,https://a0.muscache.com/pictures/miso/Hosting-1035494887098421006/original/4c70eae5-11c1-4ca6-be76-e06123f0853f.jpeg,-1,-1
1035260608676609758,Élysée,,Entire rental unit,Entire home/apt,268,113,within a day,75.0,https://a0.muscache.com/pictures/prohost-api/Hosting-1035260608676609758/original/6cc59e06-42f3-4b30-97ec-e5a9b906e9d8.jpeg,-1,-1
1038293185528734950,Élysée,,Entire rental unit,Entire home/apt,0,1,,,https://a0.muscache.com/pictures/hosting/Hosting-U3RheVN1cHBseUxpc3Rpbmc6MTAzODI5MzE4NTUyODczNDk1MA%3D%3D/original/d5cc656d-7268-4f5a-8157-74e2b97de1d4.jpeg,-1,-1
1036026734293910313,Élysée,,Entire rental unit,Entire home/apt,139,1,within a day,100.0,https://a0.muscache.com/pictures/miso/Hosting-1036026734293910313/original/6f0ebfcf-afff-4ce4-89f8-798926c82fb6.jpeg,-1,-1
1036027015239575544,Élysée,,Entire rental unit,Entire home/apt,215,68,within an hour,99.0,https://a0.muscache.com/pictures/miso/Hosting-902639227286931617/original/0fe6d586-d13c-464d-b75a-cd5aa49f763a.jpeg,-1,-1
1039067948234576204,Élysée,,Entire rental unit,Entire home/apt,302,2,within an hour,100.0,https://a0.muscache.com/pictures/hosting/Hosting-1039067948234576204/original/5b1c7efc-11be-4b6e-807b-924796b21536.jpeg,-1,-1
1038439029696376389,Élysée,,Entire rental unit,Entire home/apt,0,2,within an hour,100.0,https://a0.muscache.com/pictures/miso/Hosting-1038439029696376389/original/a45d8219-06df-49e3-b8c6-71f59b837962.jpeg,-1,-1
1039135363214852772,Élysée,,Entire rental unit,Entire home/apt,307,2,within an hour,100.0,https://a0.muscache.com/pictures/hosting/Hosting-1039135363214852772/original/a13dbd5f-ad6c-448a-bd18-3e009a2dc2ff.jpeg,-1,-1
1039257971213108347,Élysée,,Entire rental unit,Entire home/apt,105,1,a few days or more,0.0,https://a0.muscache.com/pictures/miso/Hosting-1039257971213108347/original/8d305c3b-4831-4a7c-9b90-8410cdb47f9a.jpeg,-1,-1
1039775872829879220,Élysée,,Entire rental unit,Entire home/apt,263,1,,,https://a0.muscache.com/pictures/hosting/Hosting-U3RheVN1cHBseUxpc3Rpbmc6MTAzOTc3NTg3MjgyOTg3OTIyMA%3D%3D/original/b4f2087b-6b5d-47fe-9deb-556af7b7fcb3.jpeg,-1,-1
1041402778528095277,Élysée,,Entire rental unit,Entire home/apt,0,23,within an hour,100.0,https://a0.muscache.com/pictures/miso/Hosting-1041402778528095277/original/01ececf8-c2f4-4a54-bc58-5d6d313ee408.jpeg,-1,-1
1041419403124899430,Élysée,,Entire rental unit,Entire home/apt,255,1,within a day,60.0,https://a0.muscache.com/pictures/hosting/Hosting-1041419403124899430/original/15992e0d-667c-433a-a6db-470bd4df36b6.jpeg,-1,-1
1039842969340429933,Élysée,,Private room in bed and breakfast,Private room,34,4,within an hour,100.0,https://a0.muscache.com/pictures/miso/Hosting-1039842969340429933/original/95b959ad-7b87-417b-8982-624fa0eb445b.jpeg,-1,-1
1039849322865945351,Élysée,,Private room in bed and breakfast,Private room,33,4,within an hour,100.0,https://a0.muscache.com/pictures/airflow/Hosting-1039849322865945351/original/f6e1cc14-ed01-4eff-9ed9-52111ac3c74b.jpg,-1,-1
1041777551138643116,Élysée,,Entire rental unit,Entire home/apt,297,184,within an hour,100.0,https://a0.muscache.com/pictures/prohost-api/Hosting-1041777551138643116/original/9c6cd5ce-1608-4a07-9be3-cb4ace4f6e27.jpeg,-1,-1
1041838202927751172,Élysée,,Entire rental unit,Entire home/apt,358,1,,,https://a0.muscache.com/pictures/hosting/Hosting-1041838202927751172/original/ec91dfd7-b2fc-4720-8bf5-87720c1fa074.jpeg,-1,-1
1043470265526890636,Élysée,,Entire rental unit,Entire home/apt,0,2,,,https://a0.muscache.com/pictures/miso/Hosting-1043470265526890636/original/327d0a46-c1d8-45f6-a124-1cd5b0d6996f.jpeg,-1,-1
1044778922265736646,Élysée,,Entire rental unit,Entire home/apt,156,1,within an hour,100.0,https://a0.muscache.com/pictures/hosting/Hosting-1044778922265736646/original/34eda5ba-0710-47df-b949-2d4de0218c90.jpeg,-1,-1
1046876062059542149,Élysée,,Entire rental unit,Entire home/apt,0,18,within an hour,100.0,https://a0.muscache.com/pictures/prohost-api/Hosting-1046876062059542149/original/142dcb6b-939b-40a3-81d9-207b3bb796e0.jpeg,-1,-1
1045629978683232981,Élysée,,Entire rental unit,Entire home/apt,0,1,,,https://a0.muscache.com/pictures/cc5825d3-c121-4dee-996c-9c6d2286018c.jpg,-1,-1
1045414852365658871,Élysée,,Entire rental unit,Entire home/apt,352,45,within an hour,94.0,https://a0.muscache.com/pictures/prohost-api/Hosting-1045414852365658871/original/87f671d2-cc5c-417e-9d2f-86fccd2ceb6a.jpeg,-1,-1
1046998637855388513,Élysée,,Entire rental unit,Entire home/apt,326,191,within an hour,99.0,https://a0.muscache.com/pictures/prohost-api/Hosting-1046998637855388513/original/775f6787-8d4a-40a7-97ba-bf4df48ede21.jpeg,-1,-1
1047061871850465132,Élysée,,Entire rental unit,Entire home/apt,363,370,within an hour,100.0,https://a0.muscache.com/pictures/prohost-api/Hosting-1047061871850465132/original/16c9002c-dbb9-4d30-9788-99e0c1e5b463.jpeg,-1,-1
1046176578472570763,Élysée,,Entire rental unit,Entire home/apt,324,113,within a day,75.0,https://a0.muscache.com/pictures/prohost-api/Hosting-1046176578472570763/original/ebb12b60-4460-4715-8e06-51e580be1fc0.jpeg,-1,-1
1048573595137799419,Élysée,,Entire rental unit,Entire home/apt,226,7,within an hour,100.0,https://a0.muscache.com/pictures/hosting/Hosting-1048573595137799419/original/a4576cfa-5c80-448f-8527-4deae8acfe79.jpeg,-1,-1
1048409752241799525,Élysée,,Entire rental unit,Entire home/apt,288,5,within an hour,95.0,https://a0.muscache.com/pictures/miso/Hosting-1048409752241799525/original/e082bff6-1f02-461e-af66-0827eb32a010.jpeg,-1,-1
1049366126590276267,Élysée,,Entire rental unit,Entire home/apt,173,25,within a day,64.0,https://a0.muscache.com/pictures/miso/Hosting-1049366126590276267/original/e6c784a8-aa32-48c2-9d1e-2076a55fc4a7.jpeg,-1,-1
1049833261720974389,Élysée,,Entire rental unit,Entire home/apt,356,191,within an hour,99.0,https://a0.muscache.com/pictures/prohost-api/Hosting-1049833261720974389/original/5e3077a2-3a2b-4103-83e8-06529d7bedea.jpeg,-1,-1
1049259275902344573,Élysée,,Entire rental unit,Entire home/apt,148,1,within a day,70.0,https://a0.muscache.com/pictures/hosting/Hosting-1049259275902344573/original/2be4b2bd-423f-4708-82c7-13033d0400ef.jpeg,-1,-1
1052202590499595067,Élysée,,Entire rental unit,Entire home/apt,293,6,within an hour,99.0,https://a0.muscache.com/pictures/miso/Hosting-1052202590499595067/original/fd34eeb5-7f51-4b38-a6c9-814b4993c0fd.jpeg,-1,-1
1049962009408778758,Élysée,,Entire rental unit,Entire home/apt,0,1,,,https://a0.muscache.com/pictures/hosting/Hosting-1049962009408778758/original/8a4628a2-11d0-4da6-a305-26cb84caf86d.jpeg,-1,-1
1051310623609923800,Élysée,,Entire rental unit,Entire home/apt,308,5,within an hour,100.0,https://a0.muscache.com/pictures/hosting/Hosting-1051310623609923800/original/99819058-37a3-40a1-8ade-9815eb1e9af5.jpeg,-1,-1
1052704096731889488,Élysée,,Entire rental unit,Entire home/apt,0,2,within a few hours,60.0,https://a0.muscache.com/pictures/miso/Hosting-1052704096731889488/original/680f7b45-c1dc-46dd-a9b1-8385eeb418a2.jpeg,-1,-1
1050509062942906341,Élysée,,Entire rental unit,Entire home/apt,232,69,within an hour,95.0,https://a0.muscache.com/pictures/prohost-api/Hosting-1050509062942906341/original/ddd6b4e5-0db3-4b24-bd5e-eff983ec0324.jpeg,-1,-1
1054173138786710095,Élysée,,Entire rental unit,Entire home/apt,8,1,within a few hours,100.0,https://a0.muscache.com/pictures/d4bf368b-34a7-4686-a099-6b8a6b7af97b.jpg,-1,-1
1054350979456328754,Élysée,,Entire rental unit,Entire home/apt,168,1,a few days or more,0.0,https://a0.muscache.com/pictures/miso/Hosting-1054350979456328754/original/ea82565a-5d08-4088-a39f-8a8e0b6409a1.png,-1,-1
1055730682132915508,Élysée,,Entire rental unit,Entire home/apt,269,1,a few days or more,0.0,https://a0.muscache.com/pictures/hosting/Hosting-1055730682132915508/original/cd5c1a85-f75b-4a9f-92e6-468d6596c3e0.jpeg,-1,-1
1055735288428953585,Élysée,,Entire rental unit,Entire home/apt,263,1,,,https://a0.muscache.com/pictures/hosting/Hosting-1055735288428953585/original/08fff2d6-0f1a-4846-9208-1b26d5b8da90.jpeg,-1,-1
1054536939530012956,Élysée,,Private room in rental unit,Private room,318,2,within an hour,100.0,https://a0.muscache.com/pictures/hosting/Hosting-U3RheVN1cHBseUxpc3Rpbmc6MTA1NDUzNjkzOTUzMDAxMjk1Ng%3D%3D/original/ac342be4-08ed-49ac-8e37-880f659c517a.jpeg,-1,-1
1055868582318336137,Élysée,,Entire rental unit,Entire home/apt,263,1,,,https://a0.muscache.com/pictures/hosting/Hosting-1055868582318336137/original/62c93bbd-b3b7-4d39-83bc-a14af52c1518.jpeg,-1,-1
1055940525192192965,Élysée,,Entire rental unit,Entire home/apt,267,1,,,https://a0.muscache.com/pictures/miso/Hosting-1055940525192192965/original/b5424b22-0af4-41ab-bea5-e2152831f8ca.jpeg,-1,-1
1055029714114946850,Élysée,,Entire rental unit,Entire home/apt,0,2,,,https://a0.muscache.com/pictures/hosting/Hosting-1055029714114946850/original/d957b49a-e2ed-4a2b-a0c3-a906f628aa11.jpeg,-1,-1
1055052159721471431,Élysée,,Entire rental unit,Entire home/apt,0,2,,,https://a0.muscache.com/pictures/hosting/Hosting-1055052159721471431/original/bb0d5c40-cc48-4d0d-a815-2774ae11364f.jpeg,-1,-1
1055071714989725297,Élysée,,Entire rental unit,Entire home/apt,324,12,within an hour,100.0,https://a0.muscache.com/pictures/prohost-api/Hosting-1055071714989725297/original/cc3674a9-a640-4023-923a-b0749b8dc5d2.jpeg,-1,-1
1055095228936782097,Élysée,,Entire rental unit,Entire home/apt,107,8,within an hour,94.0,https://a0.muscache.com/pictures/miso/Hosting-1055095228936782097/original/2ef0946c-6f0b-4e41-8003-129eb55d657b.jpeg,-1,-1
1055146850335904900,Élysée,,Entire rental unit,Entire home/apt,269,1,,,https://a0.muscache.com/pictures/miso/Hosting-1055146850335904900/original/6bc475fe-89bb-431b-b032-94944ea8bfce.jpeg,-1,-1
1056476505818415023,Élysée,,Entire rental unit,Entire home/apt,193,1,within a day,50.0,https://a0.muscache.com/pictures/hosting/Hosting-1056476505818415023/original/0e4ce1cf-21c1-4c73-bf65-a20aff64992a.jpeg,-1,-1
1060674457719973419,Élysée,,Entire rental unit,Entire home/apt,0,1,,,https://a0.muscache.com/pictures/miso/Hosting-1060674457719973419/original/689ffe73-a7af-494a-925b-e975ca91e610.jpeg,-1,-1
1059605941818495141,Élysée,,Entire rental unit,Entire home/apt,360,25,within a day,64.0,https://a0.muscache.com/pictures/miso/Hosting-1059605941818495141/original/76b2742d-e6c7-4732-b164-081d0875352a.jpeg,-1,-1
1060791226302168804,Élysée,,Entire rental unit,Entire home/apt,269,1,,,https://a0.muscache.com/pictures/miso/Hosting-1060791226302168804/original/e5d54daa-fca5-4d8c-9331-b3d335fb1ad9.jpeg,-1,-1
1060798762872788178,Élysée,,Entire rental unit,Entire home/apt,33,141,within an hour,100.0,https://a0.muscache.com/pictures/prohost-api/Hosting-1060798762872788178/original/06309a8a-865d-4aa6-9e7c-5a9fac539db9.jpeg,-1,-1
1058589914478201069,Élysée,,Entire rental unit,Entire home/apt,269,1,,,https://a0.muscache.com/pictures/hosting/Hosting-1058589914478201069/original/36802ec7-8974-4604-801e-f20449eb0b8c.jpeg,-1,-1
1060910354255621958,Élysée,,Entire rental unit,Entire home/apt,0,1,,,https://a0.muscache.com/pictures/miso/Hosting-1060910354255621958/original/184b5be2-d7cb-4d81-ba77-e6029b0ea231.jpeg,-1,-1
1060061150476077454,Élysée,,Entire rental unit,Entire home/apt,263,1,,,https://a0.muscache.com/pictures/hosting/Hosting-1060061150476077454/original/c3da2182-e1ab-4aa5-95ba-0fd81a62e890.jpeg,-1,-1
1060076206364819456,Élysée,,Entire rental unit,Entire home/apt,329,121,within an hour,100.0,https://a0.muscache.com/pictures/hosting/Hosting-U3RheVN1cHBseUxpc3Rpbmc6MTA2MDA3NjIwNjM2NDgxOTQ1Ng==/original/9eeca6dc-94a8-4d69-a946-b672b3e69461.jpeg,-1,-1
1060992288100601956,Élysée,,Entire rental unit,Entire home/apt,0,20,within an hour,88.0,https://a0.muscache.com/pictures/hosting/Hosting-1060992288100601956/original/8a1f03be-e03c-49cb-96ea-a511c6fb5733.jpeg,-1,-1
1061374652986152066,Élysée,,Entire rental unit,Entire home/apt,66,2,within a few hours,80.0,https://a0.muscache.com/pictures/21a35b4d-a0e7-463e-8a7a-9175cc321fb2.jpg,-1,-1
1061427710674610309,Élysée,,Entire rental unit,Entire home/apt,217,19,within an hour,98.0,https://a0.muscache.com/pictures/prohost-api/Hosting-1061427710674610309/original/502f8356-3e46-46a0-af98-326e364a8a46.jpeg,-1,-1
1062381244541642082,Élysée,,Entire rental unit,Entire home/apt,256,1,,,https://a0.muscache.com/pictures/hosting/Hosting-U3RheVN1cHBseUxpc3Rpbmc6MTA2MjM4MTI0NDU0MTY0MjA4Mg%3D%3D/original/69222da9-3283-4333-8d4d-b7bd3866468f.jpeg,-1,-1
1062029016198078232,Élysée,,Entire rental unit,Entire home/apt,82,816,within a day,87.0,https://a0.muscache.com/pictures/prohost-api/Hosting-1062029016198078232/original/f9a9b2b5-4d82-4586-b6b0-8af81efef175.jpeg,-1,-1
1063872035868113541,Élysée,,Entire rental unit,Entire home/apt,0,4,,,https://a0.muscache.com/pictures/miso/Hosting-1063872035868113541/original/c9f6dd87-a70b-4f63-8701-a8b0616580a3.jpeg,-1,-1
1064460912337052596,Élysée,,Entire rental unit,Entire home/apt,263,9,a few days or more,33.0,https://a0.muscache.com/pictures/miso/Hosting-1064460912337052596/original/54a27daa-86cd-4655-b3a4-2886ca7d827a.jpeg,-1,-1
1064482627733047485,Élysée,,Entire rental unit,Entire home/apt,48,5,within an hour,100.0,https://a0.muscache.com/pictures/miso/Hosting-1064482627733047485/original/eee3dac5-aaf4-4355-8ea2-b8bff83d695a.jpeg,-1,-1
1065351887620893488,Élysée,,Entire rental unit,Entire home/apt,13,1,,,https://a0.muscache.com/pictures/prohost-api/Hosting-1065351887620893488/original/b7863b7f-da76-497f-b528-0db77d3d982a.jpeg,-1,-1
1065576834159517742,Élysée,,Entire rental unit,Entire home/apt,266,1,within an hour,100.0,https://a0.muscache.com/pictures/miso/Hosting-1065576834159517742/original/727a07ec-6d94-4f83-8825-dd533ae6871c.jpeg,-1,-1
1066083933546044606,Élysée,,Entire rental unit,Entire home/apt,260,2,within a few hours,90.0,https://a0.muscache.com/pictures/miso/Hosting-1066083933546044606/original/1650562d-ec4a-4c4d-9bce-e0c5085acf2f.jpeg,-1,-1
1064979033175941054,Élysée,,Entire rental unit,Entire home/apt,15,2,within an hour,100.0,https://a0.muscache.com/pictures/hosting/Hosting-1064979033175941054/original/612626db-4ae8-452f-aba9-5d8b07a485b1.jpeg,-1,-1
1067336010480938571,Élysée,,Room in hotel,Private room,49,7,within an hour,100.0,https://a0.muscache.com/pictures/miso/Hosting-1067336010480938571/original/aca47942-12f2-40ea-a3ab-ee7f67c7e3ac.jpeg,-1,-1
1067344699829870447,Élysée,,Room in hotel,Private room,251,7,within an hour,100.0,https://a0.muscache.com/pictures/miso/Hosting-1067344699829870447/original/c22577a5-2f01-43b9-9a03-665f7765ad93.jpeg,-1,-1
1066689393962355267,Élysée,,Entire rental unit,Entire home/apt,16,10,within an hour,100.0,https://a0.muscache.com/pictures/miso/Hosting-1066689393962355267/original/c169b36c-daae-40ac-ac61-d1e4e2ae134b.jpeg,-1,-1
1068858031561879193,Élysée,,Entire rental unit,Entire home/apt,104,1,within a few hours,100.0,https://a0.muscache.com/pictures/87aa5323-286b-4616-8e4a-cdaf16c6e522.jpg,-1,-1
1068886773852187071,Élysée,,Entire rental unit,Entire home/apt,12,1,,,https://a0.muscache.com/pictures/miso/Hosting-1068886773852187071/original/cc77f7c2-68aa-436c-97d9-c1673b864112.jpeg,-1,-1
1069404020425415356,Élysée,,Room in hotel,Private room,196,7,within an hour,100.0,https://a0.muscache.com/pictures/miso/Hosting-1069404020425415356/original/74e1f3a7-2366-4044-9434-ca146dc8e6c5.jpeg,-1,-1
1070239827176548235,Élysée,,Entire rental unit,Entire home/apt,269,1,,,https://a0.muscache.com/pictures/miso/Hosting-1070239827176548235/original/484db741-ad67-41a8-8260-8c5ff54699db.jpeg,-1,-1
1070249817446805997,Élysée,,Entire rental unit,Entire home/apt,0,5,within an hour,100.0,https://a0.muscache.com/pictures/miso/Hosting-1070249817446805997/original/fc3eae82-ed08-4513-9d2c-64500b393e7d.jpeg,-1,-1
1070263506549184122,Élysée,,Entire rental unit,Entire home/apt,267,1,,,https://a0.muscache.com/pictures/hosting/Hosting-U3RheVN1cHBseUxpc3Rpbmc6MTA3MDI2MzUwNjU0OTE4NDEyMg%3D%3D/original/7f6b6d2c-41a1-4c25-afb6-0587c9cc18dc.jpeg,-1,-1
1069575562185159114,Élysée,,Entire rental unit,Entire home/apt,223,1,within a day,67.0,https://a0.muscache.com/pictures/hosting/Hosting-1069575562185159114/original/fde7a25a-cdfe-4530-bcb4-ff2d096fb5cb.jpeg,-1,-1
1069645539875141665,Élysée,,Entire rental unit,Entire home/apt,0,1,within an hour,100.0,https://a0.muscache.com/pictures/miso/Hosting-1069645539875141665/original/1d10f25a-2518-4e1d-a826-09946cbd1896.jpeg,-1,-1
1069492379796557475,Élysée,,Entire rental unit,Entire home/apt,269,1,,,https://a0.muscache.com/pictures/hosting/Hosting-1069492379796557475/original/c6650005-a4f7-41aa-acbe-e282842e0e6d.jpeg,-1,-1
1069678753483886804,Élysée,,Entire rental unit,Entire home/apt,0,5,within an hour,100.0,https://a0.muscache.com/pictures/miso/Hosting-1069678753483886804/original/fab9ad5b-8553-4549-bf69-7771b19feefc.jpeg,-1,-1
1070029789759866361,Élysée,,Entire rental unit,Entire home/apt,340,102,within an hour,100.0,https://a0.muscache.com/pictures/prohost-api/Hosting-1070029789759866361/original/d08a5575-6278-4995-886f-d082c562e9e7.jpeg,-1,-1
1070779291716206927,Élysée,,Entire rental unit,Entire home/apt,133,4,within a day,60.0,https://a0.muscache.com/pictures/prohost-api/Hosting-1070779291716206927/original/35542834-61dd-4509-be9d-0672a44d8e04.jpeg,-1,-1
1070832457559446937,Élysée,,Entire rental unit,Entire home/apt,0,1,,,https://a0.muscache.com/pictures/miso/Hosting-1070832457559446937/original/1f8214e4-2094-40d9-b648-d439e8e8cfb7.jpeg,-1,-1
1070865909210631354,Élysée,,Room in hotel,Private room,0,9,within a day,100.0,https://a0.muscache.com/pictures/miso/Hosting-1070865909210631354/original/22279567-510d-4340-93b2-dcc228fbee10.jpeg,-1,-1
1071671215504124976,Élysée,,Entire rental unit,Entire home/apt,0,4,,,https://a0.muscache.com/pictures/miso/Hosting-1071671215504124976/original/b646efdb-dde9-4e81-abb1-7c4128c65754.jpeg,-1,-1
1070942552605442551,Élysée,,Entire rental unit,Entire home/apt,268,816,within a day,87.0,https://a0.muscache.com/pictures/prohost-api/Hosting-1070942552605442551/original/37f2246f-6d71-42b1-864d-e8ba9af42a4a.jpeg,-1,-1
1071020436354803291,Élysée,,Room in hotel,Private room,0,9,within a day,100.0,https://a0.muscache.com/pictures/miso/Hosting-1070865909210631354/original/e3758832-05bf-4d4a-87c6-bc1e2bab279d.jpeg,-1,-1
1071844015695678679,Élysée,,Boat,Entire home/apt,153,4,within an hour,100.0,https://a0.muscache.com/pictures/hosting/Hosting-1071844015695678679/original/a98eba1a-3544-4582-919a-646c7ceb62b4.jpeg,-1,-1
1071494132689875557,Élysée,,Entire rental unit,Entire home/apt,269,1,within a day,100.0,https://a0.muscache.com/pictures/hosting/Hosting-1071494132689875557/original/57b9a5f7-bb07-4734-9ace-041c143b9c7f.jpeg,-1,-1
1072421984563119657,Élysée,,Entire rental unit,Entire home/apt,161,1,,,https://a0.muscache.com/pictures/miso/Hosting-1072421984563119657/original/6787cadd-b8ad-4bc3-8f9a-9bfd0d5c0f37.jpeg,-1,-1
1073702175892868887,Élysée,,Entire rental unit,Entire home/apt,130,24,within an hour,96.0,https://a0.muscache.com/pictures/miso/Hosting-1073702175892868887/original/823a4fef-d69b-40d0-9717-b6531fa8a560.jpeg,-1,-1
1073894409940916009,Élysée,,Entire rental unit,Entire home/apt,0,1,within a few hours,100.0,https://a0.muscache.com/pictures/miso/Hosting-1073894409940916009/original/23bf6921-95fc-4a5f-94ab-4aa03e5d193f.jpeg,-1,-1
1073904239433165476,Élysée,,Entire rental unit,Entire home/apt,0,61,within an hour,100.0,https://a0.muscache.com/pictures/prohost-api/Hosting-1073904239433165476/original/11e4ae1e-de6d-4029-8dd8-d757eb770790.jpeg,-1,-1
1074589249553850236,Élysée,,Entire rental unit,Entire home/apt,98,28,a few days or more,3.0,https://a0.muscache.com/pictures/hosting/Hosting-1074589249553850236/original/ae69e2bf-b3d2-4759-9c13-ea11e9e64cd7.jpeg,-1,-1
1074608173086927543,Élysée,,Entire rental unit,Entire home/apt,269,1,,,https://a0.muscache.com/pictures/hosting/Hosting-1074608173086927543/original/4ae395a0-4dc8-470c-ac7a-106ae70ef5a7.jpeg,-1,-1
1075050108575147178,Élysée,,Entire rental unit,Entire home/apt,27,141,within an hour,100.0,https://a0.muscache.com/pictures/prohost-api/Hosting-1075050108575147178/original/c544315a-2a56-46c7-a660-781dc13d152b.jpeg,-1,-1
1075131325801330905,Élysée,,Entire rental unit,Entire home/apt,181,170,within an hour,95.0,https://a0.muscache.com/pictures/prohost-api/Hosting-1075131325801330905/original/1b8e165d-d738-4626-bb9a-de726f316c51.jpeg,-1,-1
1075230796237995439,Élysée,,Entire rental unit,Entire home/apt,324,121,within an hour,100.0,https://a0.muscache.com/pictures/hosting/Hosting-U3RheVN1cHBseUxpc3Rpbmc6MTA3NTIzMDc5NjIzNzk5NTQzOQ==/original/762ff9ef-fd0d-4ad5-94a2-abef2db68a76.png,-1,-1
1077360690249409720,Élysée,,Entire rental unit,Entire home/apt,87,1,,,https://a0.muscache.com/pictures/hosting/Hosting-U3RheVN1cHBseUxpc3Rpbmc6MTA3NzM2MDY5MDI0OTQwOTcyMA%3D%3D/original/f8e6a115-9cdb-4a4c-ac4d-dec883047018.jpeg,-1,-1
1077400280648582586,Élysée,,Entire rental unit,Entire home/apt,253,1,within an hour,100.0,https://a0.muscache.com/pictures/miso/Hosting-1077400280648582586/original/64a6817f-3315-4043-90cc-321eac9877fe.jpeg,-1,-1
1076604320416650284,Élysée,,Entire rental unit,Entire home/apt,324,184,within an hour,100.0,https://a0.muscache.com/pictures/prohost-api/Hosting-1076604320416650284/original/9cba6676-7bf2-4a86-aecc-0691fbc98240.jpeg,-1,-1
1075447205609755444,Élysée,,Entire rental unit,Entire home/apt,171,1,within a few hours,94.0,https://a0.muscache.com/pictures/hosting/Hosting-1075447205609755444/original/2cb6a7b8-a034-4d8d-8350-d113eeca054d.jpeg,-1,-1
1076690039564992664,Élysée,,Entire rental unit,Entire home/apt,263,1,within an hour,100.0,https://a0.muscache.com/pictures/hosting/Hosting-1076690039564992664/original/909ac952-43d7-43f6-84d0-9f92f9fdf44e.jpeg,-1,-1
1075949095616845448,Élysée,,Entire rental unit,Entire home/apt,228,15,within an hour,100.0,https://a0.muscache.com/pictures/hosting/Hosting-U3RheVN1cHBseUxpc3Rpbmc6MTA3NTk0OTA5NTYxNjg0NTQ0OA%3D%3D/original/1619169c-adad-40e2-aebb-4f441ef92bdd.jpeg,-1,-1
1076807723521029683,Élysée,,Entire rental unit,Entire home/apt,365,1,a few days or more,0.0,https://a0.muscache.com/pictures/miso/Hosting-1076807723521029683/original/5cfe035c-8c04-4c0a-908d-af22ab2a6df5.jpeg,-1,-1
1077224115182195307,Élysée,,Entire rental unit,Entire home/apt,313,8,within an hour,100.0,https://a0.muscache.com/pictures/miso/Hosting-1077224115182195307/original/91d7038f-28ac-47e1-adf6-08e75101f71a.jpeg,-1,-1
1077224116223694415,Élysée,,Entire rental unit,Entire home/apt,333,8,within an hour,100.0,https://a0.muscache.com/pictures/miso/Hosting-1077224116223694415/original/8354d07b-f3cb-44b4-a881-167f44f9cd08.jpeg,-1,-1
1077225131639147183,Élysée,,Entire rental unit,Entire home/apt,336,8,within an hour,100.0,https://a0.muscache.com/pictures/miso/Hosting-1077225131639147183/original/e255a08a-aa9a-4213-99bb-7c7a8b3059b2.jpeg,-1,-1
1077225134109396230,Élysée,,Entire rental unit,Entire home/apt,314,8,within an hour,100.0,https://a0.muscache.com/pictures/miso/Hosting-1077225134109396230/original/6ccacba0-a886-4d5c-8bda-9b0fec2374ba.jpeg,-1,-1
1079508410591111395,Élysée,,Entire rental unit,Entire home/apt,119,11,within an hour,100.0,https://a0.muscache.com/pictures/hosting/Hosting-U3RheVN1cHBseUxpc3Rpbmc6MTA3OTUwODQxMDU5MTExMTM5NQ%3D%3D/original/9ea56f48-c99b-4a80-86a5-442591fea8fc.jpeg,-1,-1
1079541192783426742,Élysée,,Entire rental unit,Entire home/apt,166,1,within an hour,100.0,https://a0.muscache.com/pictures/hosting/Hosting-U3RheVN1cHBseUxpc3Rpbmc6MTA3OTU0MTE5Mjc4MzQyNjc0Mg==/original/a1113e2e-6491-49e9-80f0-5dbd31bb44a4.jpeg,-1,-1
1080378252564603029,Élysée,,Entire rental unit,Entire home/apt,179,1,a few days or more,0.0,https://a0.muscache.com/pictures/miso/Hosting-1080378252564603029/original/d3537a39-fe85-4e3a-a323-f6aeb45a83d8.png,-1,-1
1080382468646501348,Élysée,,Entire rental unit,Entire home/apt,337,7,,,https://a0.muscache.com/pictures/prohost-api/Hosting-1080382468646501348/original/8ec0ee6e-4c40-4ace-aac4-421540ee0789.png,-1,-1
1080405047590938819,Élysée,,Entire rental unit,Entire home/apt,323,1,within a few hours,100.0,https://a0.muscache.com/pictures/hosting/Hosting-U3RheVN1cHBseUxpc3Rpbmc6MTA4MDQwNTA0NzU5MDkzODgxOQ%3D%3D/original/be2415e4-f5d2-4c02-b935-227182b212f4.jpeg,-1,-1
1079697904364918956,Élysée,,Entire rental unit,Entire home/apt,13,45,within an hour,100.0,https://a0.muscache.com/pictures/hosting/Hosting-U3RheVN1cHBseUxpc3Rpbmc6MTA3OTY5NzkwNDM2NDkxODk1Ng%3D%3D/original/49ad619f-7746-4f83-bcf7-17502ff9434e.jpeg,-1,-1
1079726489035058170,Élysée,,Entire rental unit,Entire home/apt,269,1,a few days or more,25.0,https://a0.muscache.com/pictures/miso/Hosting-1079726489035058170/original/4279d357-166a-4fb7-b0bc-6926966741f1.jpeg,-1,-1
1080943945230018972,Élysée,,Entire rental unit,Entire home/apt,279,24,within an hour,100.0,https://a0.muscache.com/pictures/hosting/Hosting-U3RheVN1cHBseUxpc3Rpbmc6MTA4MDk0Mzk0NTIzMDAxODk3Mg%3D%3D/original/e9cfe157-b3fa-4304-a1a0-71ff7337351d.png,-1,-1
1081104267455941188,Élysée,,Entire rental unit,Entire home/apt,269,7,a few days or more,0.0,https://a0.muscache.com/pictures/hosting/Hosting-1081104267455941188/original/8cbc3f9b-799a-43a1-b383-752a18b87050.jpeg,-1,-1
1081197781550957409,Élysée,,Entire rental unit,Entire home/apt,365,1,,,https://a0.muscache.com/pictures/miso/Hosting-1081197781550957409/original/a54955bd-a28d-4d86-9a92-5861a767f338.jpeg,-1,-1
1081206585861772315,Élysée,,Entire rental unit,Entire home/apt,336,7,,,https://a0.muscache.com/pictures/miso/Hosting-1081206585861772315/original/b56f8168-b0cc-4eb8-bbe9-c65790effd88.jpeg,-1,-1
1082449418290115648,Élysée,,Entire rental unit,Entire home/apt,73,1,,,https://a0.muscache.com/pictures/miso/Hosting-1082449418290115648/original/f11309c2-1a82-43b9-afa0-b58ee9648c5e.jpeg,-1,-1
1081771591323731195,Élysée,,Entire rental unit,Entire home/apt,0,4,,,https://a0.muscache.com/pictures/miso/Hosting-1081771591323731195/original/79aafd8a-7548-42d2-a24d-fbe1de3ad1db.jpeg,-1,-1
1081813751193630793,Élysée,,Entire rental unit,Entire home/apt,253,1,within an hour,100.0,https://a0.muscache.com/pictures/hosting/Hosting-U3RheVN1cHBseUxpc3Rpbmc6MTA4MTgxMzc1MTE5MzYzMDc5Mw%3D%3D/original/69c9e5a8-8b95-4397-8f97-263816db4e97.jpeg,-1,-1
1081840073652296121,Élysée,,Entire rental unit,Entire home/apt,0,4,,,https://a0.muscache.com/pictures/miso/Hosting-1081840073652296121/original/d2f25361-5173-4ad7-a1c4-cdf8d8ba85f5.jpeg,-1,-1
1084770142975181841,Élysée,,Entire rental unit,Entire home/apt,269,1,,,https://a0.muscache.com/pictures/miso/Hosting-1084770142975181841/original/ad98303c-8ea5-4c03-93c4-06d8df3e2324.jpeg,-1,-1
1084890809874236931,Élysée,,Entire rental unit,Entire home/apt,257,1,within a day,100.0,https://a0.muscache.com/pictures/hosting/Hosting-1084890809874236931/original/3b66540e-70e3-48c9-aec5-934f47fd39d0.jpeg,-1,-1
1085011309361359514,Élysée,,Entire rental unit,Entire home/apt,268,1,,,https://a0.muscache.com/pictures/hosting/Hosting-1085011309361359514/original/3b20ff8e-c790-4f28-a0fb-7adcaeaaa82a.jpeg,-1,-1
1084577806349336868,Élysée,,Entire rental unit,Entire home/apt,34,39,within an hour,94.0,https://a0.muscache.com/pictures/miso/Hosting-1084577806349336868/original/413cd97b-0657-4b9a-88ca-a64d6d798956.jpeg,-1,-1
1085948074151332003,Élysée,,Entire rental unit,Entire home/apt,0,1,,,https://a0.muscache.com/pictures/hosting/Hosting-1085948074151332003/original/52242402-1f12-4bc3-bbef-7914d34f1dd8.jpeg,-1,-1
1085385002598595510,Élysée,,Entire rental unit,Entire home/apt,263,1,,,https://a0.muscache.com/pictures/hosting/Hosting-1085385002598595510/original/fccc00c4-630c-469d-a8b8-11b54b1d8897.jpeg,-1,-1
1085995486018966342,Élysée,,Entire rental unit,Entire home/apt,304,204,within an hour,100.0,https://a0.muscache.com/pictures/prohost-api/Hosting-1085995486018966342/original/7ed249f4-834b-4184-a995-cdccffa81b8c.jpeg,-1,-1
1084691456608967724,Élysée,,Entire rental unit,Entire home/apt,360,25,within an hour,100.0,https://a0.muscache.com/pictures/prohost-api/Hosting-1084691456608967724/original/2d72c81c-9602-408d-85a1-ad320351648c.jpeg,-1,-1
1084692418761490545,Élysée,,Entire rental unit,Entire home/apt,361,22,within an hour,100.0,https://a0.muscache.com/pictures/prohost-api/Hosting-1084692418761490545/original/35931fa2-af02-4d56-9833-c1755548aba4.jpeg,-1,-1
1086825919023277220,Élysée,,Entire rental unit,Entire home/apt,237,19,within an hour,98.0,https://a0.muscache.com/pictures/hosting/Hosting-U3RheVN1cHBseUxpc3Rpbmc6MTA4NjgyNTkxOTAyMzI3NzIyMA==/original/86e2419f-35e6-4c06-a5a0-ebd85555920c.jpeg,-1,-1
1086149610583406203,Élysée,,Entire rental unit,Entire home/apt,74,1,within a day,100.0,https://a0.muscache.com/pictures/hosting/Hosting-1086149610583406203/original/5e7e2a7d-5eb0-443e-aae9-4d8c2b9afddc.jpeg,-1,-1
1086180309832086366,Élysée,,Entire rental unit,Entire home/apt,81,1,within an hour,100.0,https://a0.muscache.com/pictures/miso/Hosting-1086180309832086366/original/fe78bf1d-be18-46f9-a4e1-f9d1836eff82.jpeg,-1,-1
1086262606512645300,Élysée,,Entire rental unit,Entire home/apt,285,11,within an hour,100.0,https://a0.muscache.com/pictures/hosting/Hosting-U3RheVN1cHBseUxpc3Rpbmc6MTA4NjI2MjYwNjUxMjY0NTMwMA%3D%3D/original/3d0d9777-4f45-4226-b3d2-dae26be79e57.jpeg,-1,-1
1088159693972512718,Élysée,,Entire rental unit,Entire home/apt,363,370,within an hour,100.0,https://a0.muscache.com/pictures/prohost-api/Hosting-1088159693972512718/original/2135d634-1f8c-4586-bbc0-8bda260f95da.jpeg,-1,-1
1088309266624697283,Élysée,,Entire rental unit,Entire home/apt,47,1,within an hour,100.0,https://a0.muscache.com/pictures/miso/Hosting-1088309266624697283/original/73eb8c2d-9050-445d-be66-60fe94f2ffaf.png,-1,-1
1087511455839862434,Élysée,,Entire rental unit,Entire home/apt,353,5,within an hour,100.0,https://a0.muscache.com/pictures/prohost-api/Hosting-1087511455839862434/original/1b87e3c3-6fb3-4af5-b248-66eb57e175b3.jpeg,-1,-1
1088382947858308213,Élysée,,Entire rental unit,Entire home/apt,269,1,,,https://a0.muscache.com/pictures/hosting/Hosting-1088382947858308213/original/a1623db9-f372-48f2-af11-7c9bb659a82d.jpeg,-1,-1
1089077182415852769,Élysée,,Entire rental unit,Entire home/apt,269,1,,,https://a0.muscache.com/pictures/miso/Hosting-1089077182415852769/original/5ba70713-fbfd-4f9b-8668-64998cac8701.jpeg,-1,-1
1089853229772546496,Élysée,,Entire rental unit,Entire home/apt,363,370,within an hour,100.0,https://a0.muscache.com/pictures/prohost-api/Hosting-1089853229772546496/original/441f5442-bc47-49b7-80f1-89bd017873f9.jpeg,-1,-1
1091060898252291023,Élysée,,Entire rental unit,Entire home/apt,81,2,within a few hours,90.0,https://a0.muscache.com/pictures/hosting/Hosting-U3RheVN1cHBseUxpc3Rpbmc6MTA5MTA2MDg5ODI1MjI5MTAyMw==/original/428b3784-259e-411c-a368-c4b5f9de31d2.jpeg,-1,-1
1091146348800919851,Élysée,,Entire rental unit,Entire home/apt,186,141,within an hour,100.0,https://a0.muscache.com/pictures/prohost-api/Hosting-1091146348800919851/original/d748a4ee-88bf-4676-8228-7641e5ad56f2.jpeg,-1,-1
1090393348409889807,Élysée,,Entire rental unit,Entire home/apt,17,29,within a few hours,69.0,https://a0.muscache.com/pictures/hosting/Hosting-U3RheVN1cHBseUxpc3Rpbmc6MTA5MDM5MzM0ODQwOTg4OTgwNw%3D%3D/original/b242e825-bb7a-4441-bf93-7f39c369eb56.jpeg,-1,-1
1091385513134724327,Élysée,,Entire rental unit,Entire home/apt,269,1,,,https://a0.muscache.com/pictures/miso/Hosting-1091385513134724327/original/70a09d58-8d13-4486-b748-8ba3c915268a.jpeg,-1,-1
1091206448928687507,Élysée,,Entire rental unit,Entire home/apt,47,1,within a few hours,100.0,https://a0.muscache.com/pictures/hosting/Hosting-1091206448928687507/original/e0143abf-9ebc-490e-9ebb-215668f88666.jpeg,-1,-1
1090502646283750434,Élysée,,Entire rental unit,Entire home/apt,9,25,within an hour,100.0,https://a0.muscache.com/pictures/miso/Hosting-1090502646283750434/original/b4540de2-173d-4967-a093-5d7b4bd95f1d.jpeg,-1,-1
1090508659402664193,Élysée,,Boat,Entire home/apt,263,9,a few days or more,33.0,https://a0.muscache.com/pictures/miso/Hosting-1090508659402664193/original/84480260-7f29-410a-b5fc-cafc411f191c.jpeg,-1,-1
1093249846373104640,Élysée,,Entire rental unit,Entire home/apt,242,1,within a day,60.0,https://a0.muscache.com/pictures/04d8bd39-e09b-419e-85c4-b2c3f31bd466.jpg,-1,-1
1091961025280792346,Élysée,,Room in hotel,Private room,111,1,within an hour,100.0,https://a0.muscache.com/pictures/prohost-api/Hosting-1091961025280792346/original/8e02a6a7-4dd3-48b1-bf4b-d71718fb909d.jpeg,-1,-1
1092614358419532028,Élysée,,Entire rental unit,Entire home/apt,354,25,within an hour,100.0,https://a0.muscache.com/pictures/prohost-api/Hosting-1092614358419532028/original/75df5578-101c-4845-942b-d110618befd9.jpeg,-1,-1
1091969183543663364,Élysée,,Room in hotel,Private room,106,3,within an hour,100.0,https://a0.muscache.com/pictures/prohost-api/Hosting-1091969183543663364/original/58dea2e1-bd53-4eed-907b-d258af801b3e.jpeg,-1,-1
1091969183545800925,Élysée,,Room in hotel,Private room,109,3,within an hour,100.0,https://a0.muscache.com/pictures/prohost-api/Hosting-1091969183545800925/original/2e4b96bc-e39d-48e7-96c9-68a330da34de.jpeg,-1,-1
1091969281938525850,Élysée,,Room in hotel,Private room,79,3,within an hour,100.0,https://a0.muscache.com/pictures/prohost-api/Hosting-1091969281938525850/original/3bd19ef7-46c3-4ad3-a552-8cbfefe7a718.jpeg,-1,-1
1093404047865720044,Élysée,,Entire rental unit,Entire home/apt,260,1,a few days or more,0.0,https://a0.muscache.com/pictures/hosting/Hosting-1093404047865720044/original/1b12ddb1-ada1-4878-9fb4-a28d4a06c6f1.jpeg,-1,-1
1092688726020794437,Élysée,,Entire rental unit,Entire home/apt,239,1,within a day,80.0,https://a0.muscache.com/pictures/57fe6b64-d1d7-42f8-b38f-f0c265e57859.jpg,-1,-1
1092692102948434736,Élysée,,Entire rental unit,Entire home/apt,97,2,within an hour,100.0,https://a0.muscache.com/pictures/hosting/Hosting-1092692102948434736/original/9d63e457-138e-4442-a02b-b64783a62789.jpeg,-1,-1
1092720121063377343,Élysée,,Entire rental unit,Entire home/apt,0,44,within an hour,100.0,https://a0.muscache.com/pictures/prohost-api/Hosting-1092720121063377343/original/cebb8b4c-93cf-48d4-8bda-e3669e59b1f7.jpeg,-1,-1
1093498347774068091,Élysée,,Private room in rental unit,Private room,107,1,within a few hours,60.0,https://a0.muscache.com/pictures/hosting/Hosting-U3RheVN1cHBseUxpc3Rpbmc6MTA5MzQ5ODM0Nzc3NDA2ODA5MQ%3D%3D/original/2e1421b4-4d31-4a0c-99c8-d38b8c16e321.jpeg,-1,-1
1092098266431353013,Élysée,,Entire rental unit,Entire home/apt,263,1,,,https://a0.muscache.com/pictures/miso/Hosting-1092098266431353013/original/d2f8bdf1-eb49-495e-879f-4b1b58fc28b6.jpeg,-1,-1
1093550386830026906,Élysée,,Entire rental unit,Entire home/apt,0,1,within an hour,100.0,https://a0.muscache.com/pictures/hosting/Hosting-1093550386830026906/original/d247bcb9-7848-4160-963b-e0dded00e6a5.jpeg,-1,-1
1094229067514322476,Élysée,,Entire rental unit,Entire home/apt,226,1,within a few hours,100.0,https://a0.muscache.com/pictures/miso/Hosting-1094229067514322476/original/0f7f2905-46e1-4a0d-abcb-8a6f867a4a27.jpeg,-1,-1
1095695714184754577,Élysée,,Entire rental unit,Entire home/apt,128,2,within an hour,94.0,https://a0.muscache.com/pictures/hosting/Hosting-U3RheVN1cHBseUxpc3Rpbmc6MTA5NTY5NTcxNDE4NDc1NDU3Nw%3D%3D/original/884b69ad-656d-40d7-b17a-6cb6481f4674.jpeg,-1,-1
1095443053757034011,Élysée,,Entire rental unit,Entire home/apt,0,1,,,https://a0.muscache.com/pictures/hosting/Hosting-1095443053757034011/original/a6e0dfa2-7943-4d25-b529-e93ec79153c5.jpeg,-1,-1
1095495869394400869,Élysée,,Entire rental unit,Entire home/apt,267,1,within a few hours,90.0,https://a0.muscache.com/pictures/miso/Hosting-1095495869394400869/original/e7152cd6-d492-4b3e-817d-cb053f592f42.jpeg,-1,-1
1096216965644032872,Élysée,,Entire rental unit,Entire home/apt,327,2,within an hour,94.0,https://a0.muscache.com/pictures/hosting/Hosting-U3RheVN1cHBseUxpc3Rpbmc6MTA5NjIxNjk2NTY0NDAzMjg3Mg%3D%3D/original/f9bdb520-5366-4c8e-8ad1-304e79d0c5eb.jpeg,-1,-1
1094744579254432669,Élysée,,Entire rental unit,Entire home/apt,327,36,within an hour,100.0,https://a0.muscache.com/pictures/prohost-api/Hosting-1094744579254432669/original/d3e5b0be-6ffe-41b6-a27a-5d72080f7f68.jpeg,-1,-1
1095563376866374359,Élysée,,Entire rental unit,Entire home/apt,178,1,within a few hours,100.0,https://a0.muscache.com/pictures/miso/Hosting-1095563376866374359/original/748ebb22-ef70-4d32-b430-295d60997c61.jpeg,-1,-1
1096369771659673108,Élysée,,Entire rental unit,Entire home/apt,0,184,within an hour,100.0,https://a0.muscache.com/pictures/prohost-api/Hosting-1096369771659673108/original/7fc8b5b0-fca3-46e2-99f7-d7d845cda1c6.jpeg,-1,-1
1094828926308971994,Élysée,,Private room in rental unit,Private room,4,1,within an hour,100.0,https://a0.muscache.com/pictures/miso/Hosting-1094828926308971994/original/1ed4af1c-5eb9-4085-acf3-592ece5c02f5.jpeg,-1,-1
1096390902789429201,Élysée,,Entire rental unit,Entire home/apt,0,3,within an hour,90.0,https://a0.muscache.com/pictures/prohost-api/Hosting-1096390902789429201/original/8cba86a2-4a65-4979-8158-379c0c69e5d2.jpeg,-1,-1
1097679906813764120,Élysée,,Entire rental unit,Entire home/apt,286,88,within an hour,100.0,https://a0.muscache.com/pictures/prohost-api/Hosting-1097679906813764120/original/04974993-cefc-4b7a-9512-c35ea04f7691.jpeg,-1,-1
1096859093083551158,Élysée,,Entire rental unit,Entire home/apt,130,1,within an hour,100.0,https://a0.muscache.com/pictures/hosting/Hosting-1096859093083551158/original/beb0b948-c531-4a72-b478-69ef3ec0c243.jpeg,-1,-1
1097714160320609203,Élysée,,Entire rental unit,Entire home/apt,346,1,within a day,50.0,https://a0.muscache.com/pictures/miso/Hosting-1097714160320609203/original/d0deb3a5-99d4-4cd4-b82c-2df1a56e786f.jpeg,-1,-1
1097780207217510222,Élysée,,Entire rental unit,Entire home/apt,347,24,within an hour,100.0,https://a0.muscache.com/pictures/miso/Hosting-1097780207217510222/original/6a7fa323-fa69-402a-8e3b-3a5a1f58b286.jpeg,-1,-1
1097011566946292194,Élysée,,Entire rental unit,Entire home/apt,241,1,within a few hours,100.0,https://a0.muscache.com/pictures/miso/Hosting-1097011566946292194/original/63dad34a-3c0b-491d-8757-7860cb2af75c.jpeg,-1,-1
1097807479304192178,Élysée,,Entire rental unit,Entire home/apt,157,1,within an hour,100.0,https://a0.muscache.com/pictures/miso/Hosting-1097807479304192178/original/282c06e8-76be-4db2-be26-6e1cd3fb7498.jpeg,-1,-1
1097063377390040738,Élysée,,Entire rental unit,Entire home/apt,195,1,within an hour,100.0,https://a0.muscache.com/pictures/prohost-api/Hosting-1097063377390040738/original/dd500cfd-5d3d-4316-ba67-08524c2c336a.jpeg,-1,-1
1097063945595455948,Élysée,,Entire rental unit,Entire home/apt,44,1,within an hour,100.0,https://a0.muscache.com/pictures/miso/Hosting-1097063945595455948/original/440fa0b5-5d31-4343-93b0-cc68cda07a68.jpeg,-1,-1
1097082117619041856,Élysée,,Entire rental unit,Entire home/apt,41,25,within an hour,100.0,https://a0.muscache.com/pictures/miso/Hosting-1097082117619041856/original/c5df0843-5563-4628-b526-8138e1b01520.jpeg,-1,-1
1097100609509700248,Élysée,,Entire rental unit,Entire home/apt,363,370,within an hour,100.0,https://a0.muscache.com/pictures/prohost-api/Hosting-1097100609509700248/original/d4b5efdb-0f31-4743-b833-885156b7d437.jpeg,-1,-1
1098311667023091894,Élysée,,Entire rental unit,Entire home/apt,0,1,,,https://a0.muscache.com/pictures/airflow/Hosting-1098311667023091894/original/ec671a90-f4f8-4e71-a315-feccfaf8002e.jpg,-1,-1
1098334585944218669,Élysée,,Entire rental unit,Entire home/apt,247,1,within a day,50.0,https://a0.muscache.com/pictures/hosting/Hosting-1098334585944218669/original/f255fe7d-8fbd-4e8b-94ba-15eedbf78026.jpeg,-1,-1
1097206089981919957,Élysée,,Entire rental unit,Entire home/apt,238,1,,,https://a0.muscache.com/pictures/miso/Hosting-1097206089981919957/original/dae9f4b2-ab05-4bc7-86cd-bb15371f98b6.jpeg,-1,-1
1098586078865488314,Élysée,,Entire rental unit,Entire home/apt,269,1,,,https://a0.muscache.com/pictures/hosting/Hosting-1098586078865488314/original/f32e2d0d-0be5-4af1-9f6f-627893cee9bf.jpeg,-1,-1
1101310060020360515,Élysée,,Entire rental unit,Entire home/apt,0,44,within an hour,100.0,https://a0.muscache.com/pictures/prohost-api/Hosting-1101310060020360515/original/bae77d29-5abf-4e91-9ebb-b6500546b82a.jpeg,-1,-1
1099929305327564238,Élysée,,Entire rental unit,Entire home/apt,0,1,within an hour,100.0,https://a0.muscache.com/pictures/hosting/Hosting-U3RheVN1cHBseUxpc3Rpbmc6MTA5OTkyOTMwNTMyNzU2NDIzOA%3D%3D/original/9d270a06-c0a2-4f7c-8caf-2580f856e27b.jpeg,-1,-1
1100112879555144600,Élysée,,Entire home,Entire home/apt,0,1,,,https://a0.muscache.com/pictures/hosting/Hosting-1100112879555144600/original/add9d75a-dcd5-45d8-ad8b-101dd30fa5c1.jpeg,-1,-1
1101420573080360866,Élysée,,Entire rental unit,Entire home/apt,183,3,within a day,83.0,https://a0.muscache.com/pictures/miso/Hosting-1101420573080360866/original/fcab1678-f2e5-4346-93a5-a2b0c98dd057.jpeg,-1,-1
1101955138896595445,Élysée,,Entire rental unit,Entire home/apt,184,141,within an hour,100.0,https://a0.muscache.com/pictures/prohost-api/Hosting-1101955138896595445/original/f6025c44-b446-4597-8344-bbcb97830987.jpeg,-1,-1
1101960142595840567,Élysée,,Entire rental unit,Entire home/apt,180,141,within an hour,100.0,https://a0.muscache.com/pictures/prohost-api/Hosting-1101960142595840567/original/2b7d71b9-a244-42f7-a273-b07feeac62fa.jpeg,-1,-1
1102900577828884667,Élysée,,Entire rental unit,Entire home/apt,363,370,within an hour,100.0,https://a0.muscache.com/pictures/prohost-api/Hosting-1102900577828884667/original/26311869-3afe-46d2-8c8c-95fbe54d4915.jpeg,-1,-1
1102142209147876474,Élysée,,Entire rental unit,Entire home/apt,256,1,within a day,67.0,https://a0.muscache.com/pictures/hosting/Hosting-1102142209147876474/original/8f9be74d-f7c5-48f9-a5f0-5b9cbdac87cf.jpeg,-1,-1
1103504941778909972,Élysée,,Entire rental unit,Entire home/apt,224,1,within an hour,100.0,https://a0.muscache.com/pictures/hosting/Hosting-1103504941778909972/original/b628092c-ed47-4d4b-827b-0f5d60e70ea6.jpeg,-1,-1
1102833247341610220,Élysée,,Entire rental unit,Entire home/apt,0,64,within an hour,92.0,https://a0.muscache.com/pictures/miso/Hosting-1102833247341610220/original/47ccbee1-0791-4c56-9930-0150b5a7c425.jpeg,-1,-1
1104874052958713091,Élysée,,Entire rental unit,Entire home/apt,0,1,,,https://a0.muscache.com/pictures/miso/Hosting-1104874052958713091/original/6db1cfb1-9eff-4f2c-8f26-6c87372a591c.jpeg,-1,-1
1104428448503252772,Élysée,,Entire rental unit,Entire home/apt,0,1,within a few hours,100.0,https://a0.muscache.com/pictures/hosting/Hosting-U3RheVN1cHBseUxpc3Rpbmc6MTEwNDQyODQ0ODUwMzI1Mjc3Mg%3D%3D/original/d2d63daa-ba6f-4937-8606-971b2196ea84.jpeg,-1,-1
1103682292524786238,Élysée,,Entire rental unit,Entire home/apt,0,2,,,https://a0.muscache.com/pictures/miso/Hosting-1103682292524786238/original/1c74dae5-5c6e-420b-9e96-1459e44553f2.jpeg,-1,-1
1103709297667185099,Élysée,,Entire rental unit,Entire home/apt,77,1,within an hour,89.0,https://a0.muscache.com/pictures/hosting/Hosting-1103709297667185099/original/0786bad8-45ee-4b9a-b4d2-fce055fb5f0a.jpeg,-1,-1
1104916855698242359,Élysée,,Private room in guesthouse,Private room,158,6,within an hour,97.0,https://a0.muscache.com/pictures/miso/Hosting-1104916855698242359/original/7b1f7ee0-6aff-49ed-9dff-6889bfafc612.jpeg,-1,-1
1105568784351773025,Élysée,,Entire rental unit,Entire home/apt,265,8,within a few hours,100.0,https://a0.muscache.com/pictures/hosting/Hosting-U3RheVN1cHBseUxpc3Rpbmc6MTEwNTU2ODc4NDM1MTc3MzAyNQ%3D%3D/original/d3dfe4a1-54fc-40f0-a195-b476fcb06210.jpeg,-1,-1
1105622312713677465,Élysée,,Entire rental unit,Entire home/apt,0,14,within an hour,99.0,https://a0.muscache.com/pictures/miso/Hosting-1105622312713677465/original/70e803e7-867a-4df8-8b67-49984b07768a.jpeg,-1,-1
1105120692958247742,Élysée,,Entire rental unit,Entire home/apt,0,1,,,https://a0.muscache.com/pictures/hosting/Hosting-U3RheVN1cHBseUxpc3Rpbmc6MTEwNTEyMDY5Mjk1ODI0Nzc0Mg==/original/6fda69a0-ffb7-4b5d-811d-cb6a0a47fcb3.jpeg,-1,-1
1105671197172679606,Élysée,,Entire rental unit,Entire home/apt,0,63,within a few hours,97.0,https://a0.muscache.com/pictures/miso/Hosting-1105671197172679606/original/ad2482c8-2a00-4dc3-aafa-2f26bb46f53e.jpeg,-1,-1
1105800773574314600,Élysée,,Entire rental unit,Entire home/apt,363,370,within an hour,100.0,https://a0.muscache.com/pictures/prohost-api/Hosting-1105800773574314600/original/02061de1-09f0-4688-ad5e-0a6aa0784ec2.jpeg,-1,-1
1107030330779079987,Élysée,,Entire rental unit,Entire home/apt,16,26,within an hour,100.0,https://a0.muscache.com/pictures/miso/Hosting-1107030330779079987/original/9b129db8-250d-4b26-b411-695fc3c8a2f8.jpeg,-1,-1
1107099540749135658,Élysée,,Entire rental unit,Entire home/apt,136,141,within an hour,100.0,https://a0.muscache.com/pictures/prohost-api/Hosting-1107099540749135658/original/2d225d2c-6720-4491-ba97-17558359e9a7.jpeg,-1,-1
1106640152162745294,Élysée,,Private room in guesthouse,Private room,324,6,within an hour,97.0,https://a0.muscache.com/pictures/miso/Hosting-1106640152162745294/original/03f124df-71be-4960-a01d-ce9af88536f8.jpeg,-1,-1
1107010504468653469,Élysée,,Entire rental unit,Entire home/apt,3,42,within an hour,99.0,https://a0.muscache.com/pictures/miso/Hosting-1107010504468653469/original/800e0432-9afa-4a58-8b88-0c5c1354e4d7.jpeg,-1,-1
1109549278916637715,Élysée,,Entire rental unit,Entire home/apt,239,1,within an hour,100.0,https://a0.muscache.com/pictures/miso/Hosting-1109549278916637715/original/03bc3bd2-c7cc-4e25-88dd-529c3069e2ff.jpeg,-1,-1
1110174294258973439,Élysée,,Entire rental unit,Entire home/apt,42,1,,,https://a0.muscache.com/pictures/hosting/Hosting-U3RheVN1cHBseUxpc3Rpbmc6MTExMDE3NDI5NDI1ODk3MzQzOQ%3D%3D/original/249ed312-7507-4433-8a74-d7abdf161bc3.jpeg,-1,-1
1109976559167994601,Élysée,,Entire rental unit,Entire home/apt,240,170,within an hour,95.0,https://a0.muscache.com/pictures/miso/Hosting-1109976559167994601/original/0ba419f4-7a20-4895-a8aa-ace4607e301e.jpeg,-1,-1
1109452674592963859,Élysée,,Entire rental unit,Entire home/apt,263,1,,,https://a0.muscache.com/pictures/hosting/Hosting-1109452674592963859/original/486ec2ae-1b60-4bd7-ab18-194e3835de8a.jpeg,-1,-1
1110671736459410782,Élysée,,Entire rental unit,Entire home/apt,29,61,within an hour,100.0,https://a0.muscache.com/pictures/miso/Hosting-1110671736459410782/original/c3617995-3821-49ad-bf6c-24f0e9aa9829.jpeg,-1,-1
1110869925924846383,Élysée,,Entire rental unit,Entire home/apt,333,191,within an hour,99.0,https://a0.muscache.com/pictures/miso/Hosting-1110869925924846383/original/4d6a3830-6f47-4c75-a134-70a98c04f27b.jpeg,-1,-1
1110122854593504652,Élysée,,Room in aparthotel,Entire home/apt,69,12,within an hour,100.0,https://a0.muscache.com/pictures/hosting/Hosting-U3RheVN1cHBseUxpc3Rpbmc6MTExMDEyMjg1NDU5MzUwNDY1Mg%3D%3D/original/30d76625-9ca0-4905-aeb0-cce1743630eb.jpeg,-1,-1
1110123618867632155,Élysée,,Room in aparthotel,Entire home/apt,85,12,within an hour,100.0,https://a0.muscache.com/pictures/miso/Hosting-1110123618867632155/original/64fc592a-8567-4334-a9db-4d3dd5758db5.jpeg,-1,-1
1110719130935045505,Élysée,,Room in aparthotel,Entire home/apt,80,12,within an hour,100.0,https://a0.muscache.com/pictures/miso/Hosting-1110719130935045505/original/24963664-7d9f-4d8f-a655-0908ac6e547b.jpeg,-1,-1
1110759327088809303,Élysée,,Room in aparthotel,Entire home/apt,52,12,within an hour,100.0,https://a0.muscache.com/pictures/miso/Hosting-1110759327088809303/original/bdd49c1f-f1bd-46a1-942e-172f767ae2bb.jpeg,-1,-1
1110128849753490894,Élysée,,Entire rental unit,Entire home/apt,263,1,,,https://a0.muscache.com/pictures/miso/Hosting-1110128849753490894/original/634e110f-71b1-421b-ae08-6564d86e5f8f.jpeg,-1,-1
1110134071929494121,Élysée,,Entire rental unit,Entire home/apt,269,1,a few days or more,0.0,https://a0.muscache.com/pictures/miso/Hosting-1110134071929494121/original/828f93fb-7020-4be5-94f6-5dafe8241a76.jpeg,-1,-1
1110930977513271120,Élysée,,Entire rental unit,Entire home/apt,365,1,within a day,100.0,https://a0.muscache.com/pictures/miso/Hosting-1110930977513271120/original/576f54d7-9436-4a25-b05d-6efba1851720.jpeg,-1,-1
1110761496706634616,Élysée,,Room in aparthotel,Entire home/apt,49,12,within an hour,100.0,https://a0.muscache.com/pictures/miso/Hosting-1110761496706634616/original/5d74aa6d-c75c-4cfb-ba0e-c2b787718a81.jpeg,-1,-1
1110762293025389007,Élysée,,Room in aparthotel,Entire home/apt,78,12,within an hour,100.0,https://a0.muscache.com/pictures/miso/Hosting-1110762293025389007/original/eec45f8a-5522-4b8b-9f0a-91fd8126247b.jpeg,-1,-1
1110764949711313570,Élysée,,Room in aparthotel,Entire home/apt,47,12,within an hour,100.0,https://a0.muscache.com/pictures/miso/Hosting-1110764949711313570/original/dfd8c1a5-024c-4845-ade3-85bdbee4a78d.jpeg,-1,-1
1110767167391585520,Élysée,,Room in aparthotel,Entire home/apt,86,12,within an hour,100.0,https://a0.muscache.com/pictures/hosting/Hosting-U3RheVN1cHBseUxpc3Rpbmc6MTExMDc2NzE2NzM5MTU4NTUyMA%3D%3D/original/5aeaad01-c32a-4415-a498-0c59b21b3bb3.jpeg,-1,-1
1110767819396140823,Élysée,,Room in aparthotel,Entire home/apt,57,12,within an hour,100.0,https://a0.muscache.com/pictures/hosting/Hosting-U3RheVN1cHBseUxpc3Rpbmc6MTExMDc2NzgxOTM5NjE0MDgyMw%3D%3D/original/a2569e7e-82e6-419a-a780-ec625afabfb9.jpeg,-1,-1
1110769529104777694,Élysée,,Room in aparthotel,Entire home/apt,61,12,within an hour,100.0,https://a0.muscache.com/pictures/hosting/Hosting-U3RheVN1cHBseUxpc3Rpbmc6MTExMDc2OTUyOTEwNDc3NzY5NA%3D%3D/original/fffb4c6b-b78c-4cc2-8441-060bbd8273a9.jpeg,-1,-1
1111383123691276092,Élysée,,Entire rental unit,Entire home/apt,4,7,within an hour,100.0,https://a0.muscache.com/pictures/prohost-api/Hosting-1111383123691276092/original/58d304e6-6d7f-46cf-85da-a6a3a85122f8.jpeg,-1,-1
1112246090911377189,Élysée,,Entire rental unit,Entire home/apt,64,6,within an hour,99.0,https://a0.muscache.com/pictures/hosting/Hosting-U3RheVN1cHBseUxpc3Rpbmc6MTExMjI0NjA5MDkxMTM3NzE4OQ%3D%3D/original/81c6e534-5207-44b6-9b7f-b52a6279c1dd.jpeg,-1,-1
1113274113701520879,Élysée,,Entire rental unit,Entire home/apt,285,1,within an hour,100.0,https://a0.muscache.com/pictures/hosting/Hosting-U3RheVN1cHBseUxpc3Rpbmc6MTExMzI3NDExMzcwMTUyMDg3OQ%3D%3D/original/52ec73c9-350e-4911-8fbe-e951bc2a4f4a.jpeg,-1,-1
1115115850519118253,Élysée,,Entire rental unit,Entire home/apt,0,44,within an hour,100.0,https://a0.muscache.com/pictures/prohost-api/Hosting-1115115850519118253/original/32d0a8e7-3b17-4d18-826d-d5b54413cfdc.jpeg,-1,-1
1113609097090241355,Élysée,,Entire rental unit,Entire home/apt,258,1,within a few hours,100.0,https://a0.muscache.com/pictures/miso/Hosting-1113609097090241355/original/36798679-cff3-46f2-ae1c-e24164327782.jpeg,-1,-1
1114528900637267753,Élysée,,Entire rental unit,Entire home/apt,348,5,within an hour,96.0,https://a0.muscache.com/pictures/hosting/Hosting-1114528900637267753/original/713a4e3f-1575-416e-8172-1768b13f08b6.png,-1,-1
1115659465905456941,Élysée,,Entire rental unit,Entire home/apt,48,3,within a day,60.0,https://a0.muscache.com/pictures/1b1bf196-2722-42be-a8d4-bc4db22407c7.jpg,-1,-1
1115708306630810696,Élysée,,Entire rental unit,Entire home/apt,345,2,within an hour,100.0,https://a0.muscache.com/pictures/prohost-api/Hosting-1115708306630810696/original/c1ff4b8d-e5ff-4b88-839b-f7aca00afe40.jpeg,-1,-1
1114675724177596487,Élysée,,Entire rental unit,Entire home/apt,0,45,within an hour,94.0,https://a0.muscache.com/pictures/prohost-api/Hosting-1114675724177596487/original/85707107-281b-408f-81ae-792df4583f4f.jpeg,-1,-1
1115795185302642071,Élysée,,Entire rental unit,Entire home/apt,0,16,within an hour,100.0,https://a0.muscache.com/pictures/miso/Hosting-1115795185302642071/original/d15159ec-4a05-43b5-afd2-fc5950dbd5eb.jpeg,-1,-1
1114776999725629053,Élysée,,Entire rental unit,Entire home/apt,226,1,within an hour,100.0,https://a0.muscache.com/pictures/miso/Hosting-1114776999725629053/original/123411b4-4f63-4b88-b9ad-3ecd92b696e5.jpeg,-1,-1
1115888924908019654,Élysée,,Entire rental unit,Entire home/apt,89,1,within an hour,100.0,https://a0.muscache.com/pictures/hosting/Hosting-1115888924908019654/original/dd5ef645-b2d2-416c-bd26-c61268f34211.jpeg,-1,-1
1117841746399000152,Élysée,,Entire rental unit,Entire home/apt,269,1,,,https://a0.muscache.com/pictures/hosting/Hosting-1117841746399000152/original/71a92799-6961-418e-8a52-cf668ccb3b31.jpeg,-1,-1
1115947696779451228,Élysée,,Entire rental unit,Entire home/apt,363,370,within an hour,100.0,https://a0.muscache.com/pictures/prohost-api/Hosting-1115947696779451228/original/64af3a20-5935-423d-a986-48ed29814e92.jpeg,-1,-1
1117903621857826944,Élysée,,Entire rental unit,Entire home/apt,329,184,within an hour,100.0,https://a0.muscache.com/pictures/prohost-api/Hosting-1117903621857826944/original/d802a191-dece-4624-bc31-3a64d9944d4d.jpeg,-1,-1
1117983887034368037,Élysée,,Entire rental unit,Entire home/apt,259,4,within an hour,100.0,https://a0.muscache.com/pictures/hosting/Hosting-U3RheVN1cHBseUxpc3Rpbmc6MTExNzk4Mzg4NzAzNDM2ODAzNw%3D%3D/original/f2b0195d-7831-4494-8537-e4c7b1422d37.jpeg,-1,-1
1118025031111559711,Élysée,,Entire rental unit,Entire home/apt,11,1,within a day,70.0,https://a0.muscache.com/pictures/hosting/Hosting-U3RheVN1cHBseUxpc3Rpbmc6MTExODAyNTAzMTExMTU1OTcxMQ%3D%3D/original/6bb94b37-954c-404a-aa8a-48105fb33c3b.jpeg,-1,-1
1116398967825571976,Élysée,,Entire rental unit,Entire home/apt,129,12,within an hour,100.0,https://a0.muscache.com/pictures/miso/Hosting-1116398967825571976/original/a6cca672-724d-4090-9f42-121c6d603c81.jpeg,-1,-1
1118062308734308558,Élysée,,Entire rental unit,Entire home/apt,335,7,within an hour,100.0,https://a0.muscache.com/pictures/prohost-api/Hosting-1118062308734308558/original/e4f74bc3-32bf-45ce-8cc5-4dd1b75ee114.jpeg,-1,-1
1117304364906670720,Élysée,,Entire rental unit,Entire home/apt,364,1,,,https://a0.muscache.com/pictures/miso/Hosting-1117304364906670720/original/e7aab041-5ecc-438a-88a0-01846bc4d917.jpeg,-1,-1
1117364618421346339,Élysée,,Entire rental unit,Entire home/apt,340,1,within an hour,100.0,https://a0.muscache.com/pictures/prohost-api/Hosting-1117364618421346339/original/d708b143-e393-4826-ade1-78435e65cecb.jpeg,-1,-1
1119545786432390809,Élysée,,Entire rental unit,Entire home/apt,332,1,within an hour,100.0,https://a0.muscache.com/pictures/miso/Hosting-1119545786432390809/original/4022bc31-8710-4f5e-85f2-143721b20ebe.jpeg,-1,-1
1119550027744160141,Élysée,,Entire rental unit,Entire home/apt,3,11,,,https://a0.muscache.com/pictures/hosting/Hosting-U3RheVN1cHBseUxpc3Rpbmc6MTExOTU1MDAyNzc0NDE2MDE0MQ==/original/6a5b3de7-2d10-46c5-a417-8dd507f237be.jpeg,-1,-1
1119586650258660931,Élysée,,Entire rental unit,Entire home/apt,0,1,,,https://a0.muscache.com/pictures/miso/Hosting-1119586650258660931/original/716d207e-e789-4e53-8bfb-9b7f2b09f46d.jpeg,-1,-1
1120295683111709478,Élysée,,Entire rental unit,Entire home/apt,0,44,within an hour,100.0,https://a0.muscache.com/pictures/prohost-api/Hosting-1120295683111709478/original/14cdb9b5-6c1c-47da-abb5-00609b469fdc.jpeg,-1,-1
1119460009921087760,Élysée,,Entire rental unit,Entire home/apt,199,141,within an hour,95.0,https://a0.muscache.com/pictures/miso/Hosting-1119460009921087760/original/8e48d00c-4125-48b0-ac42-830f43720148.png,-1,-1
1120692004673469197,Élysée,,Entire rental unit,Entire home/apt,239,5,within an hour,100.0,https://a0.muscache.com/pictures/hosting/Hosting-1120692004673469197/original/de8a5c34-c516-4386-ad1f-f84b32c2b254.jpeg,-1,-1
1120198739494310162,Élysée,,Entire rental unit,Entire home/apt,27,1,within a day,100.0,https://a0.muscache.com/pictures/miso/Hosting-1120198739494310162/original/724185ab-e17c-4ca2-89b5-9cd2d4a30656.jpeg,-1,-1
1120769377576048338,Élysée,,Entire rental unit,Entire home/apt,109,1,within a day,100.0,https://a0.muscache.com/pictures/miso/Hosting-1120769377576048338/original/c762d0c5-3589-46e6-9a9b-0deecc5694f1.jpeg,-1,-1
1121664952513599811,Élysée,,Entire rental unit,Entire home/apt,300,3,within an hour,100.0,https://a0.muscache.com/pictures/miso/Hosting-1121664952513599811/original/f02bc5d0-7343-4a30-a4b7-e375c91c205f.jpeg,-1,-1
1120865972355379331,Élysée,,Entire rental unit,Entire home/apt,0,12,within a few hours,100.0,https://a0.muscache.com/pictures/miso/Hosting-1120865972355379331/original/32114208-1f02-4f7b-a01c-ccbcc5e96dad.jpeg,-1,-1
1123007301501653909,Élysée,,Entire rental unit,Entire home/apt,0,1,,,https://a0.muscache.com/pictures/hosting/Hosting-U3RheVN1cHBseUxpc3Rpbmc6MTEyMzAwNzMwMTUwMTY1MzkwOQ%3D%3D/original/fb92316a-8660-49f8-9456-0a3a3bded595.jpeg,-1,-1
1121585470556387414,Élysée,,Entire rental unit,Entire home/apt,58,91,,,https://a0.muscache.com/pictures/hosting/Hosting-U3RheVN1cHBseUxpc3Rpbmc6MTEyMTU4NTQ3MDU1NjM4NzQxNA==/original/f2f36189-6409-4809-b31c-a14f6a72b837.jpeg,-1,-1
1123095910090653219,Élysée,,Entire rental unit,Entire home/apt,257,816,within a day,87.0,https://a0.muscache.com/pictures/prohost-api/Hosting-1123095910090653219/original/42c30f08-8992-4de0-8322-e7b508a4ede4.jpeg,-1,-1
1123950426567611637,Élysée,,Entire rental unit,Entire home/apt,364,1,within a day,100.0,https://a0.muscache.com/pictures/miso/Hosting-1123950426567611637/original/031221bd-93f8-42dd-81b2-8f9dcf6742ce.jpeg,-1,-1
1125172666486991670,Élysée,,Entire rental unit,Entire home/apt,167,1,within an hour,100.0,https://a0.muscache.com/pictures/hosting/Hosting-1125172666486991670/original/c34510e4-ddd2-45b8-bc52-575c2a823d08.jpeg,-1,-1
1124351772934748550,Élysée,,Entire rental unit,Entire home/apt,25,141,within an hour,100.0,https://a0.muscache.com/pictures/prohost-api/Hosting-1124351772934748550/original/4142000d-6f10-410f-86cb-f441f5e3b98b.jpeg,-1,-1
1124619212722273190,Élysée,,Entire rental unit,Entire home/apt,1,141,within an hour,95.0,https://a0.muscache.com/pictures/prohost-api/Hosting-1124619212722273190/original/c357ef5d-d2c0-497b-8907-898f88d6c9fb.jpeg,-1,-1
1125449557335870221,Élysée,,Entire rental unit,Entire home/apt,0,2,within an hour,100.0,https://a0.muscache.com/pictures/miso/Hosting-1125449557335870221/original/2ec4df3e-5937-46a2-addd-62886cb7dc31.jpeg,-1,-1
1126725344114215703,Élysée,,Entire rental unit,Entire home/apt,0,1,,,https://a0.muscache.com/pictures/miso/Hosting-1126725344114215703/original/c0623b5d-a338-4a76-9cbb-d60b8692f852.jpeg,-1,-1
1126770311051486184,Élysée,,Entire rental unit,Entire home/apt,0,1,,,https://a0.muscache.com/pictures/miso/Hosting-1126770311051486184/original/9750e5c1-2141-4da8-b848-05176c09bb6d.jpeg,-1,-1
1125746761097858386,Élysée,,Entire rental unit,Entire home/apt,30,1,within an hour,94.0,https://a0.muscache.com/pictures/miso/Hosting-1125746761097858386/original/66e23cad-c45a-4688-9854-0cefd9264c4d.jpeg,-1,-1
1126149052379174860,Élysée,,Entire rental unit,Entire home/apt,86,1,within an hour,100.0,https://a0.muscache.com/pictures/miso/Hosting-1126149052379174860/original/00c4583f-89b4-4a79-8884-9118f663e751.jpeg,-1,-1
1126161089070977826,Élysée,,Entire rental unit,Entire home/apt,0,213,within an hour,99.0,https://a0.muscache.com/pictures/miso/Hosting-1126161089070977826/original/23009776-3bb6-42ce-8d60-7e2abe69d16f.jpeg,-1,-1
1125898761574484656,Élysée,,Entire rental unit,Entire home/apt,164,7,a few days or more,10.0,https://a0.muscache.com/pictures/hosting/Hosting-1125898761574484656/original/ebf47684-7f14-45fe-9942-cdbfa284c812.jpeg,-1,-1
1127207662222801337,Élysée,,Entire rental unit,Entire home/apt,307,2,,,https://a0.muscache.com/pictures/hosting/Hosting-U3RheVN1cHBseUxpc3Rpbmc6MTEyNzIwNzY2MjIyMjgwMTMzNw%3D%3D/original/d9b5ffe3-e43b-4ce8-a147-7fd1dec17b02.jpeg,-1,-1
1126532433561641127,Élysée,,Entire rental unit,Entire home/apt,315,1,within a day,100.0,https://a0.muscache.com/pictures/hosting/Hosting-U3RheVN1cHBseUxpc3Rpbmc6MTEyNjUzMjQzMzU2MTY0MTEyNw%3D%3D/original/38eca4b1-883c-4e60-ac44-294103835678.jpeg,-1,-1
1127481327634328143,Élysée,,Entire rental unit,Entire home/apt,307,4,within an hour,100.0,https://a0.muscache.com/pictures/hosting/Hosting-U3RheVN1cHBseUxpc3Rpbmc6MTEyNzQ4MTMyNzYzNDMyODE0Mw%3D%3D/original/c8a9b563-01eb-4e8a-be28-b39a41557dd9.jpeg,-1,-1
1127619609640069136,Élysée,,Entire condo,Entire home/apt,0,1,within a day,100.0,https://a0.muscache.com/pictures/hosting/Hosting-U3RheVN1cHBseUxpc3Rpbmc6MTEyNzYxOTYwOTY0MDA2OTEzNg%3D%3D/original/dc994071-0b05-49f7-bb4f-19a31d8d7b32.jpeg,-1,-1
1128244108620344695,Élysée,,Entire rental unit,Entire home/apt,269,1,,,https://a0.muscache.com/pictures/miso/Hosting-1128244108620344695/original/f352f279-83d9-4603-a208-d99fc9b41bea.png,-1,-1
1127475237475836434,Élysée,,Entire rental unit,Entire home/apt,325,4,within an hour,100.0,https://a0.muscache.com/pictures/hosting/Hosting-U3RheVN1cHBseUxpc3Rpbmc6MTEyNzQ3NTIzNzQ3NTgzNjQzNA==/original/f1c4e6a3-6e22-4574-a545-df0c56e275b1.jpeg,-1,-1
1128151682985949663,Élysée,,Entire rental unit,Entire home/apt,242,68,within an hour,99.0,https://a0.muscache.com/pictures/hosting/Hosting-U3RheVN1cHBseUxpc3Rpbmc6MTEyODE1MTY4Mjk4NTk0OTY2Mw%3D%3D/original/6e07faf8-bbfb-4c90-b323-dcbd2d40c1dc.jpeg,-1,-1
1130189141400626890,Élysée,,Entire rental unit,Entire home/apt,314,12,within an hour,100.0,https://a0.muscache.com/pictures/prohost-api/Hosting-1130189141400626890/original/c41642f8-de59-4f99-8edb-13caf2bb999f.jpeg,-1,-1
1128924217510442058,Élysée,,Entire rental unit,Entire home/apt,223,1,within an hour,100.0,https://a0.muscache.com/pictures/miso/Hosting-1128924217510442058/original/d74061f5-a13b-42c4-aedf-e9aa258e3ed8.jpeg,-1,-1
1129704558501435861,Élysée,,Entire rental unit,Entire home/apt,317,4,within an hour,100.0,https://a0.muscache.com/pictures/miso/Hosting-1129704558501435861/original/207ff9b6-15b1-4a28-b99d-900f8c3929c1.jpeg,-1,-1
1129790890741867942,Élysée,,Entire rental unit,Entire home/apt,194,1,a few days or more,0.0,https://a0.muscache.com/pictures/hosting/Hosting-1129790890741867942/original/226becab-8ae0-4549-a48a-86f99cced4ee.jpeg,-1,-1
1130927493300849764,Élysée,,Entire rental unit,Entire home/apt,21,4,within an hour,99.0,https://a0.muscache.com/pictures/b9f23192-8587-4fe5-be05-105f6fa757aa.jpg,-1,-1
1130956413774201019,Élysée,,Entire rental unit,Entire home/apt,60,27,within an hour,91.0,https://a0.muscache.com/pictures/hosting/Hosting-1130956413774201019/original/928219ee-7051-4433-a2df-1cf6f65206dd.jpeg,-1,-1
1131620483526696008,Élysée,,Entire rental unit,Entire home/apt,173,1,within an hour,100.0,https://a0.muscache.com/pictures/miso/Hosting-1131620483526696008/original/8571b1ae-4fa0-4923-bffb-3555f8c9328f.jpeg,-1,-1
1131088362441548140,Élysée,,Entire rental unit,Entire home/apt,119,5,within an hour,100.0,https://a0.muscache.com/pictures/miso/Hosting-1131088362441548140/original/ad00fc9d-832c-4618-b02e-d059346f9298.jpeg,-1,-1
1132610827097050924,Élysée,,Entire rental unit,Entire home/apt,0,41,within an hour,100.0,https://a0.muscache.com/pictures/prohost-api/Hosting-1132610827097050924/original/eb0a1115-dad5-4858-a4f6-736d7cee0096.jpeg,-1,-1
1131814488318247491,Élysée,,Entire rental unit,Entire home/apt,1,1,within an hour,89.0,https://a0.muscache.com/pictures/hosting/Hosting-U3RheVN1cHBseUxpc3Rpbmc6MTEzMTgxNDQ4ODMxODI0NzQ5MQ%3D%3D/original/e7d6faef-7853-4c11-a541-dbe9a7b5e19e.jpeg,-1,-1
1133344561518961817,Élysée,,Entire rental unit,Entire home/apt,0,1,,,https://a0.muscache.com/pictures/hosting/Hosting-1133344561518961817/original/a4386840-394d-44fa-b68a-5f273b1983fd.jpeg,-1,-1
1132034926248196706,Élysée,,Private room in rental unit,Private room,0,2,within an hour,100.0,https://a0.muscache.com/pictures/miso/Hosting-1132034926248196706/original/5dcea6ad-bf35-471d-9ab0-12aa64f46313.jpeg,-1,-1
1133795842696211873,Élysée,,Entire rental unit,Entire home/apt,245,1,within an hour,100.0,https://a0.muscache.com/pictures/miso/Hosting-1133795842696211873/original/a0dc5f36-b3c8-470a-a331-9ba18dee3b9e.jpeg,-1,-1
1133319928266260006,Élysée,,Entire rental unit,Entire home/apt,365,1,within an hour,100.0,https://a0.muscache.com/pictures/prohost-api/Hosting-1133319928266260006/original/7d413f87-6805-4830-963f-83eaa29ea6ef.jpeg,-1,-1
1135349646534620169,Élysée,,Entire rental unit,Entire home/apt,322,76,within an hour,100.0,https://a0.muscache.com/pictures/prohost-api/Hosting-1135349646534620169/original/2c99f8f1-cd61-4954-b11c-bb7a707f6eb9.jpeg,-1,-1
1135471302001139354,Élysée,,Entire rental unit,Entire home/apt,344,1,within a day,75.0,https://a0.muscache.com/pictures/hosting/Hosting-1135471302001139354/original/73b49d69-ba00-400b-8cf5-9a34abaa568a.jpeg,-1,-1
1136159439636276423,Élysée,,Entire rental unit,Entire home/apt,269,1,,,https://a0.muscache.com/pictures/hosting/Hosting-1136159439636276423/original/9793cb63-44f9-482d-9444-1afd9dced76a.jpeg,-1,-1
1135665374992997108,Élysée,,Entire rental unit,Entire home/apt,0,3,within a few hours,100.0,https://a0.muscache.com/pictures/miso/Hosting-1135665374992997108/original/76fa21ea-896a-4d0b-949c-76931ef0896f.jpeg,-1,-1
1135992186741225238,Élysée,,Entire rental unit,Entire home/apt,179,1,a few days or more,0.0,https://a0.muscache.com/pictures/miso/Hosting-1135992186741225238/original/aee919a6-2c32-490c-bd0a-5c7594329e05.jpeg,-1,-1
1135308044894784306,Élysée,,Entire rental unit,Entire home/apt,269,2,a few days or more,40.0,https://a0.muscache.com/pictures/miso/Hosting-1135308044894784306/original/0c62bf2d-392c-4c6a-90db-981e1b6b9c15.jpeg,-1,-1
1137387630058581204,Élysée,,Entire rental unit,Entire home/apt,33,1,within a few hours,100.0,https://a0.muscache.com/pictures/miso/Hosting-1137387630058581204/original/4f2a745b-eab0-4fa2-b010-cd128c093af7.jpeg,-1,-1
1138252780131522941,Élysée,,Entire rental unit,Entire home/apt,107,816,within a day,87.0,https://a0.muscache.com/pictures/prohost-api/Hosting-1138252780131522941/original/07bd9678-f054-4de5-8d65-ffba144ebc42.jpeg,-1,-1
1138284793158976564,Élysée,,Entire rental unit,Entire home/apt,198,1,,,https://a0.muscache.com/pictures/miso/Hosting-1138284793158976564/original/6dcd03f7-96ff-405c-a62c-9f31071a0734.png,-1,-1
1138287790681859779,Élysée,,Entire rental unit,Entire home/apt,310,1,within a few hours,100.0,https://a0.muscache.com/pictures/hosting/Hosting-1138287790681859779/original/f42c54b6-8600-439a-9135-3d256f060469.jpeg,-1,-1
1136856561776309880,Élysée,,Entire rental unit,Entire home/apt,286,135,within an hour,100.0,https://a0.muscache.com/pictures/prohost-api/Hosting-1136856561776309880/original/e0be8830-8966-46b4-b802-b1794f76f1fb.jpeg,-1,-1
1138326319926564145,Élysée,,Entire rental unit,Entire home/apt,131,6,within an hour,100.0,https://a0.muscache.com/pictures/hosting/Hosting-1138326319926564145/original/8b091421-3acc-4ba2-b6d7-3bfcf57ede34.jpeg,-1,-1
1138334313029069473,Élysée,,Entire rental unit,Entire home/apt,112,816,within a day,87.0,https://a0.muscache.com/pictures/prohost-api/Hosting-1138334313029069473/original/13134bcd-e162-46eb-a5fd-b7ba9a17afc0.jpeg,-1,-1
1136907998957621307,Élysée,,Private room in rental unit,Private room,138,1,within a few hours,100.0,https://a0.muscache.com/pictures/aeef21cb-ea77-4de3-9fc1-f2a3c8c8d280.jpg,-1,-1
1138345540791163140,Élysée,,Entire rental unit,Entire home/apt,269,816,within a day,87.0,https://a0.muscache.com/pictures/prohost-api/Hosting-1138345540791163140/original/6179f46d-3dd0-45d2-ba76-c1178a6eedd9.jpeg,-1,-1
1137594812690933079,Élysée,,Entire rental unit,Entire home/apt,1,141,within an hour,95.0,https://a0.muscache.com/pictures/prohost-api/Hosting-1137594812690933079/original/4089748c-7441-49f1-aade-29aa6bd250c5.jpeg,-1,-1
1138374981085434376,Élysée,,Entire rental unit,Entire home/apt,268,1,,,https://a0.muscache.com/pictures/miso/Hosting-1138374981085434376/original/6afeed6c-f864-4a7e-93e3-fbd7cb5f3eb8.jpeg,-1,-1
1136938378239763666,Élysée,,Entire rental unit,Entire home/apt,269,1,,,https://a0.muscache.com/pictures/miso/Hosting-1136938378239763666/original/9dbe404c-de85-495b-bec5-348d5d37b3b7.jpeg,-1,-1
1138522924854429602,Élysée,,Entire rental unit,Entire home/apt,83,1,,,https://a0.muscache.com/pictures/hosting/Hosting-1138522924854429602/original/ee27491d-1113-46f9-b8c5-be6ee7662c14.jpeg,-1,-1
1137031331396615270,Élysée,,Entire rental unit,Entire home/apt,239,1,within an hour,100.0,https://a0.muscache.com/pictures/miso/Hosting-1137031331396615270/original/d527c663-a720-40a4-81b0-e7f29d2a6b90.jpeg,-1,-1
1137033341510335316,Élysée,,Entire rental unit,Entire home/apt,167,1,,,https://a0.muscache.com/pictures/hosting/Hosting-1137033341510335316/original/5b8dc279-362f-4308-a052-b968c0484a73.jpeg,-1,-1
1139607664259627238,Élysée,,Entire rental unit,Entire home/apt,0,1,,,https://a0.muscache.com/pictures/hosting/Hosting-1139607664259627238/original/f15b94c1-ba7b-4496-8c8a-fb93412ea85e.jpeg,-1,-1
1140320147044216762,Élysée,,Entire rental unit,Entire home/apt,158,4,,,https://a0.muscache.com/pictures/miso/Hosting-1140320147044216762/original/d42ee571-4dc4-4a9c-a5ce-3381101fa1bd.jpeg,-1,-1
1140436335604239660,Élysée,,Entire rental unit,Entire home/apt,110,1,within an hour,100.0,https://a0.muscache.com/pictures/hosting/Hosting-U3RheVN1cHBseUxpc3Rpbmc6MTE0MDQzNjMzNTYwNDIzOTY2MA%3D%3D/original/e1406ed7-a4d4-4796-81cd-e91ccee9fd8e.jpeg,-1,-1
1139017851781132069,Élysée,,Entire rental unit,Entire home/apt,36,1,,,https://a0.muscache.com/pictures/miso/Hosting-1139017851781132069/original/5dbd7c9a-d487-42b8-ac4e-f658f7c765ed.jpeg,-1,-1
1140491550462551448,Élysée,,Entire rental unit,Entire home/apt,339,76,within an hour,100.0,https://a0.muscache.com/pictures/prohost-api/Hosting-1140491550462551448/original/e26bdaab-d631-4d1e-9c16-1e8b56d712fb.jpeg,-1,-1
1140505693331561483,Élysée,,Entire rental unit,Entire home/apt,302,4,within an hour,100.0,https://a0.muscache.com/pictures/hosting/Hosting-U3RheVN1cHBseUxpc3Rpbmc6MTE0MDUwNTY5MzMzMTU2MTQ4Mw%3D%3D/original/cf13e82f-cc60-4a6e-b828-b06473623e80.jpeg,-1,-1
1140513558276061380,Élysée,,Entire rental unit,Entire home/apt,0,1,within a day,100.0,https://a0.muscache.com/pictures/miso/Hosting-1140513558276061380/original/98e69b10-8782-43e0-a3ad-a65849e3f6e2.jpeg,-1,-1
1140524194670060433,Élysée,,Entire rental unit,Entire home/apt,200,816,within a day,87.0,https://a0.muscache.com/pictures/prohost-api/Hosting-1140524194670060433/original/23cad895-2503-4e0b-a957-b4711f62057c.jpeg,-1,-1
1140538068865684026,Élysée,,Entire rental unit,Entire home/apt,0,23,within an hour,100.0,https://a0.muscache.com/pictures/prohost-api/Hosting-1140538068865684026/original/71ee4345-e96e-45f0-8f23-6044a6d5ede8.jpeg,-1,-1
1140541798935714538,Élysée,,Entire rental unit,Entire home/apt,0,1,,,https://a0.muscache.com/pictures/hosting/Hosting-1140541798935714538/original/f886b8e3-8319-4a64-ba75-5d20040c22f3.jpeg,-1,-1
1140691789039361635,Élysée,,Entire rental unit,Entire home/apt,63,1,within a day,100.0,https://a0.muscache.com/pictures/hosting/Hosting-1140691789039361635/original/2826de08-79f5-4f54-85a1-eb817e397999.jpeg,-1,-1
1139957954077782663,Élysée,,Entire rental unit,Entire home/apt,365,3,within an hour,82.0,https://a0.muscache.com/pictures/hosting/Hosting-1139957954077782663/original/4244e19a-0d08-436f-944d-3785e55f2825.jpeg,-1,-1
1142636713837730392,Élysée,,Room in hotel,Private room,132,2,,,https://a0.muscache.com/pictures/prohost-api/Hosting-1142636713837730392/original/66ba9c47-bd37-42c6-92ea-485766111655.jpeg,-1,-1
1142636821752279534,Élysée,,Room in hotel,Private room,122,2,,,https://a0.muscache.com/pictures/prohost-api/Hosting-1142636821752279534/original/330210b1-ec24-4f8b-9ea4-28a1d6ebc264.jpeg,-1,-1
1143375177749897595,Élysée,,Private room in rental unit,Private room,354,8,within an hour,98.0,https://a0.muscache.com/pictures/miso/Hosting-1143375177749897595/original/75a7b95e-b782-458c-be09-b50e7c09f4fe.jpeg,-1,-1
1142488947994222180,Élysée,,Entire rental unit,Entire home/apt,270,90,within a day,74.0,https://a0.muscache.com/pictures/miso/Hosting-1142488947994222180/original/43c421a4-2b0e-4bba-a6ff-7e5ff0d34a74.jpeg,-1,-1
1144968261141449825,Élysée,,Entire condo,Entire home/apt,169,1,within an hour,100.0,https://a0.muscache.com/pictures/hosting/Hosting-U3RheVN1cHBseUxpc3Rpbmc6MTE0NDk2ODI2MTE0MTQ0OTgyNQ%3D%3D/original/5208ad1e-dc30-4726-ac5d-85a8189bafe7.jpeg,-1,-1
1144609491529881952,Élysée,,Entire rental unit,Entire home/apt,243,2,within a few hours,100.0,https://a0.muscache.com/pictures/hosting/Hosting-1144609491529881952/original/760dc327-57d6-4e1f-8641-8c445efa0af3.jpeg,-1,-1
1143563587505399674,Élysée,,Entire rental unit,Entire home/apt,16,1,within an hour,100.0,https://a0.muscache.com/pictures/hosting/Hosting-1143563587505399674/original/22b9df1d-5f9b-4f35-888b-168be3ba08e4.png,-1,-1
1145415440485925249,Élysée,,Entire rental unit,Entire home/apt,71,1,within an hour,100.0,https://a0.muscache.com/pictures/miso/Hosting-1145415440485925249/original/ab936016-9fc3-4f03-91ec-81e8a1e190a4.jpeg,-1,-1
1143975139269152736,Élysée,,Entire rental unit,Entire home/apt,229,1,within a few hours,100.0,https://a0.muscache.com/pictures/hosting/Hosting-1143975139269152736/original/9b6f32f1-6182-4a3a-9b05-ed0fa96608fd.jpeg,-1,-1
1146160009003402268,Élysée,,Entire rental unit,Entire home/apt,265,1,a few days or more,0.0,https://a0.muscache.com/pictures/hosting/Hosting-1146160009003402268/original/87412d51-35ac-474a-b2f2-e5bc1b7252be.jpeg,-1,-1
1146997677041302388,Élysée,,Entire rental unit,Entire home/apt,1,1,,,https://a0.muscache.com/pictures/prohost-api/Hosting-1146997677041302388/original/7f2f41a4-a507-4a72-b4cf-6ad88f0c5e49.png,-1,-1
1146313933295610241,Élysée,,Entire rental unit,Entire home/apt,152,816,within a day,87.0,https://a0.muscache.com/pictures/prohost-api/Hosting-1146313933295610241/original/93f06f1b-e927-4fb6-a0aa-077aec29a709.jpeg,-1,-1
1147874742040249505,Élysée,,Entire rental unit,Entire home/apt,269,1,,,https://a0.muscache.com/pictures/hosting/Hosting-1147874742040249505/original/1d52526f-b290-4b96-96ab-71674cc20883.jpeg,-1,-1
1148530354727857964,Élysée,,Entire rental unit,Entire home/apt,0,1,within an hour,100.0,https://a0.muscache.com/pictures/miso/Hosting-1148530354727857964/original/8d4665fc-8a5b-4b2f-9216-6bf98ff908b9.png,-1,-1
1148435015373152526,Élysée,,Entire rental unit,Entire home/apt,230,1,within a few hours,100.0,https://a0.muscache.com/pictures/hosting/Hosting-1148435015373152526/original/dd59c680-0cf0-4c92-bc6f-ac26e20ef9fe.jpeg,-1,-1
1148440771106012592,Élysée,,Entire rental unit,Entire home/apt,202,20,within an hour,100.0,https://a0.muscache.com/pictures/hosting/Hosting-U3RheVN1cHBseUxpc3Rpbmc6MTE0ODQ0MDc3MTEwNjAxMjU5Mg==/original/b1e0a295-fcea-4510-b831-624db97bb243.jpeg,-1,-1
1149971287291701224,Élysée,,Entire home,Entire home/apt,75,1,a few days or more,50.0,https://a0.muscache.com/pictures/hosting/Hosting-U3RheVN1cHBseUxpc3Rpbmc6MTE0OTk3MTI4NzI5MTcwMTIyNA%3D%3D/original/07c9e128-905e-4672-a64e-06f9932d0719.jpeg,-1,-1
1149265102654545319,Élysée,,Entire rental unit,Entire home/apt,269,2,,,https://a0.muscache.com/pictures/miso/Hosting-1149265102654545319/original/15ae694f-bd3c-4683-9a49-950bbf12a090.jpeg,-1,-1
1150631933694395198,Élysée,,Private room in rental unit,Private room,22,3,within an hour,100.0,https://a0.muscache.com/pictures/hosting/Hosting-1150631933694395198/original/eedcfe5f-5d17-492e-9122-a3eb5a606116.jpeg,-1,-1
1150672475815286460,Élysée,,Entire rental unit,Entire home/apt,358,1,,,https://a0.muscache.com/pictures/prohost-api/Hosting-1150672475815286460/original/9628dbb2-778e-4bdc-a8b8-b8a49b7fa247.jpeg,-1,-1
1151206283158892677,Élysée,,Entire rental unit,Entire home/apt,221,20,within an hour,100.0,https://a0.muscache.com/pictures/prohost-api/Hosting-1151206283158892677/original/187a6d4f-2257-450c-9a65-fa266a38b66f.jpeg,-1,-1
1151237913467794090,Élysée,,Entire rental unit,Entire home/apt,128,20,within an hour,100.0,https://a0.muscache.com/pictures/prohost-api/Hosting-1151237913467794090/original/c7d96ccc-bea0-40a9-af9d-98c95efa4cb6.jpeg,-1,-1
1151284043443696823,Élysée,,Entire rental unit,Entire home/apt,313,121,within an hour,100.0,https://a0.muscache.com/pictures/hosting/Hosting-U3RheVN1cHBseUxpc3Rpbmc6MTE1MTI4NDA0MzQ0MzY5NjgyMw==/original/1679e811-decc-4755-a814-818450fc32b2.jpeg,-1,-1
1151435414598907417,Élysée,,Entire rental unit,Entire home/apt,0,1,,,https://a0.muscache.com/pictures/hosting/Hosting-U3RheVN1cHBseUxpc3Rpbmc6MTE1MTQzNTQxNDU5ODkwNzQxNw%3D%3D/original/cfd74c56-4943-43d0-9da2-ce67c8f352db.jpeg,-1,-1
1152009218142023703,Élysée,,Entire rental unit,Entire home/apt,0,144,within an hour,99.0,https://a0.muscache.com/pictures/prohost-api/Hosting-1152009218142023703/original/3426c1a5-f890-4606-8f4d-c0b53b01ddaf.jpeg,-1,-1
1152076580762607477,Élysée,,Entire place,Entire home/apt,148,6,within an hour,100.0,https://a0.muscache.com/pictures/hosting/Hosting-U3RheVN1cHBseUxpc3Rpbmc6MTE1MjA3NjU4MDc2MjYwNzQ3Nw%3D%3D/original/0229d574-f580-4ed1-b5ad-df9f8e86fcf9.jpeg,-1,-1
1153523293626808881,Élysée,,Entire rental unit,Entire home/apt,168,113,within a day,75.0,https://a0.muscache.com/pictures/prohost-api/Hosting-1153523293626808881/original/15a3a36b-2210-4f55-a5fd-cc8ac5d3dc8a.jpeg,-1,-1
1152959197091737215,Élysée,,Entire rental unit,Entire home/apt,142,1,within a few hours,91.0,https://a0.muscache.com/pictures/hosting/Hosting-U3RheVN1cHBseUxpc3Rpbmc6MTE1Mjk1OTE5NzA5MTczNzIxNQ==/original/8ccb4404-fc2f-4944-979b-be6b66a0c15b.jpeg,-1,-1
1156060632291267308,Élysée,,Entire rental unit,Entire home/apt,0,1,within an hour,100.0,https://a0.muscache.com/pictures/hosting/Hosting-1156060632291267308/original/7558e540-ceb9-41fb-9126-06581c365b36.jpeg,-1,-1
1156084767038972060,Élysée,,Entire rental unit,Entire home/apt,269,1,a few days or more,0.0,https://a0.muscache.com/pictures/hosting/Hosting-1156084767038972060/original/bd466d32-bf68-423e-a348-479663930c5b.jpeg,-1,-1
1155578138945172659,Élysée,,Entire rental unit,Entire home/apt,0,25,within an hour,100.0,https://a0.muscache.com/pictures/hosting/Hosting-U3RheVN1cHBseUxpc3Rpbmc6MTE1NTU3ODEzODk0NTE3MjY1OQ%3D%3D/original/a26799cb-617d-4856-8e6e-7a60b292f870.jpeg,-1,-1
1155103050707464827,Élysée,,Entire rental unit,Entire home/apt,0,1,within an hour,100.0,https://a0.muscache.com/pictures/hosting/Hosting-U3RheVN1cHBseUxpc3Rpbmc6MTE1NTEwMzA1MDcwNzQ2NDgyNw%3D%3D/original/2e54a5b1-e52d-439f-873b-ec4331b04866.jpeg,-1,-1
1156424874708107231,Élysée,,Entire rental unit,Entire home/apt,8,1,within a day,100.0,https://a0.muscache.com/pictures/hosting/Hosting-U3RheVN1cHBseUxpc3Rpbmc6MTE1NjQyNDg3NDcwODEwNzIzMQ%3D%3D/original/c5e0ad7e-cebc-4cd1-94b5-8ebebe6f913e.jpeg,-1,-1
1155859466746324272,Élysée,,Entire rental unit,Entire home/apt,331,3,within a few hours,90.0,https://a0.muscache.com/pictures/hosting/Hosting-1155859466746324272/original/23da21b6-5a47-47e4-b980-38eb6309d846.jpeg,-1,-1
1157018807151931980,Élysée,,Entire rental unit,Entire home/apt,208,19,within an hour,98.0,https://a0.muscache.com/pictures/prohost-api/Hosting-1157018807151931980/original/bad72b51-d497-4197-9e4e-45f52f4534d2.jpeg,-1,-1
1157079249896093924,Élysée,,Entire rental unit,Entire home/apt,274,2,within an hour,100.0,https://a0.muscache.com/pictures/hosting/Hosting-U3RheVN1cHBseUxpc3Rpbmc6MTE1NzA3OTI0OTg5NjA5MzkyNA%3D%3D/original/6764f9f9-e150-4b85-ac7f-ce6199bc120b.jpeg,-1,-1
1157144450072092466,Élysée,,Entire rental unit,Entire home/apt,0,141,within an hour,95.0,https://a0.muscache.com/pictures/prohost-api/Hosting-1157144450072092466/original/24669422-da97-41d0-abfc-7ab713a75606.jpeg,-1,-1
1158577217331591846,Élysée,,Entire rental unit,Entire home/apt,309,135,within an hour,100.0,https://a0.muscache.com/pictures/prohost-api/Hosting-1158577217331591846/original/bd7982b4-404a-487f-b1f7-cf027db3379a.jpeg,-1,-1
1160712421735239517,Élysée,,Entire rental unit,Entire home/apt,307,6,within an hour,94.0,https://a0.muscache.com/pictures/miso/Hosting-1160712421735239517/original/005ceeca-7975-4b1d-9d11-8dc3aca2bb38.jpeg,-1,-1
1160725601494020996,Élysée,,Entire rental unit,Entire home/apt,274,45,within an hour,94.0,https://a0.muscache.com/pictures/prohost-api/Hosting-1160725601494020996/original/6be1c0e0-0632-43a2-a130-38db50777cb2.jpeg,-1,-1
1162235539024725621,Élysée,,Entire rental unit,Entire home/apt,350,191,within an hour,99.0,https://a0.muscache.com/pictures/miso/Hosting-1162235539024725621/original/bd697172-2648-40a1-91ef-59cdaee704e3.jpeg,-1,-1
1162267019898567746,Élysée,,Private room in bed and breakfast,Private room,87,1,within a few hours,100.0,https://a0.muscache.com/pictures/miso/Hosting-1162267019898567746/original/7fd12b54-6208-4ddc-94f3-7363c3db404f.jpeg,-1,-1
1161632743316828645,Élysée,,Entire rental unit,Entire home/apt,179,1,,,https://a0.muscache.com/pictures/miso/Hosting-1161632743316828645/original/a01eb430-a540-4bf7-b58a-afaf7e1e81cd.jpeg,-1,-1
1160945559615574630,Élysée,,Entire rental unit,Entire home/apt,3,1,within an hour,100.0,https://a0.muscache.com/pictures/hosting/Hosting-U3RheVN1cHBseUxpc3Rpbmc6MTE2MDk0NTU1OTYxNTU3NDYzMA%3D%3D/original/0c8ba2fd-f64e-49de-9b47-9f43cabaa551.jpeg,-1,-1
1162068076843085865,Élysée,,Entire rental unit,Entire home/apt,269,9,within a few hours,100.0,https://a0.muscache.com/pictures/miso/Hosting-1162068076843085865/original/6f2c01ca-3005-4b7a-9b71-d810af6c0e7d.jpeg,-1,-1
1162089838895537802,Élysée,,Entire rental unit,Entire home/apt,70,9,within a few hours,100.0,https://a0.muscache.com/pictures/miso/Hosting-1162089838895537802/original/15e1ce0d-1c60-4476-b54b-80010a672f1d.jpeg,-1,-1
1162136640160279859,Élysée,,Entire rental unit,Entire home/apt,251,5,within an hour,100.0,https://a0.muscache.com/pictures/hosting/Hosting-U3RheVN1cHBseUxpc3Rpbmc6MTE2MjEzNjY0MDE2MDI3OTg1OQ%3D%3D/original/27bb50c6-1813-4a75-bd0e-a8c1291f5a19.jpeg,-1,-1
1161374197546519520,Élysée,,Entire rental unit,Entire home/apt,0,44,within an hour,100.0,https://a0.muscache.com/pictures/prohost-api/Hosting-1161374197546519520/original/22d88132-f226-455e-984c-fa59ef6e6642.jpeg,-1,-1
1162891698990380245,Élysée,,Entire rental unit,Entire home/apt,355,191,within an hour,99.0,https://a0.muscache.com/pictures/miso/Hosting-1162891698990380245/original/d92a36bf-4a77-4de2-a5c0-8e23cf20b087.jpeg,-1,-1
1163017694662677286,Élysée,,Entire rental unit,Entire home/apt,333,191,within an hour,99.0,https://a0.muscache.com/pictures/miso/Hosting-1162235539024725621/original/585b6b1d-3248-4acd-b38f-bb6ab915e331.jpeg,-1,-1
1162973976254608771,Élysée,,Entire rental unit,Entire home/apt,263,9,within a few hours,100.0,https://a0.muscache.com/pictures/miso/Hosting-1162973976254608771/original/1f2d3705-28f1-4526-8ca1-c085d4a37219.jpeg,-1,-1
1165279196577867397,Élysée,,Private room in rental unit,Private room,269,1,,,https://a0.muscache.com/pictures/hosting/Hosting-1165279196577867397/original/41e8e402-9b7a-4be9-b416-bdfea8a799e7.jpeg,-1,-1
1164388235602237991,Élysée,,Entire rental unit,Entire home/apt,128,2,within an hour,100.0,https://a0.muscache.com/pictures/miso/Hosting-1164388235602237991/original/eac4c1f6-39cf-477b-a469-f48981d8924f.jpeg,-1,-1
1163620116058183888,Élysée,,Entire rental unit,Entire home/apt,3,1,within a few hours,100.0,https://a0.muscache.com/pictures/hosting/Hosting-1163620116058183888/original/50afd9d9-61fb-48fc-9cf0-57615bbb3fd3.jpeg,-1,-1
1165665896150567421,Élysée,,Entire rental unit,Entire home/apt,193,6,within a few hours,75.0,https://a0.muscache.com/pictures/miso/Hosting-1165665896150567421/original/7320e58d-0b19-41b3-94df-689cc577c12b.jpeg,-1,-1
1165713538326293615,Élysée,,Entire rental unit,Entire home/apt,160,5,within an hour,79.0,https://a0.muscache.com/pictures/hosting/Hosting-U3RheVN1cHBseUxpc3Rpbmc6MTE2NTcxMzUzODMyNjI5MzYxNQ%3D%3D/original/a1f1a92b-01ac-4bfb-a372-92c8eb174ac3.jpeg,-1,-1
1165741237983746321,Élysée,,Entire rental unit,Entire home/apt,351,191,within an hour,99.0,https://a0.muscache.com/pictures/miso/Hosting-1162235539024725621/original/35b4ff26-8f0e-466f-a126-9322da0ad978.jpeg,-1,-1
1163697493672230003,Élysée,,Entire rental unit,Entire home/apt,249,5,within an hour,86.0,https://a0.muscache.com/pictures/hosting/Hosting-U3RheVN1cHBseUxpc3Rpbmc6MTE2MzY5NzQ5MzY3MjIzMDAwMw%3D%3D/original/8eb4a1ce-5771-44bf-8574-4dd6a23fec09.jpeg,-1,-1
1163702350453626107,Élysée,,Entire rental unit,Entire home/apt,243,7,within an hour,100.0,https://a0.muscache.com/pictures/hosting/Hosting-U3RheVN1cHBseUxpc3Rpbmc6MTE2MzcwMjM1MDQ1MzYyNjEwNw%3D%3D/original/9d8f6e17-b9a4-44f0-a156-7e40db1a1dec.jpeg,-1,-1
1165759660129286294,Élysée,,Entire rental unit,Entire home/apt,348,191,within an hour,99.0,https://a0.muscache.com/pictures/miso/Hosting-1162235539024725621/original/5e78e245-a555-49c2-a67c-d0ef8ed3db55.jpeg,-1,-1
1165786603867152545,Élysée,,Entire rental unit,Entire home/apt,227,1,within a day,50.0,https://a0.muscache.com/pictures/miso/Hosting-1165786603867152545/original/62b25458-043c-4069-890b-82afe852884d.jpeg,-1,-1
1164634866477506439,Élysée,,Entire rental unit,Entire home/apt,0,1,within an hour,100.0,https://a0.muscache.com/pictures/hosting/Hosting-U3RheVN1cHBseUxpc3Rpbmc6MTE2NDYzNDg2NjQ3NzUwNjQzOQ==/original/e3c4fb11-6e52-404c-9c67-61d05995d0ea.jpeg,-1,-1
1165798874958077815,Élysée,,Entire rental unit,Entire home/apt,255,1,,,https://a0.muscache.com/pictures/miso/Hosting-1165798874958077815/original/446abcf1-c1c0-4e81-89e7-fc6ea4a7cce2.jpeg,-1,-1
1165852862200967528,Élysée,,Entire rental unit,Entire home/apt,190,1,,,https://a0.muscache.com/pictures/miso/Hosting-1165852862200967528/original/b2132d8a-2c2e-4f2c-8d12-6c62a191e499.jpeg,-1,-1
1165133228486098545,Élysée,,Entire rental unit,Entire home/apt,348,1,a few days or more,0.0,https://a0.muscache.com/pictures/miso/Hosting-1165133228486098545/original/e099a616-c125-4467-bd54-785b5035ec83.jpeg,-1,-1
1167189817631445248,Élysée,,Room in hotel,Private room,90,2,within an hour,100.0,https://a0.muscache.com/pictures/prohost-api/Hosting-1167189817631445248/original/5c01ec12-97fe-4215-9c28-e916b73701cd.jpeg,-1,-1
1167189886654798811,Élysée,,Room in hotel,Private room,110,2,within an hour,100.0,https://a0.muscache.com/pictures/prohost-api/Hosting-1167189886654798811/original/5efff7d4-02b1-41e8-9911-2478de0de7d8.jpeg,-1,-1
1168080796125850038,Élysée,,Entire rental unit,Entire home/apt,250,5,within an hour,100.0,https://a0.muscache.com/pictures/hosting/Hosting-U3RheVN1cHBseUxpc3Rpbmc6MTE2ODA4MDc5NjEyNTg1MDAzOA==/original/4b4a30ab-7b49-4ee3-b702-45ee29cf3dc2.jpeg,-1,-1
1168096204783811235,Élysée,,Entire rental unit,Entire home/apt,0,4,within an hour,100.0,https://a0.muscache.com/pictures/hosting/Hosting-U3RheVN1cHBseUxpc3Rpbmc6MTE2ODA5NjIwNDc4MzgxMTIzNQ==/original/1c1dc84c-143f-45e8-ad9b-67b523d56c0d.jpeg,-1,-1
1168180182008035137,Élysée,,Entire rental unit,Entire home/apt,339,3,within an hour,100.0,https://a0.muscache.com/pictures/hosting/Hosting-U3RheVN1cHBseUxpc3Rpbmc6MTE2ODE4MDE4MjAwODAzNTEzNw%3D%3D/original/2d63752d-7e25-445a-b46e-790c327c9207.jpeg,-1,-1
1166721890017421516,Élysée,,Private room in bed and breakfast,Private room,89,1,a few days or more,0.0,https://a0.muscache.com/pictures/miso/Hosting-1166721890017421516/original/d0bf6df2-ea3f-4069-8c9c-28f702366763.jpeg,-1,-1
1166755481842382247,Élysée,,Entire rental unit,Entire home/apt,106,41,within an hour,99.0,https://a0.muscache.com/pictures/hosting/Hosting-U3RheVN1cHBseUxpc3Rpbmc6MTE2Njc1NTQ4MTg0MjM4MjI0Nw%3D%3D/original/bd62370b-c0af-4cfb-8713-d8c8fc8427af.jpeg,-1,-1
1168802372258693103,Élysée,,Entire rental unit,Entire home/apt,36,63,within a few hours,97.0,https://a0.muscache.com/pictures/hosting/Hosting-1168802372258693103/original/d246bb21-32d6-441e-a112-476e6f07e08b.jpeg,-1,-1
1168826371621566069,Élysée,,Entire rental unit,Entire home/apt,363,370,within an hour,100.0,https://a0.muscache.com/pictures/prohost-api/Hosting-1168826371621566069/original/53002986-81d3-446c-a25e-c205726a9f27.jpeg,-1,-1
1167921812333877628,Élysée,,Entire rental unit,Entire home/apt,150,1,within an hour,100.0,https://a0.muscache.com/pictures/hosting/Hosting-U3RheVN1cHBseUxpc3Rpbmc6MTE2NzkyMTgxMjMzMzg3NzYyOA==/original/413ca334-3077-4dba-b0cc-a02cee23f367.jpeg,-1,-1
1167937584187114237,Élysée,,Entire rental unit,Entire home/apt,270,1,within an hour,100.0,https://a0.muscache.com/pictures/miso/Hosting-1167937584187114237/original/edf82d7b-be93-44e3-b01e-fb312a85b245.jpeg,-1,-1
1169420349262441420,Élysée,,Entire rental unit,Entire home/apt,289,12,a few days or more,17.0,https://a0.muscache.com/pictures/hosting/Hosting-U3RheVN1cHBseUxpc3Rpbmc6MTE2OTQyMDM0OTI2MjQ0MTQyMA%3D%3D/original/04f2e9ef-e8f3-4687-a542-b7956914ca28.png,-1,-1
1167982156923650275,Élysée,,Entire rental unit,Entire home/apt,0,88,within an hour,100.0,https://a0.muscache.com/pictures/prohost-api/Hosting-1167982156923650275/original/f7732d56-0937-4df5-a667-ae4cdf58d93f.jpeg,-1,-1
1168783608070761764,Élysée,,Entire rental unit,Entire home/apt,363,370,within an hour,100.0,https://a0.muscache.com/pictures/prohost-api/Hosting-1168783608070761764/original/fc907b7c-212a-40d8-8f46-3c3c7f16f60c.jpeg,-1,-1
1168792117763450769,Élysée,,Entire rental unit,Entire home/apt,363,370,within an hour,100.0,https://a0.muscache.com/pictures/prohost-api/Hosting-1168792117763450769/original/96d81994-9355-4b96-99a0-cc46bd3a8010.jpeg,-1,-1
1170020942737924390,Élysée,,Entire rental unit,Entire home/apt,242,3,within an hour,100.0,https://a0.muscache.com/pictures/miso/Hosting-1170020942737924390/original/b7a753a5-30f0-4b84-a684-9f243e2a13af.jpeg,-1,-1
1171662684889768879,Élysée,,Entire rental unit,Entire home/apt,241,4,within an hour,100.0,https://a0.muscache.com/pictures/hosting/Hosting-U3RheVN1cHBseUxpc3Rpbmc6MTE3MTY2MjY4NDg4OTc2ODg3OQ%3D%3D/original/026034c5-1df2-44ca-85a0-4b72615e1935.jpeg,-1,-1
1170816620340588157,Élysée,,Entire rental unit,Entire home/apt,325,191,within an hour,99.0,https://a0.muscache.com/pictures/miso/Hosting-1170816620340588157/original/3169f946-f9ec-4b2c-bc39-e07588d50d06.jpeg,-1,-1
1170839340982865987,Élysée,,Entire rental unit,Entire home/apt,352,191,within an hour,99.0,https://a0.muscache.com/pictures/miso/Hosting-1170839340982865987/original/4b9d62a0-225b-4044-8017-d9e6a62aa6ec.jpeg,-1,-1
1170885284845639320,Élysée,,Entire rental unit,Entire home/apt,348,191,within an hour,99.0,https://a0.muscache.com/pictures/miso/Hosting-1170885284845639320/original/893ac82e-b9d1-479f-b61b-0200149578c0.jpeg,-1,-1
1172361096423383992,Élysée,,Entire rental unit,Entire home/apt,221,7,within an hour,100.0,https://a0.muscache.com/pictures/hosting/Hosting-U3RheVN1cHBseUxpc3Rpbmc6MTE3MjM2MTA5NjQyMzM4Mzk5Mg%3D%3D/original/f4c6fbb2-37e0-4904-ac1a-4993070bfbd4.jpeg,-1,-1
1171002149392485455,Élysée,,Entire rental unit,Entire home/apt,27,1,within an hour,100.0,https://a0.muscache.com/pictures/prohost-api/Hosting-1171002149392485455/original/9ff3e339-9809-491a-85c1-85c06f031b89.jpeg,-1,-1
1172976315899114854,Élysée,,Entire rental unit,Entire home/apt,42,25,within an hour,100.0,https://a0.muscache.com/pictures/miso/Hosting-1172976315899114854/original/cecfae4a-3343-4f7a-ade6-b7e650d83b33.jpeg,-1,-1
1175912126377404497,Élysée,,Entire rental unit,Entire home/apt,199,18,,,https://a0.muscache.com/pictures/prohost-api/Hosting-1175912126377404497/original/8f2fa051-75e2-4f64-a8b5-5ce18f36e8c9.jpeg,-1,-1
1176000804891474467,Élysée,,Entire rental unit,Entire home/apt,307,144,within an hour,99.0,https://a0.muscache.com/pictures/prohost-api/Hosting-1176000804891474467/original/7765cdd7-dd55-4a71-9ab4-0fa175ac1bb2.jpeg,-1,-1
1176001157521751317,Élysée,,Entire rental unit,Entire home/apt,280,1,within an hour,90.0,https://a0.muscache.com/pictures/hosting/Hosting-1176001157521751317/original/661b7ed5-c840-4267-97b2-b2540b1ed797.jpeg,-1,-1
1173750371859555725,Élysée,,Entire rental unit,Entire home/apt,363,370,within an hour,100.0,https://a0.muscache.com/pictures/prohost-api/Hosting-1173750371859555725/original/975abd18-a689-4e75-b0d4-3bff8e6e768d.jpeg,-1,-1
1173819187863289515,Élysée,,Entire rental unit,Entire home/apt,264,184,within an hour,100.0,https://a0.muscache.com/pictures/prohost-api/Hosting-1173819187863289515/original/56925b4b-10ee-44fc-8003-0b4c5fa434fb.jpeg,-1,-1
1173841032536111457,Élysée,,Entire rental unit,Entire home/apt,229,1,within an hour,100.0,https://a0.muscache.com/pictures/miso/Hosting-1173841032536111457/original/ccd85841-2aab-4477-97d7-6d2dfef9c1b0.jpeg,-1,-1
1175280243257887609,Élysée,,Private room in rental unit,Private room,295,1,within an hour,100.0,https://a0.muscache.com/pictures/miso/Hosting-1175280243257887609/original/84f79bf7-8fd2-43c4-8d9f-095e5e46cf6a.jpeg,-1,-1
1175359567710202754,Élysée,,Entire condo,Entire home/apt,0,2,within an hour,100.0,https://a0.muscache.com/pictures/hosting/Hosting-U3RheVN1cHBseUxpc3Rpbmc6MTE3NTM1OTU2NzcxMDIwMjc1NA%3D%3D/original/7e406b0e-fe11-4962-8757-bd8d8e55f1ba.jpeg,-1,-1
1176710120436779453,Élysée,,Room in hotel,Private room,37,5,within an hour,100.0,https://a0.muscache.com/pictures/prohost-api/Hosting-1176710120436779453/original/68ec84ad-a56c-4cf4-a6d3-fd50010acb12.jpeg,-1,-1
1176710198469122266,Élysée,,Room in hotel,Private room,43,5,within an hour,100.0,https://a0.muscache.com/pictures/prohost-api/Hosting-1176710198469122266/original/0cb45dcf-1785-49da-a321-ca541a8adeae.jpeg,-1,-1
1176710198815510955,Élysée,,Room in hotel,Private room,41,5,within an hour,100.0,https://a0.muscache.com/pictures/prohost-api/Hosting-1176710198815510955/original/8068f142-a736-49af-91ce-a9b8adf09836.jpeg,-1,-1
1176710283344531498,Élysée,,Room in hotel,Private room,40,5,within an hour,100.0,https://a0.muscache.com/pictures/prohost-api/Hosting-1176710283344531498/original/8a9f6c56-c7ad-4119-b953-17c1cb1aa5b8.jpeg,-1,-1
1176710293080135738,Élysée,,Room in hotel,Private room,43,5,within an hour,100.0,https://a0.muscache.com/pictures/prohost-api/Hosting-1176710293080135738/original/eae1b7aa-8ade-4da8-8962-ed4a23947e8f.jpeg,-1,-1
1176793362441027430,Élysée,,Entire rental unit,Entire home/apt,363,370,within an hour,100.0,https://a0.muscache.com/pictures/prohost-api/Hosting-1176793362441027430/original/eba04ea6-71fb-4a51-bb8d-fa19cc8ca0ac.jpeg,-1,-1
1176846794345599200,Élysée,,Entire rental unit,Entire home/apt,123,2,,,https://a0.muscache.com/pictures/hosting/Hosting-1176846794345599200/original/9fe56f44-308a-442a-a93f-04adfea28004.jpeg,-1,-1
1178770279568780129,Élysée,,Entire rental unit,Entire home/apt,365,1,,,https://a0.muscache.com/pictures/miso/Hosting-1178770279568780129/original/5bb0f4a0-1a66-41e5-8337-92053e086214.jpeg,-1,-1
1178048987511767346,Élysée,,Entire rental unit,Entire home/apt,63,3,within an hour,100.0,https://a0.muscache.com/pictures/hosting/Hosting-1178048987511767346/original/c05c9fff-d59f-425f-ab83-009729d9e9aa.jpeg,-1,-1
1178811454063509683,Élysée,,Entire rental unit,Entire home/apt,73,1,within a few hours,100.0,https://a0.muscache.com/pictures/hosting/Hosting-1178811454063509683/original/2cbf780d-dceb-413d-8dc4-6f2d0147a061.jpeg,-1,-1
1178856318055372831,Élysée,,Entire rental unit,Entire home/apt,322,2,within a few hours,100.0,https://a0.muscache.com/pictures/hosting/Hosting-U3RheVN1cHBseUxpc3Rpbmc6MTE3ODg1NjMxODA1NTM3MjgzMQ%3D%3D/original/e9975990-f657-45ba-a1e6-abf1bbeeca0f.jpeg,-1,-1
1178172005410576701,Élysée,,Entire rental unit,Entire home/apt,263,1,a few days or more,0.0,https://a0.muscache.com/pictures/miso/Hosting-1178172005410576701/original/4996509f-be0d-4fc7-9f4e-46ace0b58b2c.jpeg,-1,-1
1177419535513004048,Élysée,,Entire rental unit,Entire home/apt,241,1,within an hour,100.0,https://a0.muscache.com/pictures/miso/Hosting-1177419535513004048/original/99d3dc0a-cb0a-4315-9462-27af69512c90.jpeg,-1,-1
1179043042825052834,Élysée,,Entire rental unit,Entire home/apt,206,1,within an hour,100.0,https://a0.muscache.com/pictures/prohost-api/Hosting-1179043042825052834/original/a0699c48-1456-421a-b360-66bbafed7ab0.jpeg,-1,-1
1179493614221560537,Élysée,,Entire rental unit,Entire home/apt,0,1,,,https://a0.muscache.com/pictures/miso/Hosting-1179493614221560537/original/014e1ebe-5fc0-4315-99d5-584a70e5ed1b.jpeg,-1,-1
1180281480067630298,Élysée,,Entire rental unit,Entire home/apt,0,1,,,https://a0.muscache.com/pictures/miso/Hosting-1180281480067630298/original/06997732-fae8-4530-855a-30e32d46b559.jpeg,-1,-1
1180390934350314592,Élysée,,Entire rental unit,Entire home/apt,353,1,within a day,80.0,https://a0.muscache.com/pictures/hosting/Hosting-1180390934350314592/original/75fc847c-ec07-45c6-b432-60d7e832355c.jpeg,-1,-1
1180460528606676667,Élysée,,Entire rental unit,Entire home/apt,364,45,within an hour,94.0,https://a0.muscache.com/pictures/prohost-api/Hosting-1180460528606676667/original/d18f3f8e-78c2-4ea0-9ef2-2deabd668e7a.jpeg,-1,-1
1181125458760261256,Élysée,,Entire rental unit,Entire home/apt,299,1,within an hour,100.0,https://a0.muscache.com/pictures/hosting/Hosting-U3RheVN1cHBseUxpc3Rpbmc6MTE4MTEyNTQ1ODc2MDI2MTI1Ng%3D%3D/original/d155c885-1077-4294-abef-595e8d05aaf2.jpeg,-1,-1
1180534124156495651,Élysée,,Entire rental unit,Entire home/apt,0,7,within an hour,98.0,https://a0.muscache.com/pictures/miso/Hosting-1180534124156495651/original/cc1d61c8-548f-4b50-a42f-2028935ecf1b.jpeg,-1,-1
1180904859707181171,Élysée,,Entire rental unit,Entire home/apt,275,1,,,https://a0.muscache.com/pictures/prohost-api/Hosting-1180904859707181171/original/81669df5-778b-483c-9bf1-8e7b4a433ffc.jpeg,-1,-1
1181982146617902957,Élysée,,Room in hotel,Private room,250,11,within an hour,87.0,https://a0.muscache.com/pictures/miso/Hosting-1181982146617902957/original/6d6105db-5ca0-4989-be94-25737ab6398b.jpeg,-1,-1
1182007207513517695,Élysée,,Room in hotel,Private room,239,11,within an hour,87.0,https://a0.muscache.com/pictures/miso/Hosting-1182007207513517695/original/b7f19bcd-fc04-4535-b21e-a649502ca620.jpeg,-1,-1
1181671862645090551,Élysée,,Entire rental unit,Entire home/apt,231,15,within an hour,100.0,https://a0.muscache.com/pictures/miso/Hosting-1181671862645090551/original/bc566a42-43e5-41e0-a2dd-1d7ee1b98793.jpeg,-1,-1
1181681435918341332,Élysée,,Room in hotel,Private room,257,11,within an hour,87.0,https://a0.muscache.com/pictures/miso/Hosting-1181681435918341332/original/e691e6cf-9b5d-4d1c-8d28-a492d8eba9c1.jpeg,-1,-1
1181688621566997808,Élysée,,Entire rental unit,Entire home/apt,355,24,within an hour,100.0,https://a0.muscache.com/pictures/miso/Hosting-1181688621566997808/original/980f54cd-291b-4024-8f1a-0a04c1f08621.jpeg,-1,-1
1181723140878430098,Élysée,,Entire rental unit,Entire home/apt,154,1,within a few hours,100.0,https://a0.muscache.com/pictures/hosting/Hosting-1181723140878430098/original/febac1cd-5d33-4908-a3a5-62783d6ab292.jpeg,-1,-1
1181746496721744429,Élysée,,Entire rental unit,Entire home/apt,363,370,within an hour,100.0,https://a0.muscache.com/pictures/prohost-api/Hosting-1181746496721744429/original/70e03cf3-e24d-4d76-8250-92d00b00c1c3.jpeg,-1,-1
1181747062544617670,Élysée,,Entire rental unit,Entire home/apt,363,370,within an hour,100.0,https://a0.muscache.com/pictures/prohost-api/Hosting-1181747062544617670/original/2f6da635-fbd9-472f-93ad-b375b123571e.jpeg,-1,-1
1183978066701548239,Élysée,,Entire rental unit,Entire home/apt,256,61,within an hour,100.0,https://a0.muscache.com/pictures/prohost-api/Hosting-1183978066701548239/original/30476048-9444-450c-9c2d-d88f691d823e.jpeg,-1,-1
1183163835381893863,Élysée,,Entire rental unit,Entire home/apt,50,1,within an hour,100.0,https://a0.muscache.com/pictures/hosting/Hosting-1183163835381893863/original/ae862aba-960f-4fd8-a830-7c30ee27dced.jpeg,-1,-1
1183296064264993386,Élysée,,Entire rental unit,Entire home/apt,294,13,within an hour,100.0,https://a0.muscache.com/pictures/prohost-api/Hosting-1183296064264993386/original/6933f2ee-cf0f-4920-85c0-ca11196d9212.jpeg,-1,-1
1185491268680060422,Élysée,,Entire rental unit,Entire home/apt,42,1,within a few hours,100.0,https://a0.muscache.com/pictures/miso/Hosting-1185491268680060422/original/d0270298-4709-454e-86f2-b52dd50864ef.jpeg,-1,-1
1183750167285629002,Élysée,,Entire rental unit,Entire home/apt,83,1,,,https://a0.muscache.com/pictures/miso/Hosting-1183750167285629002/original/e1c46e3c-ef47-4178-b142-38c7034d597d.jpeg,-1,-1
1186972688607734727,Élysée,,Entire rental unit,Entire home/apt,122,41,within an hour,99.0,https://a0.muscache.com/pictures/hosting/Hosting-U3RheVN1cHBseUxpc3Rpbmc6MTE4Njk3MjY4ODYwNzczNDcyNw%3D%3D/original/92ca13c4-537f-4f8f-ab94-412649cab6d5.jpeg,-1,-1
1186028522837251221,Élysée,,Entire rental unit,Entire home/apt,67,1,within an hour,100.0,https://a0.muscache.com/pictures/miso/Hosting-1186028522837251221/original/26f62dcd-50a7-4f0c-9e64-1d1e296785b7.jpeg,-1,-1
1186137475241805384,Élysée,,Entire rental unit,Entire home/apt,0,3,,,https://a0.muscache.com/pictures/hosting/Hosting-U3RheVN1cHBseUxpc3Rpbmc6MTE4NjEzNzQ3NTI0MTgwNTM4NA%3D%3D/original/89a9287c-1a5a-4598-9135-9977f41e97c6.jpeg,-1,-1
1186149679153389340,Élysée,,Entire rental unit,Entire home/apt,0,2,,,https://a0.muscache.com/pictures/miso/Hosting-1186149679153389340/original/133f7c5e-15e4-46f0-9189-e19234666905.png,-1,-1
1186159460053941651,Élysée,,Private room in rental unit,Private room,151,2,within an hour,100.0,https://a0.muscache.com/pictures/hosting/Hosting-U3RheVN1cHBseUxpc3Rpbmc6MTE4NjE1OTQ2MDA1Mzk0MTY1MQ%3D%3D/original/11bc9cdf-d293-452e-9081-29a95ac1b03e.jpeg,-1,-1
1189810922264881624,Élysée,,Entire rental unit,Entire home/apt,269,2,,,https://a0.muscache.com/pictures/c217bd6c-1e4f-4067-b5c8-8807ba361770.jpg,-1,-1
1189966223899208428,Élysée,,Entire rental unit,Entire home/apt,260,1,within a few hours,100.0,https://a0.muscache.com/pictures/miso/Hosting-1189966223899208428/original/1beb91bc-dfc7-402f-95ef-243bee5c0b2d.jpeg,-1,-1
1189012934929898828,Élysée,,Entire rental unit,Entire home/apt,329,8,within an hour,100.0,https://a0.muscache.com/pictures/prohost-api/Hosting-1189012934929898828/original/fe5e09fd-d6ec-44be-a2e0-80a6e1d6c1f1.jpeg,-1,-1
1191206592548883961,Élysée,,Entire condo,Entire home/apt,11,1,within an hour,100.0,https://a0.muscache.com/pictures/hosting/Hosting-1189232560119109080/original/9e3ae2bc-9dd6-43b3-8e19-3b3ce5613bdc.jpeg,-1,-1
1189030848336118646,Élysée,,Entire rental unit,Entire home/apt,0,1,,,https://a0.muscache.com/pictures/miso/Hosting-1189030848336118646/original/e42525ad-6c45-465f-81e4-c1d017c4cf13.jpeg,-1,-1
1189068918412925112,Élysée,,Entire rental unit,Entire home/apt,183,5,within an hour,100.0,https://a0.muscache.com/pictures/prohost-api/Hosting-1189068918412925112/original/a5f89302-64ce-40b6-b90f-4d20d3d5d6cb.jpeg,-1,-1
1189088529078816954,Élysée,,Private room in rental unit,Private room,319,1,,,https://a0.muscache.com/pictures/hosting/Hosting-1189088529078816954/original/cd845dae-8523-454e-a026-2a87f6706a5c.jpeg,-1,-1
1189092272925381446,Élysée,,Entire rental unit,Entire home/apt,0,13,within an hour,100.0,https://a0.muscache.com/pictures/prohost-api/Hosting-1189092272925381446/original/a517b383-6395-46c9-9120-8cb149353958.jpeg,-1,-1
1189097407274425924,Élysée,,Entire rental unit,Entire home/apt,133,7,within an hour,100.0,https://a0.muscache.com/pictures/miso/Hosting-1189097407274425924/original/f7c47a8b-a9df-40e7-819c-b83618ac3258.jpeg,-1,-1
1191324350983013220,Élysée,,Entire rental unit,Entire home/apt,0,1,within an hour,100.0,https://a0.muscache.com/pictures/miso/Hosting-1191324350983013220/original/d647f93e-667b-4d27-bcd7-47764fa569f6.jpeg,-1,-1
1190557124483110828,Élysée,,Entire rental unit,Entire home/apt,269,45,within an hour,94.0,https://a0.muscache.com/pictures/prohost-api/Hosting-1190557124483110828/original/31d3e4ba-954a-4aeb-8f51-083a295b5304.jpeg,-1,-1
1192481400982482298,Élysée,,Entire rental unit,Entire home/apt,341,25,within an hour,100.0,https://a0.muscache.com/pictures/prohost-api/Hosting-1192481400982482298/original/4e39bd92-880f-4f59-ba2d-d21e98092621.jpeg,-1,-1
1191827594571482418,Élysée,,Entire serviced apartment,Entire home/apt,312,7,within an hour,76.0,https://a0.muscache.com/pictures/hosting/Hosting-U3RheVN1cHBseUxpc3Rpbmc6MTE5MTgyNzU5NDU3MTQ4MjQxOA%3D%3D/original/c58d7507-84ea-4b89-8c3d-7c56245c4032.jpeg,-1,-1
1191837264498920432,Élysée,,Entire serviced apartment,Entire home/apt,320,7,within an hour,76.0,https://a0.muscache.com/pictures/hosting/Hosting-U3RheVN1cHBseUxpc3Rpbmc6MTE5MTgzNzI2NDQ5ODkyMDQzMg%3D%3D/original/7c0e1cf5-1626-4f8e-be54-8f81aca4c9b0.jpeg,-1,-1
1191839455278318860,Élysée,,Entire serviced apartment,Entire home/apt,307,7,within an hour,76.0,https://a0.muscache.com/pictures/hosting/Hosting-U3RheVN1cHBseUxpc3Rpbmc6MTE5MTgzOTQ1NTI3ODMxODg2MA%3D%3D/original/861f8c98-9d19-47c1-b129-6f46d6de7c7d.jpeg,-1,-1
1191842403091327554,Élysée,,Entire rental unit,Entire home/apt,280,13,within an hour,100.0,https://a0.muscache.com/pictures/prohost-api/Hosting-1191842403091327554/original/bab6fc56-2014-4a8b-992e-a8e8fa7f50b2.jpeg,-1,-1
1191865199840927963,Élysée,,Entire serviced apartment,Entire home/apt,288,7,within an hour,76.0,https://a0.muscache.com/pictures/hosting/Hosting-U3RheVN1cHBseUxpc3Rpbmc6MTE5MTg2NTE5OTg0MDkyNzk2Mw%3D%3D/original/b8ba0831-79c2-41a8-9674-f2e680268e39.jpeg,-1,-1
1191866151358382448,Élysée,,Entire serviced apartment,Entire home/apt,329,7,within an hour,76.0,https://a0.muscache.com/pictures/hosting/Hosting-U3RheVN1cHBseUxpc3Rpbmc6MTE5MTg2NjE1MTM1ODM4MjQ0OA%3D%3D/original/a08359f8-b9be-40fb-9d18-5228b9ef10b4.jpeg,-1,-1
1191867199358197548,Élysée,,Entire serviced apartment,Entire home/apt,299,7,within an hour,76.0,https://a0.muscache.com/pictures/hosting/Hosting-U3RheVN1cHBseUxpc3Rpbmc6MTE5MTg2NzE5OTM1ODE5NzU0OA%3D%3D/original/ae01c866-f47c-411b-b0e2-1f39c8d91fc0.jpeg,-1,-1
1191868813407079760,Élysée,,Entire serviced apartment,Entire home/apt,333,7,within an hour,76.0,https://a0.muscache.com/pictures/hosting/Hosting-U3RheVN1cHBseUxpc3Rpbmc6MTE5MTg2ODgxMzQwNzA3OTc2MA%3D%3D/original/09e45c86-9eb3-4a10-84a6-2cd1492b148a.jpeg,-1,-1
1192662764114359955,Élysée,,Entire rental unit,Entire home/apt,89,1,a few days or more,0.0,https://a0.muscache.com/pictures/hosting/Hosting-U3RheVN1cHBseUxpc3Rpbmc6MTE5MjY2Mjc2NDExNDM1OTk1NQ%3D%3D/original/156258b7-043c-4484-9195-ae2036e225a2.jpeg,-1,-1
1191940394460167368,Élysée,,Entire rental unit,Entire home/apt,0,1,,,https://a0.muscache.com/pictures/miso/Hosting-1191940394460167368/original/80678679-1e8d-44bc-9ca0-a4f404007fa4.jpeg,-1,-1
1192012180256121308,Élysée,,Entire rental unit,Entire home/apt,212,1,within a day,70.0,https://a0.muscache.com/pictures/miso/Hosting-1192012180256121308/original/09eb5185-ab4f-4857-a710-d470bc59ede0.jpeg,-1,-1
1192054702179910726,Élysée,,Entire rental unit,Entire home/apt,36,2,within an hour,100.0,https://a0.muscache.com/pictures/hosting/Hosting-1192054702179910726/original/78771844-20b9-4e27-8a47-7fb02596b5f4.png,-1,-1
1194123410253975883,Élysée,,Entire rental unit,Entire home/apt,159,1,a few days or more,25.0,https://a0.muscache.com/pictures/miso/Hosting-1194123410253975883/original/9969bdb0-4615-47ec-8657-4078fb47171e.jpeg,-1,-1
1194897509211917586,Élysée,,Entire rental unit,Entire home/apt,88,1,,,https://a0.muscache.com/pictures/hosting/Hosting-1194897509211917586/original/f8c7cefd-810d-4f1a-969f-5c26845328f7.jpeg,-1,-1
1196312406886238468,Élysée,,Entire rental unit,Entire home/apt,161,4,within a day,70.0,https://a0.muscache.com/pictures/miso/Hosting-1196312406886238468/original/ad92bacc-5608-4ffe-bd33-ee01242fdf3a.jpeg,-1,-1
1196413367608379788,Élysée,,Entire rental unit,Entire home/apt,89,1,within an hour,100.0,https://a0.muscache.com/pictures/miso/Hosting-1196413367608379788/original/8f4ce498-ede6-46bf-8014-5eb446cb8d20.jpeg,-1,-1
1196511128954583650,Élysée,,Entire rental unit,Entire home/apt,0,1,within a day,100.0,https://a0.muscache.com/pictures/hosting/Hosting-1196511128954583650/original/4777c150-300f-4524-ab0c-9adf8b0cdf23.jpeg,-1,-1
1197629893014618669,Élysée,,Entire rental unit,Entire home/apt,363,370,within an hour,100.0,https://a0.muscache.com/pictures/prohost-api/Hosting-1197629893014618669/original/895216a4-4481-4f83-895a-263f22c97c21.jpeg,-1,-1
1197658504727668493,Élysée,,Entire rental unit,Entire home/apt,306,184,within an hour,100.0,https://a0.muscache.com/pictures/prohost-api/Hosting-1197658504727668493/original/b0ac1c1d-4676-4026-b09b-bfac723f2fc7.jpeg,-1,-1
1197660494243319894,Élysée,,Entire rental unit,Entire home/apt,355,184,within an hour,100.0,https://a0.muscache.com/pictures/prohost-api/Hosting-1197660494243319894/original/6701ea9c-df04-4dc1-b8a9-2d1902f86e6a.jpeg,-1,-1
1195803737769257878,Élysée,,Entire rental unit,Entire home/apt,21,1,,,https://a0.muscache.com/pictures/hosting/Hosting-U3RheVN1cHBseUxpc3Rpbmc6MTE5NTgwMzczNzc2OTI1Nzg3OA==/original/e2a13dcc-657a-4c36-a507-25daf3e0401a.jpeg,-1,-1
1197733181127884237,Élysée,,Entire rental unit,Entire home/apt,316,2,within an hour,100.0,https://a0.muscache.com/pictures/miso/Hosting-1197733181127884237/original/46c1837f-02df-4a7b-a431-1f5f9def73d5.jpeg,-1,-1
1197781632375371990,Élysée,,Entire rental unit,Entire home/apt,269,12,within a few hours,100.0,https://a0.muscache.com/pictures/hosting/Hosting-U3RheVN1cHBseUxpc3Rpbmc6MTE5Nzc4MTYzMjM3NTM3MTk5MA%3D%3D/original/2b929612-8a2c-445e-bf7b-fcb05bf7f0da.jpeg,-1,-1
1197164144359621856,Élysée,,Entire rental unit,Entire home/apt,67,1,within a few hours,100.0,https://a0.muscache.com/pictures/hosting/Hosting-1197164144359621856/original/030154c5-03cb-448f-9753-e63c1520d260.jpeg,-1,-1
1198480838162018998,Élysée,,Entire rental unit,Entire home/apt,7,1,within a few hours,100.0,https://a0.muscache.com/pictures/miso/Hosting-1198480838162018998/original/372c6fd6-6916-461e-b745-ed70a5a86c83.jpeg,-1,-1
1197564683645875740,Élysée,,Entire rental unit,Entire home/apt,347,73,,,https://a0.muscache.com/pictures/miso/Hosting-1197564683645875740/original/c31708ff-0a66-48bc-acc8-0abdb0568030.jpeg,-1,-1
1198325972550931259,Élysée,,Entire rental unit,Entire home/apt,310,29,within an hour,100.0,https://a0.muscache.com/pictures/hosting/Hosting-U3RheVN1cHBseUxpc3Rpbmc6MTE5ODMyNTk3MjU1MDkzMTI1OQ%3D%3D/original/b07ef82e-d928-41d9-b7bd-99a88da2ce5a.jpeg,-1,-1
1198580043613160135,Élysée,,Entire rental unit,Entire home/apt,179,1,within an hour,80.0,https://a0.muscache.com/pictures/hosting/Hosting-1198580043613160135/original/82d461ce-64bb-44a2-ac24-b74dcb470e79.jpeg,-1,-1
1198328416551211059,Élysée,,Entire rental unit,Entire home/apt,0,1,,,https://a0.muscache.com/pictures/hosting/Hosting-1198328416551211059/original/8d7d43c0-23f6-4ada-9f0f-20157d06d416.jpeg,-1,-1
1198962351991290656,Élysée,,Entire rental unit,Entire home/apt,235,8,within an hour,100.0,https://a0.muscache.com/pictures/prohost-api/Hosting-1198962351991290656/original/61960fca-8b7a-428a-a0e8-94c99b754ecd.jpeg,-1,-1
1201353198181858244,Élysée,,Entire rental unit,Entire home/apt,180,191,within an hour,99.0,https://a0.muscache.com/pictures/miso/Hosting-1201353198181858244/original/63dea2fc-8794-4651-a460-27d34f92fb0c.jpeg,-1,-1
1199133538304934546,Élysée,,Entire rental unit,Entire home/apt,365,1,within a day,100.0,https://a0.muscache.com/pictures/hosting/Hosting-U3RheVN1cHBseUxpc3Rpbmc6MTE5OTEzMzUzODMwNDkzNDU0Ng%3D%3D/original/ed18ddc1-fca7-46be-8817-482a40bb072d.png,-1,-1
1201431625032059189,Élysée,,Entire rental unit,Entire home/apt,26,46,within an hour,100.0,https://a0.muscache.com/pictures/hosting/Hosting-1201431625032059189/original/84781066-d134-4ace-b2f2-34de9e60a689.jpeg,-1,-1
1199242381451339573,Élysée,,Entire rental unit,Entire home/apt,360,2,within an hour,100.0,https://a0.muscache.com/pictures/prohost-api/Hosting-1199242381451339573/original/19d9c80b-4000-4e3a-960c-803adbe38993.jpeg,-1,-1
1201979665075299779,Élysée,,Entire rental unit,Entire home/apt,145,130,within a day,58.0,https://a0.muscache.com/pictures/miso/Hosting-1201979665075299779/original/21263c3d-7fed-4a83-be7c-9120a0654ddb.jpeg,-1,-1
1199815885531003671,Élysée,,Entire rental unit,Entire home/apt,333,2,within a few hours,100.0,https://a0.muscache.com/pictures/hosting/Hosting-1199815885531003671/original/5e2ed674-9ffd-4bab-99d0-0dfb60549480.jpeg,-1,-1
1203148569483543431,Élysée,,Entire rental unit,Entire home/apt,269,1,,,https://a0.muscache.com/pictures/hosting/Hosting-1203148569483543431/original/c3ea78f1-77ee-4998-a615-43f33f452024.png,-1,-1
1203274716087341598,Élysée,,Entire rental unit,Entire home/apt,203,1,within an hour,100.0,https://a0.muscache.com/pictures/hosting/Hosting-1203274716087341598/original/c784c244-bb79-4f7c-9655-4d8c0c4ed798.jpeg,-1,-1
1203556451261518953,Élysée,,Room in hotel,Private room,81,4,within an hour,100.0,https://a0.muscache.com/pictures/prohost-api/Hosting-1203556451261518953/original/87ab08c0-5035-4f99-9cd1-117539fc32f8.jpeg,-1,-1
1203556451362485637,Élysée,,Room in hotel,Private room,109,4,within an hour,100.0,https://a0.muscache.com/pictures/prohost-api/Hosting-1203556451362485637/original/871457cb-d340-4edb-861d-52e6a29c081a.jpeg,-1,-1
1203556534021861262,Élysée,,Room in hotel,Private room,98,4,within an hour,100.0,https://a0.muscache.com/pictures/prohost-api/Hosting-1203556534021861262/original/1068f8cb-041f-43ef-b18f-320d868742fe.jpeg,-1,-1
1203556614707701012,Élysée,,Room in hotel,Private room,104,4,within an hour,100.0,https://a0.muscache.com/pictures/prohost-api/Hosting-1203556614707701012/original/c7378dd9-06b1-46ae-b5ea-99382aa74d88.jpeg,-1,-1
1202660063470694097,Élysée,,Entire rental unit,Entire home/apt,0,1,,,https://a0.muscache.com/pictures/prohost-api/Hosting-1202660063470694097/original/8566c13e-642d-418d-b2d7-42b5fd1a1210.jpeg,-1,-1
1203566925431012739,Élysée,,Entire rental unit,Entire home/apt,267,144,within an hour,99.0,https://a0.muscache.com/pictures/prohost-api/Hosting-1203566925431012739/original/73253afd-31c2-4819-9280-f76d34e653f2.jpeg,-1,-1
1202680721898834851,Élysée,,Entire rental unit,Entire home/apt,6,1,within an hour,100.0,https://a0.muscache.com/pictures/hosting/Hosting-1202680721898834851/original/8e086e3f-1b36-41f3-b0c4-738a0e518e45.jpeg,-1,-1
1202707209502764021,Élysée,,Entire rental unit,Entire home/apt,0,50,within an hour,99.0,https://a0.muscache.com/pictures/prohost-api/Hosting-1202707209502764021/original/c511234d-fbee-4950-9f6f-79364399c1bb.jpeg,-1,-1
1204954367503352761,Élysée,,Entire rental unit,Entire home/apt,167,1,within a few hours,100.0,https://a0.muscache.com/pictures/hosting/Hosting-1204954367503352761/original/0feeaecc-fa3a-4664-91b6-88388217ee18.jpeg,-1,-1
1202805309106309290,Élysée,,Entire rental unit,Entire home/apt,351,2,within an hour,90.0,https://a0.muscache.com/pictures/prohost-api/Hosting-1202805309106309290/original/c0ec86c3-c049-492d-a6d4-40ace103924d.jpeg,-1,-1
1202808525101889795,Élysée,,Entire rental unit,Entire home/apt,281,12,a few days or more,17.0,https://a0.muscache.com/pictures/hosting/Hosting-1202808525101889795/original/4a9fdd09-db3b-48a6-981f-52490ebf4754.jpeg,-1,-1
1206024203293892908,Élysée,,Entire rental unit,Entire home/apt,64,5,within an hour,100.0,https://a0.muscache.com/pictures/miso/Hosting-1206024203293892908/original/4f7eccd2-2ee0-4309-838d-cc574b7ec71b.jpeg,-1,-1
1206397974269915554,Élysée,,Entire rental unit,Entire home/apt,326,31,within an hour,99.0,https://a0.muscache.com/pictures/miso/Hosting-1206397974269915554/original/56d57951-1a79-489c-9c21-4660b6e6d06c.jpeg,-1,-1
1206413735583567185,Élysée,,Room in hotel,Private room,97,4,within an hour,100.0,https://a0.muscache.com/pictures/prohost-api/Hosting-1206413735583567185/original/de284b55-64e0-41db-ae3f-ea72b7e6c2b3.jpeg,-1,-1
1206413735605460526,Élysée,,Room in hotel,Private room,99,4,within an hour,100.0,https://a0.muscache.com/pictures/prohost-api/Hosting-1206413735605460526/original/16cc81b7-6aaa-486d-bdab-3319f5daa8f1.jpeg,-1,-1
1206413823448108974,Élysée,,Room in hotel,Private room,101,4,within an hour,100.0,https://a0.muscache.com/pictures/prohost-api/Hosting-1206413823448108974/original/7e7ca481-6271-4320-8665-995f17056b26.jpeg,-1,-1
1206413831688589958,Élysée,,Room in hotel,Private room,99,4,within an hour,100.0,https://a0.muscache.com/pictures/prohost-api/Hosting-1206413831688589958/original/6b9910b0-3cae-4077-8a7d-8903304fc1ef.jpeg,-1,-1
1207202458741125583,Élysée,,Entire rental unit,Entire home/apt,365,2,within an hour,100.0,https://a0.muscache.com/pictures/hosting/Hosting-1207202458741125583/original/03926406-8507-4b6b-a688-8f5bc36740b4.jpeg,-1,-1
1206638076342973846,Élysée,,Entire rental unit,Entire home/apt,360,6,,,https://a0.muscache.com/pictures/hosting/Hosting-U3RheVN1cHBseUxpc3Rpbmc6MTIwNjYzODA3NjM0Mjk3Mzg0Ng%3D%3D/original/97ae0977-bb5e-437e-833f-127e1786f682.jpeg,-1,-1
1206692335050014758,Élysée,,Entire rental unit,Entire home/apt,90,1,within an hour,100.0,https://a0.muscache.com/pictures/miso/Hosting-1206692335050014758/original/cd1de88b-07c2-4a12-b772-64a35ed2807f.jpeg,-1,-1
1209355220535933410,Élysée,,Entire rental unit,Entire home/apt,338,24,within an hour,100.0,https://a0.muscache.com/pictures/hosting/Hosting-U3RheVN1cHBseUxpc3Rpbmc6MTIwOTM1NTIyMDUzNTkzMzQxMA%3D%3D/original/921704ca-27fc-4d03-a215-52a3c1951df1.jpeg,-1,-1
1209437238194693017,Élysée,,Entire rental unit,Entire home/apt,0,1,,,https://a0.muscache.com/pictures/miso/Hosting-1209437238194693017/original/8d235f94-93da-49d1-9ddf-f3877dd2c845.jpeg,-1,-1
1207977018475391496,Élysée,,Entire rental unit,Entire home/apt,354,1,within a day,67.0,https://a0.muscache.com/pictures/hosting/Hosting-1207977018475391496/original/0d2a582a-d6be-4156-9210-bc9cbad213bb.jpeg,-1,-1
1208146302530135927,Élysée,,Entire rental unit,Entire home/apt,353,1,within an hour,100.0,https://a0.muscache.com/pictures/miso/Hosting-1208146302530135927/original/714b6a73-c975-41f3-86f7-0c4357480694.jpeg,-1,-1
1210175582776054195,Élysée,,Entire rental unit,Entire home/apt,163,2,within a day,100.0,https://a0.muscache.com/pictures/hosting/Hosting-1210175582776054195/original/71537758-de4c-46ab-bf69-02c4b9824f4b.jpeg,-1,-1
1210616606459067476,Élysée,,Entire rental unit,Entire home/apt,284,25,within an hour,98.0,https://a0.muscache.com/pictures/prohost-api/Hosting-1210616606459067476/original/ddcf2bf1-3a1a-4e0c-ad19-c42a63136342.jpeg,-1,-1
1208529383772253333,Élysée,,Entire rental unit,Entire home/apt,0,1,within a few hours,100.0,https://a0.muscache.com/pictures/miso/Hosting-1208529383772253333/original/86d122cb-229c-4fa6-b904-186b8fac7f7e.jpeg,-1,-1
1210656782618222204,Élysée,,Entire rental unit,Entire home/apt,365,6,,,https://a0.muscache.com/pictures/hosting/Hosting-1210656782618222204/original/0ced3ea9-4b12-47e6-adc9-0850ef79efa6.jpeg,-1,-1
1212419601383788603,Élysée,,Entire rental unit,Entire home/apt,321,1,within a few hours,100.0,https://a0.muscache.com/pictures/miso/Hosting-1212419601383788603/original/5d73dc86-13c2-4d28-a664-782f999eb48e.png,-1,-1
1212812311428339854,Élysée,,Entire rental unit,Entire home/apt,107,1,a few days or more,0.0,https://a0.muscache.com/pictures/hosting/Hosting-1212812311428339854/original/5b262f14-484d-423e-ac77-c52edf598351.jpeg,-1,-1
1213566108306222036,Élysée,,Entire rental unit,Entire home/apt,4,42,within an hour,99.0,https://a0.muscache.com/pictures/hosting/Hosting-U3RheVN1cHBseUxpc3Rpbmc6MTIxMzU2NjEwODMwNjIyMjAzNg%3D%3D/original/8bd75b78-ccf3-4579-85b8-1d2c1618e33f.jpeg,-1,-1
1213602649766344986,Élysée,,Private room in rental unit,Private room,0,1,,,https://a0.muscache.com/pictures/miso/Hosting-1213602649766344986/original/43ea3e31-7c7d-4f9f-83d9-7bdd3361a488.jpeg,-1,-1
1216553005219659669,Élysée,,Entire rental unit,Entire home/apt,335,31,within an hour,99.0,https://a0.muscache.com/pictures/hosting/Hosting-U3RheVN1cHBseUxpc3Rpbmc6MTIxNjU1MzAwNTIxOTY1OTY2OQ%3D%3D/original/800e9175-efb9-48d2-a005-79d368e42f1b.jpeg,-1,-1
1216586462507266225,Élysée,,Entire rental unit,Entire home/apt,311,102,within a day,53.0,https://a0.muscache.com/pictures/miso/Hosting-1216586462507266225/original/eca52613-b0b3-42c5-b016-3e9ec8d67971.jpeg,-1,-1
1216447569069156519,Élysée,,Private room in rental unit,Private room,237,1,within an hour,100.0,https://a0.muscache.com/pictures/miso/Hosting-1216447569069156519/original/a2808aaf-8d29-4495-87b1-7a8f916ab825.jpeg,-1,-1
1216499066763409379,Élysée,,Entire rental unit,Entire home/apt,329,121,within an hour,100.0,https://a0.muscache.com/pictures/hosting/Hosting-U3RheVN1cHBseUxpc3Rpbmc6MTIxNjQ5OTA2Njc2MzQwOTM3OQ==/original/07d03e29-b358-42a1-b6be-e24f7ac96a74.jpeg,-1,-1
1218195685735544107,Élysée,,Entire rental unit,Entire home/apt,318,1,within a few hours,90.0,https://a0.muscache.com/pictures/miso/Hosting-1218195685735544107/original/c39ead11-54ac-482a-b69b-d0b36c45f3f1.jpeg,-1,-1
1218611712280497443,Élysée,,Entire rental unit,Entire home/apt,330,184,within an hour,100.0,https://a0.muscache.com/pictures/prohost-api/Hosting-1218611712280497443/original/ca389200-4c39-49ff-a17f-293d549447a2.jpeg,-1,-1
1217317108900793213,Élysée,,Entire rental unit,Entire home/apt,0,1,within an hour,100.0,https://a0.muscache.com/pictures/prohost-api/Hosting-1217317108900793213/original/784664de-078c-48f3-a8de-b1650353cafa.jpeg,-1,-1
1221690518617966640,Élysée,,Entire rental unit,Entire home/apt,0,7,within an hour,100.0,https://a0.muscache.com/pictures/hosting/Hosting-U3RheVN1cHBseUxpc3Rpbmc6MTIyMTY5MDUxODYxNzk2NjY0MA%3D%3D/original/ad7e911e-9af3-4506-b577-85b5c18935cb.jpeg,-1,-1
1219507101253411244,Élysée,,Entire rental unit,Entire home/apt,274,1,within a day,79.0,https://a0.muscache.com/pictures/hosting/Hosting-U3RheVN1cHBseUxpc3Rpbmc6MTIxOTUwNzEwMTI1MzQxMTI0NA%3D%3D/original/c931ab8a-8bad-4749-be23-786ab76932dd.jpeg,-1,-1
1222408674071237530,Élysée,,Entire rental unit,Entire home/apt,317,137,within an hour,100.0,https://a0.muscache.com/pictures/prohost-api/Hosting-1222408674071237530/original/e65127d3-5b81-401b-842a-4d1b16fa0e82.jpeg,-1,-1
1222608624087395360,Élysée,,Entire rental unit,Entire home/apt,58,7,within an hour,100.0,https://a0.muscache.com/pictures/hosting/Hosting-1222608624087395360/original/3dbe9243-9fd3-4d55-b3c0-d4ded6c80d92.jpeg,-1,-1
1224381653838884820,Élysée,,Entire rental unit,Entire home/apt,0,6,,,https://a0.muscache.com/pictures/prohost-api/Hosting-1224381653838884820/original/74bf20cf-f62d-4883-a110-06984496e802.jpeg,-1,-1
1219665793956425747,Élysée,,Entire guest suite,Entire home/apt,90,1,,,https://a0.muscache.com/pictures/miso/Hosting-1219665793956425747/original/66cf06f1-0561-4302-a4d7-ad33700e3d26.jpeg,-1,-1
1221458000123176387,Élysée,,Entire rental unit,Entire home/apt,273,45,within an hour,100.0,https://a0.muscache.com/pictures/prohost-api/Hosting-1221458000123176387/original/3f4c6a6c-b859-4a7b-b52a-1ce3f4e071c2.jpeg,-1,-1
1228035353415479562,Élysée,,Entire rental unit,Entire home/apt,4,2,within a few hours,80.0,https://a0.muscache.com/pictures/prohost-api/Hosting-1228035353415479562/original/fa0064e9-933e-4584-b7a3-16937a7686b4.jpeg,-1,-1
1228035525860398543,Élysée,,Entire rental unit,Entire home/apt,0,2,within a few hours,80.0,https://a0.muscache.com/pictures/prohost-api/Hosting-1228035525860398543/original/733dcd25-8a7a-442c-ac04-f958b70b76e6.jpeg,-1,-1
1228068090962171923,Élysée,,Entire rental unit,Entire home/apt,311,13,within an hour,99.0,https://a0.muscache.com/pictures/hosting/Hosting-U3RheVN1cHBseUxpc3Rpbmc6MTIyODA2ODA5MDk2MjE3MTkyMw==/original/851a9dbc-a95b-489d-a929-d57c9fa61b75.jpeg,-1,-1
1228068092610141610,Élysée,,Entire rental unit,Entire home/apt,320,13,within an hour,99.0,https://a0.muscache.com/pictures/hosting/Hosting-U3RheVN1cHBseUxpc3Rpbmc6MTIyODA2ODA5MjYxMDE0MTYxMA==/original/7da513ee-a539-4b45-b473-cc8320ed4449.jpeg,-1,-1
1226110903991790480,Élysée,,Entire rental unit,Entire home/apt,359,1,within an hour,100.0,https://a0.muscache.com/pictures/hosting/Hosting-1226110903991790480/original/687f4c16-454b-451b-83bf-3e7d5d0f6971.jpeg,-1,-1
1228166893593683193,Élysée,,Entire rental unit,Entire home/apt,0,18,within an hour,100.0,https://a0.muscache.com/pictures/hosting/Hosting-U3RheVN1cHBseUxpc3Rpbmc6MTIyODE2Njg5MzU5MzY4MzE5Mw%3D%3D/original/8fb94720-5c7d-4b5b-9d55-3827c6b73361.jpeg,-1,-1
1226570415130132930,Élysée,,Entire rental unit,Entire home/apt,364,1,,,https://a0.muscache.com/pictures/hosting/Hosting-1226570415130132930/original/1cc624f3-2b48-4956-9c94-227a9c53c609.png,-1,-1
1231645074683841292,Élysée,,Entire rental unit,Entire home/apt,0,28,within an hour,100.0,https://a0.muscache.com/pictures/miso/Hosting-1231645074683841292/original/b4ead6a3-c145-4e33-b80e-2f105a7ac89e.jpeg,-1,-1
1231660335220819644,Élysée,,Entire rental unit,Entire home/apt,357,137,within an hour,100.0,https://a0.muscache.com/pictures/prohost-api/Hosting-1231660335220819644/original/c928d79d-2d8c-44a0-aced-4b4c61fb7987.jpeg,-1,-1
1231856712815715519,Élysée,,Entire rental unit,Entire home/apt,341,44,within an hour,100.0,https://a0.muscache.com/pictures/miso/Hosting-1231856712815715519/original/1bef0163-f95c-43d8-8091-239c8ac8d7d4.jpeg,-1,-1
1232378640060820213,Élysée,,Entire rental unit,Entire home/apt,365,1,within a day,100.0,https://a0.muscache.com/pictures/miso/Hosting-1232378640060820213/original/c690f118-cec8-4971-9c2a-31651a247c3e.jpeg,-1,-1
1233898065532719520,Élysée,,Entire rental unit,Entire home/apt,11,2,within an hour,100.0,https://a0.muscache.com/pictures/miso/Hosting-1161332227608554806/original/28a9eb39-1ddf-485f-8a00-939928d95804.jpeg,-1,-1
1233990548423109276,Élysée,,Private room in rental unit,Private room,358,1,within an hour,100.0,https://a0.muscache.com/pictures/miso/Hosting-1233990548423109276/original/d3aabdef-28b3-437d-a887-62587d4176c7.jpeg,-1,-1
1234337601603909178,Élysée,,Entire rental unit,Entire home/apt,75,8,within an hour,100.0,https://a0.muscache.com/pictures/miso/Hosting-1136979693040155976/original/a53c82b3-9edb-492e-b987-fb3da1962dd1.jpeg,-1,-1
1230235965143493249,Élysée,,Private room in rental unit,Private room,1,1,within a few hours,100.0,https://a0.muscache.com/pictures/hosting/Hosting-1230235965143493249/original/54b557c9-9520-4624-b728-5ca049f3c67c.jpeg,-1,-1
1233084702003245118,Élysée,,Entire rental unit,Entire home/apt,301,1,within a day,70.0,https://a0.muscache.com/pictures/miso/Hosting-1233084702003245118/original/67624747-2a83-4513-80ed-2cb302d337fa.jpeg,-1,-1
1233094880100767128,Élysée,,Entire rental unit,Entire home/apt,319,1,within a day,60.0,https://a0.muscache.com/pictures/miso/Hosting-1233094880100767128/original/22546fb1-9fa6-4fd2-84ca-a4a557bcef8f.jpeg,-1,-1
1235412004589098804,Élysée,,Entire rental unit,Entire home/apt,157,1,within an hour,100.0,https://a0.muscache.com/pictures/miso/Hosting-1235412004589098804/original/9b6766bc-6943-4724-86c6-d0b0dbb063df.jpeg,-1,-1
1233828538872124300,Élysée,,Entire rental unit,Entire home/apt,346,184,within an hour,100.0,https://a0.muscache.com/pictures/prohost-api/Hosting-1233828538872124300/original/0fdac7c2-f7ca-4828-a30b-7fd33c5a0566.jpeg,-1,-1
1233834382413577117,Élysée,,Entire rental unit,Entire home/apt,329,184,within an hour,100.0,https://a0.muscache.com/pictures/prohost-api/Hosting-1233834382413577117/original/a10fa19b-78ca-400b-8083-d6ef1714605a.jpeg,-1,-1
1238449940197872326,Élysée,,Entire rental unit,Entire home/apt,341,1,within an hour,100.0,https://a0.muscache.com/pictures/miso/Hosting-1231856712815715519/original/1bef0163-f95c-43d8-8091-239c8ac8d7d4.jpeg,-1,-1
1235939050724103300,Élysée,,Entire rental unit,Entire home/apt,335,25,within an hour,100.0,https://a0.muscache.com/pictures/prohost-api/Hosting-1235939050724103300/original/be4a3686-8da8-4a71-aadb-d4d199cae41b.jpeg,-1,-1
1238921131643763517,Élysée,,Private room in rental unit,Private room,324,4,within an hour,100.0,https://a0.muscache.com/pictures/miso/Hosting-922188021148815743/original/ea7e646b-af6b-44c6-8aae-138e9a0f4bb2.jpeg,-1,-1
1241881037104140215,Élysée,,Entire rental unit,Entire home/apt,0,57,within an hour,99.0,https://a0.muscache.com/pictures/miso/Hosting-1241881037104140215/original/e91c1491-2cc4-4a80-bbad-58c687e8615d.jpeg,-1,-1
1236835839918623113,Élysée,,Entire rental unit,Entire home/apt,333,13,within an hour,99.0,https://a0.muscache.com/pictures/hosting/Hosting-U3RheVN1cHBseUxpc3Rpbmc6MTIzNjgzNTgzOTkxODYyMzExMw==/original/bfcbbc65-5e8f-411c-84b1-8d4a91935d5d.jpeg,-1,-1
1239005135068135841,Élysée,,Entire rental unit,Entire home/apt,355,21,within an hour,99.0,https://a0.muscache.com/pictures/prohost-api/Hosting-1239005135068135841/original/00b1119b-11e4-441d-9168-4c3030a28357.jpeg,-1,-1
1241963243927133366,Élysée,,Entire rental unit,Entire home/apt,316,10,within a few hours,98.0,https://a0.muscache.com/pictures/hosting/Hosting-U3RheVN1cHBseUxpc3Rpbmc6MTI0MTk2MzI0MzkyNzEzMzM2Ng%3D%3D/original/67cc736f-c8d0-4990-bc80-87a0dd353c82.jpeg,-1,-1
1239596326622114300,Élysée,,Entire rental unit,Entire home/apt,128,2,within a few hours,100.0,https://a0.muscache.com/pictures/hosting/Hosting-1239596326622114300/original/5f97c1fb-c025-444f-a086-cc2b1b7b4409.jpeg,-1,-1
1242554745066883852,Élysée,,Entire rental unit,Entire home/apt,0,137,within an hour,100.0,https://a0.muscache.com/pictures/prohost-api/Hosting-1242554745066883852/original/e42cf4cb-624b-4cdc-83ae-f7001a23615c.jpeg,-1,-1
1240668220235233365,Élysée,,Entire rental unit,Entire home/apt,193,7,within an hour,100.0,https://a0.muscache.com/pictures/hosting/Hosting-U3RheVN1cHBseUxpc3Rpbmc6MTI0MDY2ODIyMDIzNTIzMzM2NQ==/original/28f2cbea-fa50-4847-858f-9d0dec6aa0e1.jpeg,-1,-1
1244000113039277040,Élysée,,Entire rental unit,Entire home/apt,75,816,within a day,87.0,https://a0.muscache.com/pictures/prohost-api/Hosting-1244000113039277040/original/480a04a9-a732-4f34-ad9f-fbfb01b5d7c4.jpeg,-1,-1
1245470669322309055,Élysée,,Entire rental unit,Entire home/apt,309,3,within an hour,100.0,https://a0.muscache.com/pictures/prohost-api/Hosting-1245470669322309055/original/ce70493c-47c6-4eb9-999f-b59a761c9e23.jpeg,-1,-1
1244007677455498366,Élysée,,Entire rental unit,Entire home/apt,208,816,within a day,87.0,https://a0.muscache.com/pictures/prohost-api/Hosting-1244007677455498366/original/fe3aa4be-7c82-4223-ab68-52eccab097f8.jpeg,-1,-1
1245533428748324952,Élysée,,Entire rental unit,Entire home/apt,0,2,within a day,100.0,https://a0.muscache.com/pictures/hosting/Hosting-1245533428748324952/original/adfe32a9-f383-4f39-9ecc-f97db2f86817.jpeg,-1,-1
1245552332686988799,Élysée,,Entire rental unit,Entire home/apt,345,5,within an hour,96.0,https://a0.muscache.com/pictures/hosting/Hosting-1245552332686988799/original/a2e71ce3-026a-4f2e-b78a-f20b107dbf50.png,-1,-1
1244207848763794271,Élysée,,Entire rental unit,Entire home/apt,24,48,within an hour,98.0,https://a0.muscache.com/pictures/miso/Hosting-1244207848763794271/original/c36ba003-a9d8-4cd8-9b20-0c521a9a667a.jpeg,-1,-1
1244726299650710852,Élysée,,Entire rental unit,Entire home/apt,0,1,within an hour,100.0,https://a0.muscache.com/pictures/miso/Hosting-1244726299650710852/original/44f2da3f-c5a7-45ef-b0a3-b47f0e4bf7ea.jpeg,-1,-1
1246561488709565230,Élysée,,Entire rental unit,Entire home/apt,361,1,within an hour,100.0,https://a0.muscache.com/pictures/hosting/Hosting-1246561488709565230/original/cc5e545b-fcc9-4e80-9659-e01b092a2710.jpeg,-1,-1
1246620033981570351,Élysée,,Entire rental unit,Entire home/apt,329,12,within a few hours,100.0,https://a0.muscache.com/pictures/miso/Hosting-1196911961967139031/original/3033b394-9004-4341-bd57-250172dac3e5.jpeg,-1,-1
1250073842674457206,Élysée,,Entire rental unit,Entire home/apt,332,5,within an hour,96.0,https://a0.muscache.com/pictures/hosting/Hosting-1250073842674457206/original/05030bc1-b51f-4831-8676-c147dd55db92.jpeg,-1,-1
1248486560864466964,Élysée,,Entire rental unit,Entire home/apt,191,6,within an hour,100.0,https://a0.muscache.com/pictures/miso/Hosting-1248486560864466964/original/138172e5-f788-43a3-8b6b-4bdf62653d89.jpeg,-1,-1
1248521657577828228,Élysée,,Entire rental unit,Entire home/apt,296,19,within an hour,98.0,https://a0.muscache.com/pictures/hosting/Hosting-1248521657577828228/original/993f257c-b96e-4fae-b020-6e96c0e950e8.jpeg,-1,-1
1247586160737996294,Élysée,,Entire rental unit,Entire home/apt,20,18,within an hour,100.0,https://a0.muscache.com/pictures/hosting/Hosting-1247586160737996294/original/21c124fd-17b4-4dd4-9655-60417a4b9f67.jpeg,-1,-1
1247622156039463956,Élysée,,Entire rental unit,Entire home/apt,309,1,within an hour,100.0,https://a0.muscache.com/pictures/miso/Hosting-1247622156039463956/original/471e61d5-175f-4eff-b251-8515cab2d48c.jpeg,-1,-1
1247689884359406059,Élysée,,Private room in rental unit,Private room,343,1,a few days or more,38.0,https://a0.muscache.com/pictures/hosting/Hosting-1247689884359406059/original/464beb93-3f22-440b-9efc-f70f6874cb49.jpeg,-1,-1
1249107313120302439,Élysée,,Entire rental unit,Entire home/apt,331,8,within an hour,100.0,https://a0.muscache.com/pictures/hosting/Hosting-U3RheVN1cHBseUxpc3Rpbmc6MTI0OTEwNzMxMzEyMDMwMjQzOQ%3D%3D/original/e5c3affb-14ec-48eb-84d7-fe8d3b38cb22.jpeg,-1,-1
1249211110430434950,Élysée,,Entire rental unit,Entire home/apt,300,11,within an hour,99.0,https://a0.muscache.com/pictures/miso/Hosting-1249211110430434950/original/7f15862f-85c5-4649-857c-277bc263bbe4.jpeg,-1,-1
1249766156839419453,Élysée,,Entire rental unit,Entire home/apt,321,1,within a day,100.0,https://a0.muscache.com/pictures/hosting/Hosting-U3RheVN1cHBseUxpc3Rpbmc6MTI0OTc2NjE1NjgzOTQxOTQ1Mw==/original/3860c282-4913-4604-b291-03e8baa08855.jpeg,-1,-1
1254060483817840472,Élysée,,Entire rental unit,Entire home/apt,358,25,within an hour,100.0,https://a0.muscache.com/pictures/prohost-api/Hosting-1254060483817840472/original/d79906c4-f5c6-4d6a-8654-69b66e5dabed.jpeg,-1,-1
1256365249098910363,Élysée,,Entire rental unit,Entire home/apt,0,1,,,https://a0.muscache.com/pictures/hosting/Hosting-1256365249098910363/original/25fcf4b8-bab0-458c-91dc-5329e3cb26ca.jpeg,-1,-1
1252162775696675026,Élysée,,Entire rental unit,Entire home/apt,320,13,within an hour,99.0,https://a0.muscache.com/pictures/hosting/Hosting-U3RheVN1cHBseUxpc3Rpbmc6MTI1MjE2Mjc3NTY5NjY3NTAyNg==/original/e5980b63-e9ee-4894-b26a-e53c9cd47071.jpeg,-1,-1
1254925047411897005,Élysée,,Entire rental unit,Entire home/apt,341,13,within an hour,99.0,https://a0.muscache.com/pictures/hosting/Hosting-U3RheVN1cHBseUxpc3Rpbmc6MTI1NDkyNTA0NzQxMTg5NzAwNQ==/original/634a0417-a704-4649-a119-7844ed5d710f.jpeg,-1,-1
1254925049189075487,Élysée,,Entire rental unit,Entire home/apt,304,13,within an hour,99.0,https://a0.muscache.com/pictures/hosting/Hosting-U3RheVN1cHBseUxpc3Rpbmc6MTI1NDkyNTA0OTE4OTA3NTQ4Nw==/original/8680a46d-32b7-4a01-a788-050245b87697.jpeg,-1,-1
1254925056440134640,Élysée,,Entire rental unit,Entire home/apt,321,13,within an hour,99.0,https://a0.muscache.com/pictures/hosting/Hosting-U3RheVN1cHBseUxpc3Rpbmc6MTI1NDkyNTA1NjQ0MDEzNDY0MA==/original/87ad9bbb-ed30-49c5-9598-bd9c4e82a1d9.jpeg,-1,-1
1252781379309868238,Élysée,,Private room in rental unit,Private room,140,2,within a few hours,88.0,https://a0.muscache.com/pictures/hosting/Hosting-1252781379309868238/original/f2b27887-1f77-4ec8-bdf2-d6612167f71c.jpeg,-1,-1
1256784512920329869,Élysée,,Private room in rental unit,Private room,55,2,,,https://a0.muscache.com/pictures/airflow/Hosting-1256784512920329869/original/b63428bf-9aae-41e3-b078-40940eab57f4.jpg,-1,-1
1254925064752703033,Élysée,,Entire rental unit,Entire home/apt,315,13,within an hour,99.0,https://a0.muscache.com/pictures/hosting/Hosting-U3RheVN1cHBseUxpc3Rpbmc6MTI1NDkyNTA2NDc1MjcwMzAzMw==/original/13526a95-9d78-4d75-9a8d-9e4aec430bb3.jpeg,-1,-1
1257004738522230204,Élysée,,Entire rental unit,Entire home/apt,340,17,within an hour,100.0,https://a0.muscache.com/pictures/prohost-api/Hosting-1257004738522230204/original/c4b6db47-d7fc-4b9c-9e6f-84682c84436b.jpeg,-1,-1
1261411182045512784,Élysée,,Entire rental unit,Entire home/apt,296,17,within an hour,99.0,https://a0.muscache.com/pictures/hosting/Hosting-U3RheVN1cHBseUxpc3Rpbmc6MTI2MTQxMTE4MjA0NTUxMjc4NA%3D%3D/original/79228c2e-580a-4b02-92ba-dd2ea83ef517.jpeg,-1,-1
1259326386832443047,Élysée,,Entire rental unit,Entire home/apt,236,1,within a few hours,100.0,https://a0.muscache.com/pictures/hosting/Hosting-1259326386832443047/original/8c5c9455-71f5-4d4d-9bb0-54c84c8fb01a.jpeg,-1,-1
1257806454319409462,Élysée,,Entire home,Entire home/apt,42,191,within an hour,99.0,https://a0.muscache.com/pictures/miso/Hosting-1257806454319409462/original/c702ca87-fec0-4db7-90ab-b953607cc7fe.jpeg,-1,-1
1261793342680983600,Élysée,,Casa particular,Entire home/apt,0,3,within an hour,100.0,https://a0.muscache.com/pictures/hosting/Hosting-U3RheVN1cHBseUxpc3Rpbmc6MTI2MTc5MzM0MjY4MDk4MzYwMA%3D%3D/original/34e15846-f6db-4053-aa65-b57bb65f7584.jpeg,-1,-1
1262262449878074153,Élysée,,Entire rental unit,Entire home/apt,81,816,within a day,87.0,https://a0.muscache.com/pictures/prohost-api/Hosting-1262262449878074153/original/bbe7dff1-7256-4ca1-aae7-532d816958d8.jpeg,-1,-1
1262483047846412809,Élysée,,Entire rental unit,Entire home/apt,11,2,within an hour,100.0,https://a0.muscache.com/pictures/hosting/Hosting-1262483047846412809/original/dd154e82-8816-4ebd-8d27-67fec50a49f9.jpeg,-1,-1
1258636910116288183,Élysée,,Entire rental unit,Entire home/apt,364,1,a few days or more,0.0,https://a0.muscache.com/pictures/hosting/Hosting-1258636910116288183/original/0b705af3-40a7-4bea-bb4a-4c87dcc300e4.png,-1,-1
1262972553457417050,Élysée,,Entire rental unit,Entire home/apt,328,137,within an hour,100.0,https://a0.muscache.com/pictures/prohost-api/Hosting-1262972553457417050/original/a1df7a9c-20eb-4a2b-b09a-608affc525a6.jpeg,-1,-1
1263721468122291275,Élysée,,Entire rental unit,Entire home/apt,333,73,,,https://a0.muscache.com/pictures/hosting/Hosting-1263721468122291275/original/0a2bf1d7-86fa-4caa-a2b1-909fef8b9632.jpeg,-1,-1
1263797711040382595,Élysée,,Entire rental unit,Entire home/apt,257,3,within an hour,100.0,https://a0.muscache.com/pictures/fc96c6ae-9b7b-4f83-b592-9e898789605b.jpg,-1,-1
1263013698430086435,Élysée,,Entire rental unit,Entire home/apt,0,108,within an hour,100.0,https://a0.muscache.com/pictures/prohost-api/Hosting-1263013698430086435/original/f795baa4-ba93-4900-873f-ea32033ecbf2.jpeg,-1,-1
1263197379356872782,Élysée,,Entire rental unit,Entire home/apt,0,2,within an hour,88.0,https://a0.muscache.com/pictures/miso/Hosting-1263197379356872782/original/508aeaf7-eb03-4851-b325-501750474b18.jpeg,-1,-1
1265711776849440287,Élysée,,Entire rental unit,Entire home/apt,326,121,within an hour,100.0,https://a0.muscache.com/pictures/hosting/Hosting-U3RheVN1cHBseUxpc3Rpbmc6MTI2NTcxMTc3Njg0OTQ0MDI4Nw==/original/6ada10e6-3b4a-45b2-a3c4-706469827fdf.jpeg,-1,-1
1263614746853906032,Élysée,,Entire rental unit,Entire home/apt,347,19,within an hour,98.0,https://a0.muscache.com/pictures/hosting/Hosting-1263614746853906032/original/8d4810cf-1775-4dfe-8a62-226a3b96e40d.jpeg,-1,-1
1264280663103818517,Élysée,,Entire rental unit,Entire home/apt,274,29,within a few hours,69.0,https://a0.muscache.com/pictures/hosting/Hosting-U3RheVN1cHBseUxpc3Rpbmc6MTI2NDI4MDY2MzEwMzgxODUxNw%3D%3D/original/55b1ed6d-1c5e-4fb9-8acc-f6605e772a90.jpeg,-1,-1
1266532253011883811,Élysée,,Entire rental unit,Entire home/apt,121,1,,,https://a0.muscache.com/pictures/hosting/Hosting-1266532253011883811/original/48a8818e-29e5-4281-a056-f4513e7102be.jpeg,-1,-1
1265102289707323124,Élysée,,Entire rental unit,Entire home/apt,0,1,within an hour,100.0,https://a0.muscache.com/pictures/hosting/Hosting-U3RheVN1cHBseUxpc3Rpbmc6MTI2NTEwMjI4OTcwNzMyMzEyNA%3D%3D/original/1cef52f8-be68-49f6-a7a4-2492bc02bab4.jpeg,-1,-1
1268232027856886692,Élysée,,Entire rental unit,Entire home/apt,213,19,within an hour,98.0,https://a0.muscache.com/pictures/prohost-api/Hosting-1268232027856886692/original/b48b2790-a10e-4762-a920-ea04a1de518b.jpeg,-1,-1
1268239358569299617,Élysée,,Entire rental unit,Entire home/apt,208,19,within an hour,98.0,https://a0.muscache.com/pictures/prohost-api/Hosting-1268239358569299617/original/660643bf-1ec8-455e-b0d7-e6699ff8e59c.jpeg,-1,-1
1267958512625252170,Élysée,,Private room in rental unit,Private room,241,29,within a few hours,69.0,https://a0.muscache.com/pictures/miso/Hosting-1267958512625252170/original/ac4174c5-5a3d-4675-8148-4cc4558efb16.jpeg,-1,-1
1269493351548755227,Élysée,,Room in hotel,Private room,110,6,within an hour,100.0,https://a0.muscache.com/pictures/prohost-api/Hosting-1269493351548755227/original/8f6d935d-d74b-4e7b-bd98-b88eacc02a38.jpeg,-1,-1
1269493351566155313,Élysée,,Room in hotel,Private room,103,6,within an hour,100.0,https://a0.muscache.com/pictures/prohost-api/Hosting-1269493351566155313/original/b025ff8a-5407-4d71-93f7-7fcdd2384eca.jpeg,-1,-1
1269493442366510321,Élysée,,Room in hotel,Private room,113,6,within an hour,100.0,https://a0.muscache.com/pictures/prohost-api/Hosting-1269493442366510321/original/627b3034-88bf-4593-8554-03241807d83b.jpeg,-1,-1
1269493454592994946,Élysée,,Room in hotel,Private room,113,6,within an hour,100.0,https://a0.muscache.com/pictures/prohost-api/Hosting-1269493454592994946/original/1599d5ab-5176-4508-a5bc-de30c3a6332a.jpeg,-1,-1
1269493520264076912,Élysée,,Room in hotel,Private room,60,6,within an hour,100.0,https://a0.muscache.com/pictures/prohost-api/Hosting-1269493520264076912/original/f7f17a94-268d-4925-8522-bced97971204.png,-1,-1
1269493536112971078,Élysée,,Room in hotel,Private room,100,6,within an hour,100.0,https://a0.muscache.com/pictures/prohost-api/Hosting-1269493536112971078/original/6aa17747-c1ca-434d-9d14-98939b42c34e.jpeg,-1,-1
1268076809370351470,Élysée,,Entire rental unit,Entire home/apt,113,816,within a day,87.0,https://a0.muscache.com/pictures/prohost-api/Hosting-1268076809370351470/original/5884b3c5-2510-4a71-b4a1-7fb7cc35069c.jpeg,-1,-1
1269494188115535130,Élysée,,Room in hotel,Private room,89,2,,,https://a0.muscache.com/pictures/prohost-api/Hosting-1269494188115535130/original/39ff6601-7c3a-4bb1-9e9e-f6cf49fcb104.png,-1,-1
1269494188198311155,Élysée,,Room in hotel,Private room,109,2,,,https://a0.muscache.com/pictures/prohost-api/Hosting-1269494188198311155/original/5e8f368b-4cab-456b-8cd7-c45bdedd669b.jpeg,-1,-1
1269296864116020154,Élysée,,Entire rental unit,Entire home/apt,328,7,within a few hours,100.0,https://a0.muscache.com/pictures/miso/Hosting-1269296864116020154/original/dcefab59-8b63-4a09-9b2d-a2bd56aeb813.jpeg,-1,-1
1269561851679224854,Élysée,,Entire rental unit,Entire home/apt,287,19,within an hour,98.0,https://a0.muscache.com/pictures/hosting/Hosting-1248521657577828228/original/993f257c-b96e-4fae-b020-6e96c0e950e8.jpeg,-1,-1
1269303791003848605,Élysée,,Entire rental unit,Entire home/apt,0,1,within an hour,100.0,https://a0.muscache.com/pictures/hosting/Hosting-U3RheVN1cHBseUxpc3Rpbmc6MTI2OTMwMzc5MTAwMzg0ODYwNQ==/original/f7803adf-439d-4377-8de7-d99e318c8c4c.jpeg,-1,-1
1270056156796467013,Élysée,,Entire rental unit,Entire home/apt,296,184,within an hour,100.0,https://a0.muscache.com/pictures/prohost-api/Hosting-1270056156796467013/original/eae40193-a539-43f6-9cb2-14a1954a2e5c.jpeg,-1,-1
1272440379259864615,Élysée,,Entire rental unit,Entire home/apt,318,137,within an hour,100.0,https://a0.muscache.com/pictures/prohost-api/Hosting-1272440379259864615/original/4a3c88d1-1406-432c-89a1-fe792e64e257.jpeg,-1,-1
1272489086802481226,Élysée,,Entire rental unit,Entire home/apt,231,1,within an hour,100.0,https://a0.muscache.com/pictures/miso/Hosting-1272489086802481226/original/1a88e95b-4c7f-4037-93c9-52bdbbb74880.jpeg,-1,-1
1272615347044029360,Élysée,,Entire rental unit,Entire home/apt,12,1,within an hour,100.0,https://a0.muscache.com/pictures/hosting/Hosting-U3RheVN1cHBseUxpc3Rpbmc6MTI3MjYxNTM0NzA0NDAyOTM2MA==/original/fb340883-ca51-49bc-bcc5-2e75345bf978.jpeg,-1,-1
1272818527248687654,Élysée,,Entire rental unit,Entire home/apt,154,1,within an hour,100.0,https://a0.muscache.com/pictures/hosting/Hosting-U3RheVN1cHBseUxpc3Rpbmc6MTI3MjgxODUyNzI0ODY4NzY1NA%3D%3D/original/c70ac95e-f19e-4bcb-be79-89b9b7bae61e.jpeg,-1,-1
1275118952980820130,Élysée,,Private room in rental unit,Private room,237,1,within an hour,100.0,https://a0.muscache.com/pictures/hosting/Hosting-U3RheVN1cHBseUxpc3Rpbmc6MTI3NTExODk1Mjk4MDgyMDEzMA%3D%3D/original/a8a5e3cc-ec39-452b-b360-2856630eae86.jpeg,-1,-1
1271817977921885736,Élysée,,Entire rental unit,Entire home/apt,28,20,within an hour,100.0,https://a0.muscache.com/pictures/miso/Hosting-1271817977921885736/original/6d63ae81-db67-42b0-9d2a-4043ff963f2f.jpeg,-1,-1
1275291279234373641,Élysée,,Entire rental unit,Entire home/apt,365,23,within an hour,77.0,https://a0.muscache.com/pictures/prohost-api/Hosting-1275291279234373641/original/32c3164a-c336-43e6-bb3f-1478de882e72.jpeg,-1,-1
1275291512550686417,Élysée,,Entire rental unit,Entire home/apt,365,23,within an hour,77.0,https://a0.muscache.com/pictures/prohost-api/Hosting-1275291512550686417/original/29fe0377-6941-4cf1-9026-5e9917bfef6f.jpeg,-1,-1
1274455081305702680,Élysée,,Entire rental unit,Entire home/apt,257,1,a few days or more,0.0,https://a0.muscache.com/pictures/miso/Hosting-1274455081305702680/original/5270e382-e633-4507-add2-ec393faeb63c.jpeg,-1,-1
1275557477315609484,Élysée,,Entire rental unit,Entire home/apt,331,11,within an hour,99.0,https://a0.muscache.com/pictures/miso/Hosting-1275557477315609484/original/6ff78cdb-a443-4bef-9fd9-0b4f75470125.jpeg,-1,-1
1275837505041808017,Élysée,,Entire condo,Entire home/apt,155,1,within an hour,100.0,https://a0.muscache.com/pictures/miso/Hosting-1275837505041808017/original/d3f38c92-6d61-4697-a8d3-83a6090e8e6f.jpeg,-1,-1
1276702153702321112,Élysée,,Entire rental unit,Entire home/apt,251,1,within a few hours,100.0,https://a0.muscache.com/pictures/hosting/Hosting-U3RheVN1cHBseUxpc3Rpbmc6MTI3NjcwMjE1MzcwMjMyMTExMg%3D%3D/original/6806e981-1b86-4b1f-ad8e-7abd7ad5018c.jpeg,-1,-1
1278935605350165051,Élysée,,Entire rental unit,Entire home/apt,198,816,within a day,87.0,https://a0.muscache.com/pictures/prohost-api/Hosting-1278935605350165051/original/a00666d1-37ac-4b3c-b414-ca027dac58e6.jpeg,-1,-1
1283236604218480987,Élysée,,Entire rental unit,Entire home/apt,1,37,within an hour,93.0,https://a0.muscache.com/pictures/hosting/Hosting-U3RheVN1cHBseUxpc3Rpbmc6MTI4MzIzNjYwNDIxODQ4MDk4Nw%3D%3D/original/23dd0344-991c-4108-84ee-59c3c84b86d4.jpeg,-1,-1
1283244657463277799,Élysée,,Entire rental unit,Entire home/apt,288,6,within an hour,100.0,https://a0.muscache.com/pictures/prohost-api/Hosting-1283244657463277799/original/564462d0-24c0-4323-8129-8df9b89ec43c.jpeg,-1,-1
1284572246056631015,Élysée,,Entire townhouse,Entire home/apt,275,2,within an hour,94.0,https://a0.muscache.com/pictures/miso/Hosting-1284572246056631015/original/7e6bcea2-ab79-486a-bf8d-47412c015393.jpeg,-1,-1
1287672584926630071,Élysée,,Entire rental unit,Entire home/apt,0,137,within an hour,100.0,https://a0.muscache.com/pictures/prohost-api/Hosting-1287672584926630071/original/d5becdde-95a8-43be-a363-cc3c510fcc82.jpeg,-1,-1
1284606734534449533,Élysée,,Entire rental unit,Entire home/apt,329,24,within an hour,100.0,https://a0.muscache.com/pictures/hosting/Hosting-U3RheVN1cHBseUxpc3Rpbmc6MTI4NDYwNjczNDUzNDQ0OTUzMw==/original/a1e4f3b5-f6f5-4dc8-8b4e-21155e9fc067.jpeg,-1,-1
1284709166259439880,Élysée,,Entire rental unit,Entire home/apt,293,2,within an hour,94.0,https://a0.muscache.com/pictures/miso/Hosting-1284709166259439880/original/d0d09c51-031d-4be1-937a-a4b1f5878c6f.jpeg,-1,-1
1287908573126344532,Élysée,,Entire rental unit,Entire home/apt,349,1,a few days or more,0.0,https://a0.muscache.com/pictures/miso/Hosting-1287908573126344532/original/435454ee-93ea-4908-a71b-4b0f491cd8d5.jpeg,-1,-1
1285307525574160352,Élysée,,Private room in rental unit,Private room,0,1,,,https://a0.muscache.com/pictures/hosting/Hosting-U3RheVN1cHBseUxpc3Rpbmc6MTI4NTMwNzUyNTU3NDE2MDM1Mg%3D%3D/original/acbf435c-1629-4b3e-a450-273722b4e2d1.jpeg,-1,-1
1288253423887702560,Élysée,,Entire rental unit,Entire home/apt,189,12,within an hour,100.0,https://a0.muscache.com/pictures/prohost-api/Hosting-1288253423887702560/original/06f5a29c-8ce7-4ebb-9909-49d7c6c8b949.jpeg,-1,-1
1285364319884947120,Élysée,,Entire rental unit,Entire home/apt,345,1,within an hour,80.0,https://a0.muscache.com/pictures/hosting/Hosting-U3RheVN1cHBseUxpc3Rpbmc6MTI4NTM2NDMxOTg4NDk0NzEyMA==/original/ca751ea1-c956-48f9-b7a1-4eaebb96e8e0.jpeg,-1,-1
1288370164683450443,Élysée,,Private room in bed and breakfast,Private room,286,1,within an hour,100.0,https://a0.muscache.com/pictures/miso/Hosting-1288370164683450443/original/e927a3b3-d4df-4abf-bbac-9f7bbff1e0f7.jpeg,-1,-1
1285496674837706980,Élysée,,Entire rental unit,Entire home/apt,9,170,within an hour,95.0,https://a0.muscache.com/pictures/miso/Hosting-1285496674837706980/original/bdd663ac-833f-40ba-82a8-59c325339224.jpeg,-1,-1
1285498139587761956,Élysée,,Entire rental unit,Entire home/apt,314,170,within an hour,95.0,https://a0.muscache.com/pictures/miso/Hosting-1285498139587761956/original/d8b02d99-1d56-4838-88dc-7ee638f25481.jpeg,-1,-1
1285510217140851327,Élysée,,Entire rental unit,Entire home/apt,288,170,within an hour,95.0,https://a0.muscache.com/pictures/miso/Hosting-1285510217140851327/original/8429395c-048a-4539-af7b-d147f3547ea6.jpeg,-1,-1
1285627786957993227,Élysée,,Entire rental unit,Entire home/apt,162,1,,,https://a0.muscache.com/pictures/hosting/Hosting-1285627786957993227/original/96248de9-e445-498d-b541-96ef93a63400.jpeg,-1,-1
1290184003932520207,Élysée,,Room in hotel,Private room,89,4,within an hour,100.0,https://a0.muscache.com/pictures/prohost-api/Hosting-1290184003932520207/original/bdcf47ea-f459-4417-b896-b584318b1074.jpeg,-1,-1
1290184004060132186,Élysée,,Room in hotel,Private room,80,4,within an hour,100.0,https://a0.muscache.com/pictures/prohost-api/Hosting-1290184004060132186/original/276b09af-e458-4e20-b7b1-a1ff6af1b78d.jpeg,-1,-1
1286084136478152023,Élysée,,Entire rental unit,Entire home/apt,96,46,within an hour,100.0,https://a0.muscache.com/pictures/hosting/Hosting-U3RheVN1cHBseUxpc3Rpbmc6MTI4NjA4NDEzNjQ3ODE1MjAyMw%3D%3D/original/46981284-58d7-4110-9989-65d7240045d5.jpeg,-1,-1
1289119767230489762,Élysée,,Entire rental unit,Entire home/apt,354,73,,,https://a0.muscache.com/pictures/miso/Hosting-1289119767230489762/original/6067ce50-ef1d-4b1c-b5ec-1fb799780aff.jpeg,-1,-1
1289640515857256317,Élysée,,Room in hotel,Private room,88,4,within an hour,100.0,https://a0.muscache.com/pictures/prohost-api/Hosting-1289640515857256317/original/00650c25-cb7e-46d3-9203-56b567419a55.jpeg,-1,-1
1289640599859654330,Élysée,,Room in hotel,Private room,93,4,within an hour,100.0,https://a0.muscache.com/pictures/prohost-api/Hosting-1289640599859654330/original/87c400a9-c27f-460a-8bfb-23e50d7e9126.jpeg,-1,-1
1290708750763892346,Élysée,,Entire rental unit,Entire home/apt,365,6,a few days or more,14.0,https://a0.muscache.com/pictures/hosting/Hosting-1290708750763892346/original/f9ec8e7b-8cc2-4140-9514-45ab4aaa3aff.jpeg,-1,-1
1291177187994184418,Élysée,,Entire rental unit,Entire home/apt,361,45,within an hour,94.0,https://a0.muscache.com/pictures/prohost-api/Hosting-1291177187994184418/original/fc1632dd-f67e-4fec-b9e2-716292bf647f.jpeg,-1,-1
1291291872464104905,Élysée,,Entire rental unit,Entire home/apt,319,121,within an hour,100.0,https://a0.muscache.com/pictures/hosting/Hosting-U3RheVN1cHBseUxpc3Rpbmc6MTI5MTI5MTg3MjQ2NDEwNDkwNQ==/original/511d2d97-9bd3-4608-b368-d5e113e4da58.jpeg,-1,-1
1294710856950562405,Élysée,,Entire rental unit,Entire home/apt,229,1,within an hour,100.0,https://a0.muscache.com/pictures/hosting/Hosting-U3RheVN1cHBseUxpc3Rpbmc6MTI5NDcxMDg1Njk1MDU2MjQwNQ%3D%3D/original/82320516-4b4d-4f5e-958a-f5479f309351.jpeg,-1,-1
1293228641089895648,Élysée,,Entire rental unit,Entire home/apt,346,2,within an hour,100.0,https://a0.muscache.com/pictures/prohost-api/Hosting-1293228641089895648/original/7a4efd27-f9c1-4e03-874e-403fa1f47239.jpeg,-1,-1
1293282016377861526,Élysée,,Entire rental unit,Entire home/apt,337,11,within an hour,99.0,https://a0.muscache.com/pictures/hosting/Hosting-U3RheVN1cHBseUxpc3Rpbmc6MTI5MzI4MjAxNjM3Nzg2MTUyNg%3D%3D/original/03672c93-cd96-40e5-893c-5eb96712cc5a.jpeg,-1,-1
1293390735268278511,Élysée,,Entire rental unit,Entire home/apt,120,19,within an hour,98.0,https://a0.muscache.com/pictures/prohost-api/Hosting-1293390735268278511/original/5fb3dace-97bb-4912-a096-56bc48c18c3f.jpeg,-1,-1
1295528468707245785,Élysée,,Private room in bed and breakfast,Private room,168,2,within a few hours,100.0,https://a0.muscache.com/pictures/hosting/Hosting-1295528468707245785/original/e216346f-a5f3-442e-bb97-5873e7a79fa9.jpeg,-1,-1
1295725018875092598,Élysée,,Entire rental unit,Entire home/apt,340,204,within an hour,100.0,https://a0.muscache.com/pictures/prohost-api/Hosting-1295725018875092598/original/4f2b022a-79c4-401c-bd91-0977ad5fe50d.jpeg,-1,-1
1295725387409620418,Élysée,,Entire rental unit,Entire home/apt,320,204,within an hour,100.0,https://a0.muscache.com/pictures/prohost-api/Hosting-1295725387409620418/original/b2d862dc-138d-416b-b4f1-43cb6318aa52.jpeg,-1,-1
1295725758773317286,Élysée,,Entire rental unit,Entire home/apt,317,204,within an hour,100.0,https://a0.muscache.com/pictures/prohost-api/Hosting-1295725758773317286/original/ece25359-88b1-456f-915e-07d7323cbe93.jpeg,-1,-1
1295726126352827317,Élysée,,Entire rental unit,Entire home/apt,315,204,within an hour,100.0,https://a0.muscache.com/pictures/prohost-api/Hosting-1295726126352827317/original/e6094d59-00c3-46dc-94eb-5249d1dd028a.jpeg,-1,-1
1299263750098508972,Élysée,,Entire rental unit,Entire home/apt,334,46,within a few hours,79.0,https://a0.muscache.com/pictures/prohost-api/Hosting-1299263750098508972/original/833ef522-637b-442d-be66-1a7d13c9136e.jpeg,-1,-1
1297098776025027363,Élysée,,Entire rental unit,Entire home/apt,317,11,within an hour,99.0,https://a0.muscache.com/pictures/miso/Hosting-1297098776025027363/original/66a3dc53-452f-410c-9498-b02f0d9278a6.jpeg,-1,-1
1302698857800521651,Élysée,,Entire rental unit,Entire home/apt,292,184,within an hour,100.0,https://a0.muscache.com/pictures/prohost-api/Hosting-1302698857800521651/original/669b3924-609c-4402-b2cf-d21a09bef8b0.jpeg,-1,-1
1299142520420518640,Élysée,,Entire rental unit,Entire home/apt,323,29,within a few hours,69.0,https://a0.muscache.com/pictures/miso/Hosting-1197629999250158919/original/3ce4f621-32d8-4e3c-a29a-c803baa09d65.jpeg,-1,-1
1299146400486795379,Élysée,,Entire rental unit,Entire home/apt,258,36,within an hour,100.0,https://a0.muscache.com/pictures/prohost-api/Hosting-1299146400486795379/original/cd703c17-db2c-4e0b-aaba-be30154aedbd.jpeg,-1,-1
1303827693187247038,Élysée,,Room in hotel,Private room,320,45,within an hour,100.0,https://a0.muscache.com/pictures/hosting/Hosting-U3RheVN1cHBseUxpc3Rpbmc6MTMwMzgyNzY5MzE4NzI0NzAzOA%3D%3D/original/144c71db-018a-4523-a748-9dc9edf8ac2d.jpeg,-1,-1
1304161166514585182,Élysée,,Private room in rental unit,Private room,133,1,,,https://a0.muscache.com/pictures/miso/Hosting-1304161166514585182/original/734f20e3-82ec-4deb-acd8-3ec4d1930b6a.jpeg,-1,-1
1304187220066215836,Élysée,,Entire rental unit,Entire home/apt,286,102,within an hour,100.0,https://a0.muscache.com/pictures/prohost-api/Hosting-1304187220066215836/original/515cbed1-9075-4fdf-923c-1a525f2d9d78.jpeg,-1,-1
1303490442547957741,Élysée,,Room in hotel,Private room,347,45,within an hour,100.0,https://a0.muscache.com/pictures/hosting/Hosting-U3RheVN1cHBseUxpc3Rpbmc6MTMwMzQ5MDQ0MjU0Nzk1Nzc0MQ%3D%3D/original/39d86b97-682d-4adb-bc2d-7b45bd52051f.jpeg,-1,-1
1303499542785783641,Élysée,,Room in hotel,Private room,360,45,within an hour,100.0,https://a0.muscache.com/pictures/hosting/Hosting-U3RheVN1cHBseUxpc3Rpbmc6MTMwMzQ5OTU0Mjc4NTc4MzY0MQ%3D%3D/original/00358ab3-6f5f-4441-9f46-a53868a3fc18.jpeg,-1,-1
1301287484915362172,Élysée,,Entire rental unit,Entire home/apt,335,90,within a day,74.0,https://a0.muscache.com/pictures/miso/Hosting-1301287484915362172/original/f222a95c-6e6f-40e3-a2c1-f32b42e1d409.jpeg,-1,-1
1303597109114692998,Élysée,,Entire rental unit,Entire home/apt,332,121,within an hour,100.0,https://a0.muscache.com/pictures/hosting/Hosting-U3RheVN1cHBseUxpc3Rpbmc6MTMwMzU5NzEwOTExNDY5Mjk5OA==/original/63ff47fd-3503-4597-bc84-34dbe3e5230c.jpeg,-1,-1
1303674009398073129,Élysée,,Room in hotel,Private room,352,45,within an hour,100.0,https://a0.muscache.com/pictures/hosting/Hosting-U3RheVN1cHBseUxpc3Rpbmc6MTMwMzY3NDAwOTM5ODA3MzEyOQ%3D%3D/original/77080088-eb24-40c1-9f59-8a984f9d2f41.jpeg,-1,-1
1304972815275099930,Élysée,,Entire rental unit,Entire home/apt,134,1,within an hour,100.0,https://a0.muscache.com/pictures/miso/Hosting-1304972815275099930/original/3016cb32-3678-450c-9d4d-af5b269a4e36.jpeg,-1,-1
1305824687845673893,Élysée,,Entire rental unit,Entire home/apt,309,135,within an hour,100.0,https://a0.muscache.com/pictures/prohost-api/Hosting-1305824687845673893/original/38d9808d-d3cd-4773-99ed-5be0693ec242.jpeg,-1,-1
1308500614364749943,Élysée,,Entire rental unit,Entire home/apt,0,137,within an hour,100.0,https://a0.muscache.com/pictures/prohost-api/Hosting-1308500614364749943/original/3c16abbd-83f4-41c6-bb44-c2c0c74750c6.jpeg,-1,-1
1306318103268783782,Élysée,,Entire rental unit,Entire home/apt,337,11,within a day,80.0,https://a0.muscache.com/pictures/miso/Hosting-1165206329618730844/original/056abaec-32cf-4255-a88e-d69193f0f51f.jpeg,-1,-1
1308698544662556346,Élysée,,Entire rental unit,Entire home/apt,364,1,within a day,100.0,https://a0.muscache.com/pictures/miso/Hosting-1308698544662556346/original/8020660b-d11b-4303-bf94-d3f6ba93b232.jpeg,-1,-1
1308836268645549809,Élysée,,Entire rental unit,Entire home/apt,338,816,within a day,87.0,https://a0.muscache.com/pictures/prohost-api/Hosting-1308836268645549809/original/c53cac5e-0ec2-45c9-9039-e57aa780b52f.jpeg,-1,-1
1309215137834795285,Élysée,,Entire rental unit,Entire home/apt,316,8,within an hour,100.0,https://a0.muscache.com/pictures/miso/Hosting-1309215137834795285/original/ea0a619e-1574-4fab-a77b-2c4501f77d54.jpeg,-1,-1
1309224596320319012,Élysée,,Entire rental unit,Entire home/apt,290,45,within an hour,100.0,https://a0.muscache.com/pictures/prohost-api/Hosting-1309224596320319012/original/db95ad10-34e9-4942-9aaf-9b4d8361ac49.jpeg,-1,-1
1309267923028220545,Élysée,,Entire rental unit,Entire home/apt,43,33,within an hour,100.0,https://a0.muscache.com/pictures/miso/Hosting-1309267923028220545/original/7731098c-6aa5-4381-b1a6-1d17f6f88b69.jpeg,-1,-1
1307055083959854928,Élysée,,Entire rental unit,Entire home/apt,343,7,within an hour,98.0,https://a0.muscache.com/pictures/hosting/Hosting-U3RheVN1cHBseUxpc3Rpbmc6MTMwNzA1NTA4Mzk1OTg1NDkyOA%3D%3D/original/7e108225-3da0-44ed-bf21-041535f490fd.jpeg,-1,-1
1310138867495394016,Élysée,,Entire rental unit,Entire home/apt,0,26,within an hour,100.0,https://a0.muscache.com/pictures/prohost-api/Hosting-1310138867495394016/original/a4aab040-6f90-4a15-a0d1-48d8557ebbb4.jpeg,-1,-1
1307884086761976229,Élysée,,Entire rental unit,Entire home/apt,314,137,within an hour,100.0,https://a0.muscache.com/pictures/prohost-api/Hosting-1307884086761976229/original/1db50110-a09b-492d-99ba-a7f5f1316e38.jpeg,-1,-1
1310806498332151969,Élysée,,Entire rental unit,Entire home/apt,361,15,within an hour,100.0,https://a0.muscache.com/pictures/miso/Hosting-1310806498332151969/original/e7b5b653-d38b-4e25-8827-07774d11a5de.jpeg,-1,-1
1311042875630971017,Élysée,,Entire rental unit,Entire home/apt,90,2,within a few hours,100.0,https://a0.muscache.com/pictures/airflow/Hosting-1311042875630971017/original/4a3ff8dd-0549-472a-9cd0-6ac95c25da55.jpg,-1,-1
1313040446189580068,Élysée,,Entire rental unit,Entire home/apt,0,816,within a day,87.0,https://a0.muscache.com/pictures/prohost-api/Hosting-1313040446189580068/original/866a709d-22ec-43ca-bfad-7eebbd163afd.jpeg,-1,-1
1313660429649232916,Élysée,,Entire rental unit,Entire home/apt,247,191,within an hour,99.0,https://a0.muscache.com/pictures/miso/Hosting-1313660429649232916/original/95caaed9-69ba-4119-8aff-86e2601e657e.jpeg,-1,-1
1312413721541390378,Élysée,,Entire rental unit,Entire home/apt,94,1,,,https://a0.muscache.com/pictures/miso/Hosting-1312413721541390378/original/74cf5239-988d-4d69-8d32-e8abce14b935.jpeg,-1,-1
1316470489716405381,Élysée,,Entire rental unit,Entire home/apt,112,6,within an hour,100.0,https://a0.muscache.com/pictures/hosting/Hosting-1316470489716405381/original/f76bfcfe-007a-495c-b93a-b10a9a99a397.jpeg,-1,-1
1317136448398919822,Élysée,,Entire rental unit,Entire home/apt,61,6,within an hour,100.0,https://a0.muscache.com/pictures/hosting/Hosting-1317136448398919822/original/2de7b6f1-0356-448d-b69c-eda85b289d73.jpeg,-1,-1
1317563310400162858,Élysée,,Entire rental unit,Entire home/apt,71,1,within an hour,81.0,https://a0.muscache.com/pictures/hosting/Hosting-U3RheVN1cHBseUxpc3Rpbmc6MTMxNzU2MzMxMDQwMDE2Mjg1OA==/original/c759d406-aeda-46e6-bd81-afa53bd670bb.jpeg,-1,-1
1317938676577447008,Élysée,,Entire rental unit,Entire home/apt,179,102,within an hour,100.0,https://a0.muscache.com/pictures/prohost-api/Hosting-1317938676577447008/original/d4206f16-5016-4ec2-a279-f466d87e235e.jpeg,-1,-1
1325315121866414688,Élysée,,Entire rental unit,Entire home/apt,345,1,a few days or more,30.0,https://a0.muscache.com/pictures/miso/Hosting-1325315121866414688/original/a9a9d32f-b8fb-45b4-aa6f-17c5fd990437.jpeg,-1,-1
1319453483630703270,Élysée,,Entire rental unit,Entire home/apt,342,22,within an hour,100.0,https://a0.muscache.com/pictures/prohost-api/Hosting-1319453483630703270/original/a99016c1-ce7d-401a-a271-d5d0a26b2fba.jpeg,-1,-1
1320207239767438775,Élysée,,Entire rental unit,Entire home/apt,139,69,within an hour,95.0,https://a0.muscache.com/pictures/prohost-api/Hosting-1320207239767438775/original/f9c2d5f4-1161-4ce3-8824-fe4749c0a9fd.jpeg,-1,-1
1320223349931787666,Élysée,,Entire rental unit,Entire home/apt,148,69,within an hour,95.0,https://a0.muscache.com/pictures/prohost-api/Hosting-1320223349931787666/original/f1591474-aee7-40ee-ad47-5269a7bbb5d4.jpeg,-1,-1
1320250016766257161,Élysée,,Entire rental unit,Entire home/apt,150,69,within an hour,95.0,https://a0.muscache.com/pictures/prohost-api/Hosting-1320250016766257161/original/bc63cdd7-99fc-46a5-a02d-65e552c0b3d7.jpeg,-1,-1
1320258810840921315,Élysée,,Entire rental unit,Entire home/apt,234,1,within an hour,100.0,https://a0.muscache.com/pictures/airflow/Hosting-1320258810840921315/original/5184f174-8f39-42ce-baa2-dd61751eeb01.jpg,-1,-1
1320263207519651164,Élysée,,Entire rental unit,Entire home/apt,165,191,within an hour,99.0,https://a0.muscache.com/pictures/prohost-api/Hosting-1320263207519651164/original/066c9c37-d9f6-4cdc-be02-5272a571ce08.jpeg,-1,-1
1320274711298208163,Élysée,,Entire rental unit,Entire home/apt,240,69,within an hour,95.0,https://a0.muscache.com/pictures/prohost-api/Hosting-1320274711298208163/original/769ee204-eaf1-4824-8ae0-e60ac73b6b24.jpeg,-1,-1
1320308926694652703,Élysée,,Entire rental unit,Entire home/apt,149,69,within an hour,95.0,https://a0.muscache.com/pictures/prohost-api/Hosting-1320308926694652703/original/a69e0b9a-67fc-447c-9e65-80104cf212dd.jpeg,-1,-1
1320310415624536887,Élysée,,Entire rental unit,Entire home/apt,142,69,within an hour,95.0,https://a0.muscache.com/pictures/prohost-api/Hosting-1320310415624536887/original/6980264d-025c-42a1-9e05-7535b64289d8.jpeg,-1,-1
1320312433000302005,Élysée,,Entire rental unit,Entire home/apt,247,69,within an hour,95.0,https://a0.muscache.com/pictures/prohost-api/Hosting-1320312433000302005/original/6e4d8f07-fd96-47ab-8c1b-4879684825c8.jpeg,-1,-1
1325901618387340126,Élysée,,Entire rental unit,Entire home/apt,352,1,,,https://a0.muscache.com/pictures/prohost-api/Hosting-1325901618387340126/original/32a6f2fe-805f-4673-960c-5f342e750c50.jpeg,-1,-1
1325906237609102167,Élysée,,Entire rental unit,Entire home/apt,350,26,within an hour,100.0,https://a0.muscache.com/pictures/prohost-api/Hosting-1325906237609102167/original/2ddce178-6f94-4a87-bd52-21e8700c2cb5.jpeg,-1,-1
1323409381525228834,Élysée,,Entire rental unit,Entire home/apt,365,2,within an hour,96.0,https://a0.muscache.com/pictures/65ba215d-f5b9-4f41-8ea4-f6d105f6d891.jpg,-1,-1
1323735956346363002,Élysée,,Entire rental unit,Entire home/apt,312,5,within an hour,98.0,https://a0.muscache.com/pictures/prohost-api/Hosting-1323735956346363002/original/aaf4e2ab-d09c-4bc4-b23f-097cdfab24dc.jpeg,-1,-1
1323754562761490527,Élysée,,Entire rental unit,Entire home/apt,295,2,within an hour,100.0,https://a0.muscache.com/pictures/prohost-api/Hosting-1323754562761490527/original/423de303-343d-4667-9909-6d14f15da3ed.jpeg,-1,-1
1323786781876906576,Élysée,,Entire rental unit,Entire home/apt,263,12,within an hour,100.0,https://a0.muscache.com/pictures/prohost-api/Hosting-1323786781876906576/original/25eea230-c326-4ff1-8104-5834cdc6452f.jpeg,-1,-1
1327809179099410950,Élysée,,Entire rental unit,Entire home/apt,349,3,within an hour,100.0,https://a0.muscache.com/pictures/hosting/Hosting-1327809179099410950/original/5152586d-8680-438b-8feb-62cbc28e93af.jpeg,-1,-1
1326234956034790379,Élysée,,Entire rental unit,Entire home/apt,292,41,within an hour,99.0,https://a0.muscache.com/pictures/miso/Hosting-1326234956034790379/original/72c913a5-4658-423d-8ad7-730e87939ae1.jpeg,-1,-1
1328074955265919754,Élysée,,Entire rental unit,Entire home/apt,108,1,within an hour,100.0,https://a0.muscache.com/pictures/miso/Hosting-1328074955265919754/original/30431ad5-0a00-4b41-8487-4f10fe8f82e7.jpeg,-1,-1
1328204933748907067,Élysée,,Entire rental unit,Entire home/apt,321,5,within an hour,98.0,https://a0.muscache.com/pictures/prohost-api/Hosting-1328204933748907067/original/fbc57761-3e88-4d30-919e-02ba5970c499.jpeg,-1,-1
1326931694706146306,Élysée,,Entire rental unit,Entire home/apt,323,1,within an hour,100.0,https://a0.muscache.com/pictures/hosting/Hosting-U3RheVN1cHBseUxpc3Rpbmc6MTMyNjkzMTY5NDcwNjE0NjMwNg%3D%3D/original/9a5c1461-f8eb-439b-a8b3-6f4c3e244b83.jpeg,-1,-1
1328239457085041016,Élysée,,Entire rental unit,Entire home/apt,309,8,within an hour,100.0,https://a0.muscache.com/pictures/miso/Hosting-1328239457085041016/original/067aec9f-35e7-40e5-86f1-aacba29772ae.jpeg,-1,-1
1329556391302746168,Élysée,,Entire rental unit,Entire home/apt,61,34,within an hour,100.0,https://a0.muscache.com/pictures/prohost-api/Hosting-1329556391302746168/original/42529e95-6680-47df-a715-04b2c0a909c3.jpeg,-1,-1
1329635755492174173,Élysée,,Private room in bed and breakfast,Private room,0,3,within an hour,100.0,https://a0.muscache.com/pictures/hosting/Hosting-1329635755492174173/original/8279c2f2-aedf-4fca-86ff-b650748f1b58.jpeg,-1,-1
1329906349095728453,Élysée,,Entire rental unit,Entire home/apt,352,1,a few days or more,25.0,https://a0.muscache.com/pictures/hosting/Hosting-1329906349095728453/original/0823ada5-e5fe-4798-b2b1-b76433542c9f.jpeg,-1,-1
1330307038444155050,Élysée,,Entire rental unit,Entire home/apt,352,44,within an hour,99.0,https://a0.muscache.com/pictures/prohost-api/Hosting-1330307038444155050/original/cfc19113-4a83-49b6-b24d-eafe21824485.jpeg,-1,-1
1330790437011371935,Élysée,,Entire rental unit,Entire home/apt,31,1,within an hour,100.0,https://a0.muscache.com/pictures/miso/Hosting-1330790437011371935/original/a3c69eeb-f95a-4043-92ef-d78de56384f5.jpeg,-1,-1
1329508482161322762,Élysée,,Entire rental unit,Entire home/apt,312,13,within an hour,99.0,https://a0.muscache.com/pictures/hosting/Hosting-U3RheVN1cHBseUxpc3Rpbmc6MTMyOTUwODQ4MjE2MTMyMjc2Mg==/original/89010635-593f-450c-a438-79642fd4172e.jpeg,-1,-1
1334050488134348258,Élysée,,Entire rental unit,Entire home/apt,139,191,within an hour,99.0,https://a0.muscache.com/pictures/prohost-api/Hosting-1334050488134348258/original/eb12fbc2-14da-4fa9-96a4-ba0222567818.jpeg,-1,-1
1335396831374632569,Élysée,,Entire rental unit,Entire home/apt,150,191,within an hour,99.0,https://a0.muscache.com/pictures/prohost-api/Hosting-1335396831374632569/original/8ceb8922-328d-4e5f-8f86-6a6b01e3cb94.jpeg,-1,-1
1335459233506115634,Élysée,,Entire rental unit,Entire home/apt,142,191,within an hour,99.0,https://a0.muscache.com/pictures/prohost-api/Hosting-1335459233506115634/original/7acf9484-f6bd-4206-b402-4bd07f60bda6.jpeg,-1,-1
1334627398887708164,Élysée,,Entire rental unit,Entire home/apt,312,23,within an hour,100.0,https://a0.muscache.com/pictures/hosting/Hosting-1334627398887708164/original/6f398387-8e08-4df4-81dd-adcd63c58e12.jpeg,-1,-1
1335492688471473418,Élysée,,Entire rental unit,Entire home/apt,0,22,within an hour,100.0,https://a0.muscache.com/pictures/prohost-api/Hosting-1335492688471473418/original/3fc582ec-7394-4410-b009-5f8c344c4333.jpeg,-1,-1
1335739215971771039,Élysée,,Entire rental unit,Entire home/apt,135,1,within an hour,100.0,https://a0.muscache.com/pictures/hosting/Hosting-U3RheVN1cHBseUxpc3Rpbmc6MTMzNTczOTIxNTk3MTc3MTAzOQ%3D%3D/original/6f2d4d81-6410-4dd5-9862-d0ea9f96f958.jpeg,-1,-1
1335854150310683556,Élysée,,Entire rental unit,Entire home/apt,347,4,within an hour,100.0,https://a0.muscache.com/pictures/miso/Hosting-601779028409379838/original/6e18a18b-8759-4f1e-9ea4-d424bcc4bbee.jpeg,-1,-1
1337589015565043605,Élysée,,Entire rental unit,Entire home/apt,211,4,within an hour,100.0,https://a0.muscache.com/pictures/hosting/Hosting-1337589015565043605/original/4d7de603-d22e-402a-92e5-81290a8a079d.jpeg,-1,-1
1339900344421667985,Élysée,,Entire rental unit,Entire home/apt,338,184,within an hour,100.0,https://a0.muscache.com/pictures/prohost-api/Hosting-1339900344421667985/original/e9b867b2-0f60-49b3-992f-f39b6a40e2de.jpeg,-1,-1
1339946099207182078,Élysée,,Entire rental unit,Entire home/apt,0,1,within an hour,100.0,https://a0.muscache.com/pictures/hosting/Hosting-U3RheVN1cHBseUxpc3Rpbmc6MTIyODE2Njg5MzU5MzY4MzE5Mw%3D%3D/original/8fb94720-5c7d-4b5b-9d55-3827c6b73361.jpeg,-1,-1
1340417612493974939,Élysée,,Entire rental unit,Entire home/apt,340,184,within an hour,100.0,https://a0.muscache.com/pictures/prohost-api/Hosting-1340417612493974939/original/3887316a-8eb2-4e23-8c8f-92ab2a0d4f47.jpeg,-1,-1
1340447758766878474,Élysée,,Entire rental unit,Entire home/apt,0,11,within an hour,100.0,https://a0.muscache.com/pictures/prohost-api/Hosting-1340447758766878474/original/808b9e91-41f2-4f4c-a7dc-ca57744744fa.jpeg,-1,-1
1339085987843323388,Élysée,,Entire rental unit,Entire home/apt,91,1,within a few hours,100.0,https://a0.muscache.com/pictures/hosting/Hosting-U3RheVN1cHBseUxpc3Rpbmc6MTMzOTA4NTk4Nzg0MzMyMzM4OA%3D%3D/original/1b7d7c8b-9e89-4194-b24d-cba24ce9a576.jpeg,-1,-1
1339118362019852345,Élysée,,Entire rental unit,Entire home/apt,240,191,within an hour,99.0,https://a0.muscache.com/pictures/prohost-api/Hosting-1339118362019852345/original/ad70fcdc-aa96-4630-97eb-510c9aa4e6a5.jpeg,-1,-1
1339118897924933226,Élysée,,Entire rental unit,Entire home/apt,149,191,within an hour,99.0,https://a0.muscache.com/pictures/prohost-api/Hosting-1339118897924933226/original/6e3493e3-d937-405e-818a-009546769644.jpeg,-1,-1
1341275085528150553,Élysée,,Entire rental unit,Entire home/apt,0,45,within an hour,100.0,https://a0.muscache.com/pictures/prohost-api/Hosting-1341275085528150553/original/59ee79a1-5f2b-4de0-a473-30f28b9515f8.jpeg,-1,-1
1345682587681539885,Élysée,,Entire rental unit,Entire home/apt,339,54,within an hour,99.0,https://a0.muscache.com/pictures/prohost-api/Hosting-1345682587681539885/original/6e3d2a30-e91b-46fa-9633-48d8ea67fa8b.jpeg,-1,-1
1345700038781623581,Élysée,,Entire rental unit,Entire home/apt,281,1,within a few hours,100.0,https://a0.muscache.com/pictures/hosting/Hosting-U3RheVN1cHBseUxpc3Rpbmc6MTM0NTcwMDAzODc4MTYyMzU4MQ%3D%3D/original/1eedc1ff-2c30-43fa-b78e-5d1a265ead26.jpeg,-1,-1
1344407229609536616,Élysée,,Entire rental unit,Entire home/apt,288,2,within an hour,80.0,https://a0.muscache.com/pictures/hosting/Hosting-1344407229609536616/original/98f8466a-8bcf-4279-99b4-b287f666bb2e.jpeg,-1,-1
1343451797935301475,Élysée,,Entire rental unit,Entire home/apt,230,1,a few days or more,0.0,https://a0.muscache.com/pictures/miso/Hosting-1343451797935301475/original/38654b13-e87a-4bf8-9205-1b63bdc5af1e.jpeg,-1,-1
1345597033698920523,Élysée,,Entire rental unit,Entire home/apt,194,69,within an hour,95.0,https://a0.muscache.com/pictures/prohost-api/Hosting-1345597033698920523/original/6ac15f14-b27c-4777-8cb3-40d507ab2d99.jpeg,-1,-1
1347613349063678388,Élysée,,Entire rental unit,Entire home/apt,334,2,within a few hours,100.0,https://a0.muscache.com/pictures/hosting/Hosting-1347613349063678388/original/a6cc04e4-146d-4107-b736-eada65083b0e.jpeg,-1,-1
1348653634754828402,Élysée,,Entire rental unit,Entire home/apt,316,88,within an hour,100.0,https://a0.muscache.com/pictures/prohost-api/Hosting-1348653634754828402/original/2201041a-bcbb-4f68-b3b6-5762232e29df.jpeg,-1,-1
1349801010920590255,Élysée,,Entire rental unit,Entire home/apt,330,1,within an hour,100.0,https://a0.muscache.com/pictures/prohost-api/Hosting-1349801010920590255/original/b11de482-0795-42f8-befe-80fc43538968.jpeg,-1,-1
1349872315638755063,Élysée,,Entire rental unit,Entire home/apt,355,1,within an hour,100.0,https://a0.muscache.com/pictures/prohost-api/Hosting-1349872315638755063/original/f0ceb14b-8faa-4d8b-b670-bef07322a10c.jpeg,-1,-1
1351333787836932284,Élysée,,Entire rental unit,Entire home/apt,365,12,within a few hours,75.0,https://a0.muscache.com/pictures/hosting/Hosting-U3RheVN1cHBseUxpc3Rpbmc6MTM1MTMzMzc4NzgzNjkzMjI4NA==/original/60f6c849-e90d-4a66-9921-43e3633f0e42.jpeg,-1,-1
1351356107151282312,Élysée,,Entire rental unit,Entire home/apt,364,12,within a few hours,75.0,https://a0.muscache.com/pictures/miso/Hosting-1351356107151282312/original/b9ce4d64-c221-4fbb-aee9-8b6eb42a083f.jpeg,-1,-1
1351368525066878264,Élysée,,Entire rental unit,Entire home/apt,290,4,within an hour,98.0,https://a0.muscache.com/pictures/prohost-api/Hosting-1351368525066878264/original/3501297a-6e4e-4a90-91d6-5206429dc9d4.jpeg,-1,-1
1349092925856133805,Élysée,,Entire rental unit,Entire home/apt,61,16,within an hour,100.0,https://a0.muscache.com/pictures/miso/Hosting-1349092925856133805/original/39859005-a76b-4357-974c-aba1e39a8082.jpeg,-1,-1
1349100945622306529,Élysée,,Entire rental unit,Entire home/apt,258,16,within an hour,100.0,https://a0.muscache.com/pictures/prohost-api/Hosting-1349100945622306529/original/530eb38d-d5a6-475e-b753-34bcaf70929a.jpeg,-1,-1
1349170191228278663,Élysée,,Entire rental unit,Entire home/apt,364,11,,,https://a0.muscache.com/pictures/prohost-api/Hosting-1349170191228278663/original/59dfed2b-6bf1-4e39-949c-812b554e7b3c.jpeg,-1,-1
1349170694791604309,Élysée,,Entire rental unit,Entire home/apt,364,11,,,https://a0.muscache.com/pictures/prohost-api/Hosting-1349170694791604309/original/31bfa165-b5b3-4dd3-8bdd-c13f92fce369.jpeg,-1,-1
1349969719433567839,Élysée,,Entire rental unit,Entire home/apt,332,121,within an hour,100.0,https://a0.muscache.com/pictures/hosting/Hosting-U3RheVN1cHBseUxpc3Rpbmc6MTM0OTk2OTcxOTQzMzU2NzgzOQ==/original/593a74e5-fee6-4996-a17a-d13b9954a8d6.jpeg,-1,-1
1351524445375614781,Élysée,,Entire rental unit,Entire home/apt,0,45,within an hour,100.0,https://a0.muscache.com/pictures/hosting/Hosting-U3RheVN1cHBseUxpc3Rpbmc6MTM1MTUyNDQ0NTM3NTYxNDc4MQ==/original/a3a11c64-0f0f-429d-9110-1ec930768299.jpeg,-1,-1
1349181155760941853,Élysée,,Entire rental unit,Entire home/apt,343,11,,,https://a0.muscache.com/pictures/prohost-api/Hosting-1349181155760941853/original/24115a35-d77b-42f3-86dc-775c14b2f42e.jpeg,-1,-1
1349181912602147520,Élysée,,Entire rental unit,Entire home/apt,346,11,,,https://a0.muscache.com/pictures/prohost-api/Hosting-1349181912602147520/original/c34c9de6-6a3e-473e-a904-eeac337c5c4f.jpeg,-1,-1
1352096229458621888,Élysée,,Entire rental unit,Entire home/apt,52,48,within an hour,98.0,https://a0.muscache.com/pictures/miso/Hosting-1352096229458621888/original/6f892d4f-a8d0-480a-a124-a51cbf2816c5.jpeg,-1,-1
1349249556225411718,Élysée,,Entire rental unit,Entire home/apt,170,19,within an hour,98.0,https://a0.muscache.com/pictures/prohost-api/Hosting-1349249556225411718/original/4f0ab98e-502a-4424-a740-fd0e98fb54e7.jpeg,-1,-1
1350709835208348628,Élysée,,Entire rental unit,Entire home/apt,363,12,a few days or more,17.0,https://a0.muscache.com/pictures/miso/Hosting-1350709835208348628/original/61a00fed-abe8-46c4-8964-b2a7fcc9bf9f.png,-1,-1
1353582680235461409,Élysée,,Entire rental unit,Entire home/apt,365,1,within a few hours,100.0,https://a0.muscache.com/pictures/hosting/Hosting-1353582680235461409/original/e59f9cb6-bd0f-4ca2-9226-96c2806b9e71.jpeg,-1,-1
1354385071797382983,Élysée,,Entire rental unit,Entire home/apt,10,1,within an hour,100.0,https://a0.muscache.com/pictures/hosting/Hosting-1354385071797382983/original/7089ad2e-a138-457b-90f2-6010e7fe42b4.jpeg,-1,-1
1354426278009980392,Élysée,,Entire rental unit,Entire home/apt,324,3,within an hour,100.0,https://a0.muscache.com/pictures/hosting/Hosting-1354426278009980392/original/1226293b-5eab-45bf-8563-865e79052c48.jpeg,-1,-1
1354999947860771115,Élysée,,Entire rental unit,Entire home/apt,69,1,within an hour,75.0,https://a0.muscache.com/pictures/miso/Hosting-1354999947860771115/original/a73a42fd-7f0a-4cdb-863c-c2e84c1c9fd2.jpeg,-1,-1
1356355978030241489,Élysée,,Entire rental unit,Entire home/apt,344,135,within an hour,100.0,https://a0.muscache.com/pictures/prohost-api/Hosting-1356355978030241489/original/41dc8425-2b0e-4062-b233-e7b2d40d1433.jpeg,-1,-1
1358758766372326962,Élysée,,Entire rental unit,Entire home/apt,89,3,within a day,82.0,https://a0.muscache.com/pictures/hosting/Hosting-1358758766372326962/original/a53bcc76-fd9c-4605-ae2c-914674d8cef8.jpeg,-1,-1
1356386315729951049,Élysée,,Entire rental unit,Entire home/apt,285,184,within an hour,100.0,https://a0.muscache.com/pictures/hosting/Hosting-U3RheVN1cHBseUxpc3Rpbmc6MTM1NjM4NjMxNTcyOTk1MTA0OQ==/original/12b5d6a6-e02b-4c55-80d7-eca69b329255.jpeg,-1,-1
1358833419629235014,Élysée,,Private room in rental unit,Private room,306,1,within a few hours,90.0,https://a0.muscache.com/pictures/hosting/Hosting-U3RheVN1cHBseUxpc3Rpbmc6MTM1ODgzMzQxOTYyOTIzNTAxNA==/original/e43166cc-a3de-4839-b24c-972f60b8f91e.jpeg,-1,-1
1355564589418719119,Élysée,,Entire rental unit,Entire home/apt,276,8,within an hour,100.0,https://a0.muscache.com/pictures/miso/Hosting-1355564589418719119/original/3c658fac-ba22-4339-9313-3eb73f0b6781.jpeg,-1,-1
1355783860420601144,Élysée,,Entire rental unit,Entire home/apt,0,44,within an hour,100.0,https://a0.muscache.com/pictures/prohost-api/Hosting-1355783860420601144/original/443b5d0f-2076-4b81-885c-4895af129511.jpeg,-1,-1
1360683907820984033,Élysée,,Entire rental unit,Entire home/apt,320,13,within an hour,99.0,https://a0.muscache.com/pictures/prohost-api/Hosting-1360683907820984033/original/c8c6992b-77c7-41e1-b78d-1d600d394101.jpeg,-1,-1
1360683909446312693,Élysée,,Entire rental unit,Entire home/apt,330,13,within an hour,99.0,https://a0.muscache.com/pictures/prohost-api/Hosting-1360683909446312693/original/3fc0b567-583c-45f5-9149-58b68b9a85c5.jpeg,-1,-1
1360860117142138693,Élysée,,Entire rental unit,Entire home/apt,29,77,within a day,100.0,https://a0.muscache.com/pictures/prohost-api/Hosting-1360860117142138693/original/b9b793c9-bafa-40f5-8e51-6ab4ed8aadc1.jpeg,-1,-1
1358169476898991625,Élysée,,Entire rental unit,Entire home/apt,39,1,,,https://a0.muscache.com/pictures/miso/Hosting-1358169476898991625/original/861f4143-8285-4011-9f2f-6ba31566816a.png,-1,-1
1360164488403976732,Élysée,,Entire rental unit,Entire home/apt,314,13,within an hour,99.0,https://a0.muscache.com/pictures/hosting/Hosting-U3RheVN1cHBseUxpc3Rpbmc6MTM2MDE2NDQ4ODQwMzk3NjczMg==/original/5dc7f87a-7f59-4333-b1a7-7a6524e0531d.jpeg,-1,-1
1358564944274463304,Élysée,,Entire rental unit,Entire home/apt,313,4,within an hour,98.0,https://a0.muscache.com/pictures/prohost-api/Hosting-1358564944274463304/original/bace9e31-21b6-4be6-b7fb-5424efa3a911.jpeg,-1,-1
1360365221167088717,Élysée,,Entire rental unit,Entire home/apt,365,14,within an hour,94.0,https://a0.muscache.com/pictures/hosting/Hosting-1360365221167088717/original/5854423a-3856-43b3-b217-01e113c0ae3c.jpeg,-1,-1
1362210670226127044,Élysée,,Entire rental unit,Entire home/apt,335,44,within an hour,99.0,https://a0.muscache.com/pictures/prohost-api/Hosting-1362210670226127044/original/e5d3b06f-cfa7-4a30-8197-ab999d69b666.jpeg,-1,-1
1364437159178100227,Élysée,,Entire rental unit,Entire home/apt,347,73,,,https://a0.muscache.com/pictures/prohost-api/Hosting-1364437159178100227/original/4690192e-d334-4e8d-8956-e89da36324a9.jpeg,-1,-1
1361435393190497551,Élysée,,Entire rental unit,Entire home/apt,332,76,within an hour,100.0,https://a0.muscache.com/pictures/prohost-api/Hosting-1361435393190497551/original/6db78a94-af96-4867-9e74-c1b328685faa.jpeg,-1,-1
1364448017356446941,Élysée,,Entire rental unit,Entire home/apt,363,73,,,https://a0.muscache.com/pictures/prohost-api/Hosting-1364448017356446941/original/df9e29bd-c61f-42a8-a8b7-a1225ca63c50.jpeg,-1,-1
1364647881053307736,Élysée,,Entire rental unit,Entire home/apt,6,10,within an hour,100.0,https://a0.muscache.com/pictures/miso/Hosting-1364647881053307736/original/1c58b7be-e4fc-494f-8242-42a01f49c0b6.jpeg,-1,-1
1361613530714497138,Élysée,,Entire rental unit,Entire home/apt,118,1,within an hour,100.0,https://a0.muscache.com/pictures/hosting/Hosting-U3RheVN1cHBseUxpc3Rpbmc6MTM2MTYxMzUzMDcxNDQ5NzEzOA==/original/4874510c-5661-45db-9026-ed71949e5829.png,-1,-1
1363026485491366574,Élysée,,Private room in rental unit,Private room,0,1,,,https://a0.muscache.com/pictures/hosting/Hosting-1363026485491366574/original/f3d1bc7b-3659-4710-ac99-b9b70427bce7.jpeg,-1,-1
1365081852415604081,Élysée,,Entire rental unit,Entire home/apt,361,5,within an hour,96.0,https://a0.muscache.com/pictures/hosting/Hosting-1365081852415604081/original/d70cd311-9e6d-41f7-96b0-e9744e4a6195.jpeg,-1,-1
1366561277239605936,Élysée,,Entire rental unit,Entire home/apt,8,52,within a few hours,99.0,https://a0.muscache.com/pictures/prohost-api/Hosting-1366561277239605936/original/b366705e-1e37-4f45-a2fe-8c9986760d42.jpeg,-1,-1
1366570916658384481,Élysée,,Entire rental unit,Entire home/apt,349,34,within an hour,100.0,https://a0.muscache.com/pictures/miso/Hosting-1366570916658384481/original/8822bb50-05ee-4e3a-8692-23f1a7ab1a06.jpeg,-1,-1
1365215060036138469,Élysée,,Entire rental unit,Entire home/apt,57,48,within an hour,98.0,https://a0.muscache.com/pictures/miso/Hosting-1365215060036138469/original/354c140e-1a9d-40e9-8846-fe1103c2eff6.jpeg,-1,-1
1363645068719672089,Élysée,,Entire rental unit,Entire home/apt,322,8,within an hour,100.0,https://a0.muscache.com/pictures/hosting/Hosting-U3RheVN1cHBseUxpc3Rpbmc6MTM2MzY0NTA2ODcxOTY3MjA4OQ==/original/e0afbf74-4a99-459f-83b1-15e0ea021cbd.jpeg,-1,-1
1366746794717675352,Élysée,,Entire rental unit,Entire home/apt,357,19,within an hour,98.0,https://a0.muscache.com/pictures/miso/Hosting-967075654230165528/original/4fadf6f0-0f14-4a79-89b6-6e14fa37399e.jpeg,-1,-1
1365490132765976571,Élysée,,Entire rental unit,Entire home/apt,354,3,within an hour,100.0,https://a0.muscache.com/pictures/hosting/Hosting-1365490132765976571/original/ea02bf25-4bbb-4915-8cb8-8dc9fa90b489.jpeg,-1,-1
1365768408887550162,Élysée,,Entire rental unit,Entire home/apt,332,4,within an hour,98.0,https://a0.muscache.com/pictures/prohost-api/Hosting-1365768408887550162/original/034af4e8-6d6b-456f-b424-996462565038.jpeg,-1,-1
1367410988415033017,Élysée,,Entire rental unit,Entire home/apt,361,3,within an hour,100.0,https://a0.muscache.com/pictures/miso/Hosting-1367410988415033017/original/cdc1e6a0-b87f-46e9-98e9-b9a584580119.jpeg,-1,-1
1365894698486867830,Élysée,,Entire rental unit,Entire home/apt,77,45,within an hour,94.0,https://a0.muscache.com/pictures/prohost-api/Hosting-1365894698486867830/original/94cbedf9-9c3c-4fe4-937b-c90aca8438a8.jpeg,-1,-1
1369023483028529289,Élysée,,Entire rental unit,Entire home/apt,325,10,within an hour,100.0,https://a0.muscache.com/pictures/hosting/Hosting-1369023483028529289/original/c4d8816a-c326-4d1d-839a-72938d9f1c1f.jpeg,-1,-1
1369038298082648024,Élysée,,Private room in rental unit,Private room,362,11,within an hour,100.0,https://a0.muscache.com/pictures/miso/Hosting-1369038298082648024/original/d8fa6777-b1ac-406f-8d05-8d75ad9d9003.jpeg,-1,-1
1368820883296784519,Élysée,,Entire rental unit,Entire home/apt,41,1,within an hour,100.0,https://a0.muscache.com/pictures/prohost-api/Hosting-1368820883296784519/original/466397c0-1fc2-47ae-becc-92fe523bcb1c.jpeg,-1,-1
1370817156709615180,Élysée,,Entire rental unit,Entire home/apt,138,70,within an hour,100.0,https://a0.muscache.com/pictures/hosting/Hosting-U3RheVN1cHBseUxpc3Rpbmc6MTM3MDgxNzE1NjcwOTYxNTE4MA==/original/eceb1ad5-d2ad-49e2-b8e9-4efa533424ff.jpeg,-1,-1
1370857135134307699,Élysée,,Entire rental unit,Entire home/apt,318,135,within an hour,100.0,https://a0.muscache.com/pictures/prohost-api/Hosting-1370857135134307699/original/2714c48d-e2d8-4e59-8d30-a0cdc9c70b6c.jpeg,-1,-1
1372419541744619340,Élysée,,Entire rental unit,Entire home/apt,203,25,within an hour,100.0,https://a0.muscache.com/pictures/hosting/Hosting-U3RheVN1cHBseUxpc3Rpbmc6MTM3MjQxOTU0MTc0NDYxOTM0MA==/original/0e1b912b-4bf3-49a7-be1a-70736fc77516.jpeg,-1,-1
1370290257703225891,Élysée,,Entire rental unit,Entire home/apt,138,147,within a day,88.0,https://a0.muscache.com/pictures/hosting/Hosting-U3RheVN1cHBseUxpc3Rpbmc6MTM3MDI5MDI1NzcwMzIyNTg5MQ==/original/40d34369-2c2b-4870-8514-4640a0cb42a4.jpeg,-1,-1
1373737960239628837,Élysée,,Entire rental unit,Entire home/apt,0,1,within an hour,100.0,https://a0.muscache.com/pictures/miso/Hosting-1373737960239628837/original/6a649721-9872-454a-9d65-0a6b099197f8.jpeg,-1,-1
1372568787276872678,Élysée,,Entire rental unit,Entire home/apt,22,1,within an hour,100.0,https://a0.muscache.com/pictures/hosting/Hosting-1372568787276872678/original/92ba0a20-a060-4df8-94a5-218ba4d6d739.jpeg,-1,-1
1372605301732934054,Élysée,,Entire rental unit,Entire home/apt,87,1,within a day,100.0,https://a0.muscache.com/pictures/miso/Hosting-1372605301732934054/original/92e93bf2-55bb-4c38-8b39-2513e18b0e28.jpeg,-1,-1
1373849173478933232,Élysée,,Entire rental unit,Entire home/apt,303,48,within an hour,100.0,https://a0.muscache.com/pictures/prohost-api/Hosting-1373849173478933232/original/5056415b-0170-48b2-ab35-718129c80a74.jpeg,-1,-1
1373159559640718643,Élysée,,Entire rental unit,Entire home/apt,179,70,within an hour,100.0,https://a0.muscache.com/pictures/hosting/Hosting-U3RheVN1cHBseUxpc3Rpbmc6MTM3MDgxNzE1NjcwOTYxNTE4MA==/original/eceb1ad5-d2ad-49e2-b8e9-4efa533424ff.jpeg,-1,-1
1374100844432216299,Élysée,,Entire rental unit,Entire home/apt,50,8,within an hour,100.0,https://a0.muscache.com/pictures/hosting/Hosting-U3RheVN1cHBseUxpc3Rpbmc6MTM3NDEwMDg0NDQzMjIxNjI5OQ==/original/b195f51d-822c-4c5b-b016-ab34b114833a.jpeg,-1,-1
1374453732179603384,Élysée,,Entire rental unit,Entire home/apt,322,135,within an hour,100.0,https://a0.muscache.com/pictures/prohost-api/Hosting-1374453732179603384/original/927827d0-afa1-4ad6-9fb1-920b07ad0d4c.jpeg,-1,-1
1375480798367389235,Élysée,,Entire rental unit,Entire home/apt,331,10,within an hour,100.0,https://a0.muscache.com/pictures/hosting/Hosting-1375480798367389235/original/69caddf3-8182-45d4-83c1-93a47c007c3d.jpeg,-1,-1
1375973583675623158,Élysée,,Entire rental unit,Entire home/apt,297,9,within an hour,100.0,https://a0.muscache.com/pictures/prohost-api/Hosting-1375973583675623158/original/8cacc8af-62f8-4047-b2fa-91c8e996ac63.jpeg,-1,-1
1378326773059411202,Élysée,,Entire rental unit,Entire home/apt,228,3,within an hour,90.0,https://a0.muscache.com/pictures/hosting/Hosting-1378326773059411202/original/46f3352a-2d36-415c-9df8-06437077500e.jpeg,-1,-1
1378802496160407195,Élysée,,Entire rental unit,Entire home/apt,343,1,within a few hours,90.0,https://a0.muscache.com/pictures/hosting/Hosting-U3RheVN1cHBseUxpc3Rpbmc6MTM3ODgwMjQ5NjE2MDQwNzE5NQ==/original/f38144b7-9ed2-41ed-8695-cf741a643e8e.jpeg,-1,-1
1379571334510689288,Élysée,,Entire rental unit,Entire home/apt,74,147,within a day,88.0,https://a0.muscache.com/pictures/prohost-api/Hosting-1379571334510689288/original/53f7f244-fba5-461e-99a8-3edb133f5fa0.jpeg,-1,-1
1378881557964311969,Élysée,,Entire rental unit,Entire home/apt,348,2,within an hour,100.0,https://a0.muscache.com/pictures/prohost-api/Hosting-1378881557964311969/original/0f0e111f-ee76-4e43-aefc-503c2cc77971.jpeg,-1,-1
1378913383743426318,Élysée,,Entire rental unit,Entire home/apt,21,1,,,https://a0.muscache.com/pictures/hosting/Hosting-U3RheVN1cHBseUxpc3Rpbmc6MTM3ODkxMzM4Mzc0MzQyNjMxOA==/original/a96a2f0d-d31f-457c-a410-a3144fdea314.jpeg,-1,-1
1378959493211804030,Élysée,,Entire rental unit,Entire home/apt,281,15,within an hour,100.0,https://a0.muscache.com/pictures/prohost-api/Hosting-1378959493211804030/original/3b05cc36-416c-439a-8377-b7abe2492875.jpeg,-1,-1
1379120788276104515,Élysée,,Entire rental unit,Entire home/apt,254,3,within a day,60.0,https://a0.muscache.com/pictures/miso/Hosting-1379120788276104515/original/f35c55d5-d513-4aae-a0b4-e57c978f74ec.jpeg,-1,-1
1380334929721273215,Élysée,,Entire rental unit,Entire home/apt,147,147,within a day,88.0,https://a0.muscache.com/pictures/prohost-api/Hosting-1380334929721273215/original/ceff6c3a-f708-4651-acb9-78073b210f48.jpeg,-1,-1
1383899788003908106,Élysée,,Entire rental unit,Entire home/apt,61,34,within an hour,100.0,https://a0.muscache.com/pictures/hosting/Hosting-1329556391302746168/original/e2d137b4-4db2-4b23-8dfe-b9affeff5335.jpeg,-1,-1
1381700547730748725,Élysée,,Entire rental unit,Entire home/apt,141,1,within an hour,100.0,https://a0.muscache.com/pictures/miso/Hosting-1381700547730748725/original/ef58d569-d6b3-4fcb-8c6d-3c72415b0a3d.jpeg,-1,-1
1384674722728984396,Élysée,,Entire rental unit,Entire home/apt,299,204,within an hour,100.0,https://a0.muscache.com/pictures/prohost-api/Hosting-1384674722728984396/original/bbb37176-9090-4d6d-91bb-fce8b510aea9.jpeg,-1,-1
1384685280171625116,Élysée,,Entire rental unit,Entire home/apt,354,76,within an hour,100.0,https://a0.muscache.com/pictures/prohost-api/Hosting-1384685280171625116/original/621cebf7-03bc-400e-bcc1-652d719844d7.jpeg,-1,-1
1382412544742085350,Élysée,,Entire rental unit,Entire home/apt,290,8,within an hour,100.0,https://a0.muscache.com/pictures/miso/Hosting-1382412544742085350/original/674e46a2-b3c2-4408-8326-3d3f35204527.jpeg,-1,-1
1384725823842174017,Élysée,,Entire rental unit,Entire home/apt,331,27,within an hour,98.0,https://a0.muscache.com/pictures/prohost-api/Hosting-1384725823842174017/original/69e7b9fb-a674-4fd5-b934-da2c7abab118.jpeg,-1,-1
1385480998590416128,Élysée,,Entire rental unit,Entire home/apt,243,1,,,https://a0.muscache.com/pictures/hosting/Hosting-U3RheVN1cHBseUxpc3Rpbmc6MTM4NTQ4MDk5ODU5MDQxNjEyOA==/original/67af0c66-c6b9-43b6-a6b6-5fafbe4d10e7.jpeg,-1,-1
1384740523047158644,Élysée,,Entire rental unit,Entire home/apt,105,34,within an hour,100.0,https://a0.muscache.com/pictures/miso/Hosting-1384740523047158644/original/37bc14d0-b591-4ae5-bf11-e74a0462a045.png,-1,-1
1383139260529478637,Élysée,,Entire rental unit,Entire home/apt,6,1,within an hour,100.0,https://a0.muscache.com/pictures/hosting/Hosting-1383139260529478637/original/7db64a6e-d9c5-498c-badf-bde85ac2d393.jpeg,-1,-1
1386797697225425947,Élysée,,Entire rental unit,Entire home/apt,77,61,within an hour,100.0,https://a0.muscache.com/pictures/hosting/Hosting-1386797697225425947/original/ec74edaf-5657-4407-ad1a-93c5eb9c5b25.jpeg,-1,-1
1386813080125400749,Élysée,,Entire rental unit,Entire home/apt,351,4,within an hour,98.0,https://a0.muscache.com/pictures/hosting/Hosting-U3RheVN1cHBseUxpc3Rpbmc6MTM4NjgxMzA4MDEyNTQwMDc0OQ==/original/585aaef7-0fe5-4162-b21d-15dcdaf3b809.jpeg,-1,-1
1386813081122732202,Élysée,,Entire rental unit,Entire home/apt,332,4,within an hour,98.0,https://a0.muscache.com/pictures/hosting/Hosting-U3RheVN1cHBseUxpc3Rpbmc6MTM4NjgxMzA4MTEyMjczMjIwMg==/original/60956d1a-29ef-4cce-bf1a-aa8074c524a7.jpeg,-1,-1
1386813087869640910,Élysée,,Entire rental unit,Entire home/apt,304,4,within an hour,98.0,https://a0.muscache.com/pictures/hosting/Hosting-U3RheVN1cHBseUxpc3Rpbmc6MTM4NjgxMzA4Nzg2OTY0MDkxMA==/original/52ac95c2-5207-44d4-be49-62ceba68d146.jpeg,-1,-1
1386814098503835127,Élysée,,Entire rental unit,Entire home/apt,321,4,within an hour,98.0,https://a0.muscache.com/pictures/hosting/Hosting-U3RheVN1cHBseUxpc3Rpbmc6MTM4NjgxNDA5ODUwMzgzNTEyNw==/original/5191cc9d-f313-4666-bf41-8a1ceccc8e44.jpeg,-1,-1
1389174264983133139,Élysée,,Private room in rental unit,Private room,232,1,within an hour,100.0,https://a0.muscache.com/pictures/miso/Hosting-1389174264983133139/original/a8a4655a-a45f-4b3a-a41e-03b0a0325bb9.jpeg,-1,-1
1387166670949043460,Élysée,,Entire rental unit,Entire home/apt,327,135,within an hour,100.0,https://a0.muscache.com/pictures/prohost-api/Hosting-1387166670949043460/original/b09b7cec-2c5f-41e1-a591-04da8f8ba541.jpeg,-1,-1
1390688203834609616,Élysée,,Entire rental unit,Entire home/apt,365,4,within a few hours,100.0,https://a0.muscache.com/pictures/hosting/Hosting-1390688203834609616/original/16d0e55d-a1f9-40fb-9eb1-a1669c4f82b3.jpeg,-1,-1
1391133783308148456,Élysée,,Entire rental unit,Entire home/apt,326,1,within an hour,100.0,https://a0.muscache.com/pictures/prohost-api/Hosting-1391133783308148456/original/faf4bad9-00fb-421e-89d3-fd226f8ce9f9.jpeg,-1,-1
1391214386591960722,Élysée,,Entire rental unit,Entire home/apt,352,26,within an hour,100.0,https://a0.muscache.com/pictures/prohost-api/Hosting-1391214386591960722/original/dfda2634-8c8a-4eca-ba8b-1275243bb04a.jpeg,-1,-1
1388305038057638776,Élysée,,Entire rental unit,Entire home/apt,51,2,within a few hours,100.0,https://a0.muscache.com/pictures/miso/Hosting-1388305038057638776/original/f3e80a81-8232-4171-bcef-1e66cc3b1ba9.jpeg,-1,-1
1389830590529298762,Élysée,,Entire rental unit,Entire home/apt,365,12,within a few hours,75.0,https://a0.muscache.com/pictures/miso/Hosting-1389830590529298762/original/7103ae64-bb5c-4e88-8741-63a30fbdb8c1.png,-1,-1
1394052354894156383,Élysée,,Entire rental unit,Entire home/apt,23,1,within an hour,100.0,https://a0.muscache.com/pictures/miso/Hosting-1394052354894156383/original/d0497d48-431a-4ca0-980c-0531efc0ecc9.jpeg,-1,-1
1394159381147806092,Élysée,,Entire rental unit,Entire home/apt,24,1,within an hour,100.0,https://a0.muscache.com/pictures/hosting/Hosting-1394159381147806092/original/d4b194d3-8afb-4cb4-bd88-04aed1c66d8b.png,-1,-1
1391951502368325751,Élysée,,Entire rental unit,Entire home/apt,282,184,within an hour,100.0,https://a0.muscache.com/pictures/hosting/Hosting-U3RheVN1cHBseUxpc3Rpbmc6MTM5MTk1MTUwMjM2ODMyNTc1MQ==/original/b6817aec-27b2-4b28-9de5-04d5a4c2ca9f.jpeg,-1,-1
1394803026465643936,Élysée,,Entire rental unit,Entire home/apt,318,1,within an hour,100.0,https://a0.muscache.com/pictures/miso/Hosting-1394803026465643936/original/bacd88bd-c303-4f06-ba1f-c741263d7e2d.jpeg,-1,-1
1394812696321486870,Élysée,,Entire rental unit,Entire home/apt,331,2,within an hour,100.0,https://a0.muscache.com/pictures/prohost-api/Hosting-1394812696321486870/original/77edf1f3-e2b2-4f00-8f65-c84080a3f92e.jpeg,-1,-1
1394817081066731128,Élysée,,Entire rental unit,Entire home/apt,318,4,within an hour,100.0,https://a0.muscache.com/pictures/miso/Hosting-1394817081066731128/original/321b94b8-31fa-4ce0-8726-5ff86bf65384.jpeg,-1,-1
1396330450220902863,Élysée,,Entire rental unit,Entire home/apt,331,19,within an hour,98.0,https://a0.muscache.com/pictures/hosting/Hosting-1396330450220902863/original/ab4711a0-78a0-4d86-8f06-fe5f095820f1.jpeg,-1,-1
1396387604235758391,Élysée,,Entire rental unit,Entire home/apt,320,184,within an hour,100.0,https://a0.muscache.com/pictures/prohost-api/Hosting-1396387604235758391/original/6fb9389b-9af5-4a8c-ac7b-fb8279e66293.jpeg,-1,-1
1396387989902860865,Élysée,,Entire rental unit,Entire home/apt,339,184,within an hour,100.0,https://a0.muscache.com/pictures/prohost-api/Hosting-1396387989902860865/original/f8d92037-04b7-4a2d-b78f-f1bdaf7f69a3.jpeg,-1,-1
1396389240036834367,Élysée,,Entire rental unit,Entire home/apt,346,184,within an hour,100.0,https://a0.muscache.com/pictures/prohost-api/Hosting-1396389240036834367/original/58618486-5f45-4f2d-84d7-a0802e0f513b.jpeg,-1,-1
1396390826210838877,Élysée,,Entire rental unit,Entire home/apt,326,184,within an hour,100.0,https://a0.muscache.com/pictures/prohost-api/Hosting-1396390826210838877/original/602c48fd-3a70-4c72-b276-63519e6d8aa5.jpeg,-1,-1
1396392444589680118,Élysée,,Entire rental unit,Entire home/apt,329,184,within an hour,100.0,https://a0.muscache.com/pictures/prohost-api/Hosting-1396392444589680118/original/73834edb-9faf-4af4-952b-762b758f4770.jpeg,-1,-1
1396659558019507026,Élysée,,Entire rental unit,Entire home/apt,318,25,within an hour,100.0,https://a0.muscache.com/pictures/miso/Hosting-1396659558019507026/original/44bb663e-f31a-4e8b-b2ea-d842f60f7e2f.jpeg,-1,-1
1395495513912430783,Élysée,,Entire rental unit,Entire home/apt,38,24,within an hour,100.0,https://a0.muscache.com/pictures/prohost-api/Hosting-1395495513912430783/original/d6ca49fa-8725-40a6-9feb-60b44929f223.jpeg,-1,-1
1393396763652744201,Élysée,,Entire rental unit,Entire home/apt,335,4,within an hour,100.0,https://a0.muscache.com/pictures/miso/Hosting-1393396763652744201/original/b3f3448a-0c4b-44b5-a856-4c651761d413.jpeg,-1,-1
1393530112769860110,Élysée,,Entire rental unit,Entire home/apt,239,7,within an hour,100.0,https://a0.muscache.com/pictures/hosting/Hosting-1393530112769860110/original/29a0c09e-b88c-431e-a116-64d39a5cb383.jpeg,-1,-1
1395613641844693777,Élysée,,Entire rental unit,Entire home/apt,241,816,within a day,87.0,https://a0.muscache.com/pictures/prohost-api/Hosting-1395613641844693777/original/d61255c7-da94-4533-9efd-4b02ed02b41c.jpeg,-1,-1
1397090109840457673,Élysée,,Entire rental unit,Entire home/apt,310,25,within an hour,100.0,https://a0.muscache.com/pictures/hosting/Hosting-U3RheVN1cHBseUxpc3Rpbmc6MTM5NzA5MDEwOTg0MDQ1NzY3Mw==/original/8b33224a-d0b1-4344-86ff-f49954981a46.jpeg,-1,-1
1397814922362607510,Élysée,,Entire rental unit,Entire home/apt,47,1,within an hour,91.0,https://a0.muscache.com/pictures/miso/Hosting-1321699697809106966/original/e6a4aa70-1ee0-4c5d-8b9c-ca22999fdce4.jpeg,-1,-1
1401671273469717003,Élysée,,Entire rental unit,Entire home/apt,308,25,within an hour,100.0,https://a0.muscache.com/pictures/miso/Hosting-1401671273469717003/original/4a89fa47-afd4-4b87-9e3f-f4a5c6ea4d33.jpeg,-1,-1
1401722021399491691,Élysée,,Entire rental unit,Entire home/apt,351,37,within an hour,99.0,https://a0.muscache.com/pictures/prohost-api/Hosting-1401722021399491691/original/ddf88ff7-a36a-4d88-97a7-aa3419e33798.jpeg,-1,-1
1402059342656316001,Élysée,,Entire rental unit,Entire home/apt,365,8,within an hour,100.0,https://a0.muscache.com/pictures/hosting/Hosting-1402059342656316001/original/7b8f81b8-2d00-48d1-86a1-16d2d8a361c9.jpeg,-1,-1
1402253530655787706,Élysée,,Entire rental unit,Entire home/apt,337,12,within a few hours,100.0,https://a0.muscache.com/pictures/miso/Hosting-1402253530655787706/original/9ca4cd34-3d71-48a5-8ffb-e972431b6878.jpeg,-1,-1
1400668849062454696,Élysée,,Entire rental unit,Entire home/apt,282,2,within a few hours,88.0,https://a0.muscache.com/pictures/hosting/Hosting-1400668849062454696/original/94ad3e24-f400-4d2c-99df-a634ef5dc68f.jpeg,-1,-1
1399253281111652654,Élysée,,Entire rental unit,Entire home/apt,295,8,within an hour,100.0,https://a0.muscache.com/pictures/miso/Hosting-1399253281111652654/original/ebacdeb5-49c5-4c2f-ae48-c16a16367a83.jpeg,-1,-1
1405776271216085344,Élysée,,Entire rental unit,Entire home/apt,137,130,within a day,58.0,https://a0.muscache.com/pictures/miso/Hosting-1405776271216085344/original/5d776547-b5bd-4430-bd22-fdb78ebc63cb.jpeg,-1,-1
1405806710825526957,Élysée,,Entire rental unit,Entire home/apt,117,3,within a day,60.0,https://a0.muscache.com/pictures/miso/Hosting-1405806710825526957/original/5da3da3d-9b41-4de9-ad0e-e59529ea37d3.jpeg,-1,-1
1404888316212576405,Élysée,,Entire rental unit,Entire home/apt,286,8,within an hour,100.0,https://a0.muscache.com/pictures/miso/Hosting-1404888316212576405/original/38c4d7f1-c52b-416b-84e7-f824da3033be.jpeg,-1,-1
1406325099404846709,Élysée,,Entire rental unit,Entire home/apt,290,184,within an hour,100.0,https://a0.muscache.com/pictures/prohost-api/Hosting-1406325099404846709/original/eabc29b3-e374-4dd4-881d-53664e5956b6.jpeg,-1,-1
1406325722563482140,Élysée,,Entire rental unit,Entire home/apt,324,184,within an hour,100.0,https://a0.muscache.com/pictures/prohost-api/Hosting-1406325722563482140/original/c15a8bf3-3d29-4724-90b5-9710160ae3d7.jpeg,-1,-1
1406326351770077057,Élysée,,Entire rental unit,Entire home/apt,304,184,within an hour,100.0,https://a0.muscache.com/pictures/prohost-api/Hosting-1406326351770077057/original/ff1992f9-a7ca-40f7-96a3-a4f31abca948.jpeg,-1,-1
1406327347472457625,Élysée,,Entire rental unit,Entire home/apt,306,184,within an hour,100.0,https://a0.muscache.com/pictures/prohost-api/Hosting-1406327347472457625/original/e90821a8-1706-4856-896f-efa3f400d4e3.jpeg,-1,-1
1407964804767608303,Élysée,,Entire rental unit,Entire home/apt,41,1,within an hour,100.0,https://a0.muscache.com/pictures/hosting/Hosting-1407964804767608303/original/ce61883f-9f60-471c-af1a-f6e457859961.jpeg,-1,-1
1408631772269112650,Élysée,,Entire rental unit,Entire home/apt,37,1,within a few hours,80.0,https://a0.muscache.com/pictures/miso/Hosting-1408631772269112650/original/0caa68c5-bd8e-4173-a28c-71e271588783.jpeg,-1,-1
1405551494962363322,Élysée,,Private room in rental unit,Private room,364,70,within an hour,100.0,https://a0.muscache.com/pictures/hosting/Hosting-U3RheVN1cHBseUxpc3Rpbmc6MTQwNTU1MTQ5NDk2MjM2MzMyMg==/original/fb79ee2d-9713-484d-a934-4aca032ecbf1.jpeg,-1,-1
1407053512382282489,Élysée,,Entire rental unit,Entire home/apt,3,6,within an hour,100.0,https://a0.muscache.com/pictures/miso/Hosting-1407053512382282489/original/d63db631-ee6e-48d8-8c15-7facddc8bbaf.jpeg,-1,-1
1405581775768107250,Élysée,,Private room in rental unit,Private room,364,70,within an hour,100.0,https://a0.muscache.com/pictures/miso/Hosting-1405581775768107250/original/0588cb90-ae73-4990-9579-05816b7a89b7.jpeg,-1,-1
1405607383551931829,Élysée,,Entire rental unit,Entire home/apt,364,70,within an hour,100.0,https://a0.muscache.com/pictures/miso/Hosting-1405607383551931829/original/d9071685-dc00-45d5-ad37-36a504a12989.jpeg,-1,-1
1407164458093478631,Élysée,,Entire rental unit,Entire home/apt,22,1,within an hour,100.0,https://a0.muscache.com/pictures/hosting/Hosting-1407164458093478631/original/6322e2cb-5363-4bbd-8d6e-4e27148c4709.jpeg,-1,-1
1409187948568513278,Élysée,,Entire rental unit,Entire home/apt,137,25,within an hour,100.0,https://a0.muscache.com/pictures/hosting/Hosting-U3RheVN1cHBseUxpc3Rpbmc6MTQwOTE4Nzk0ODU2ODUxMzI3OA==/original/3f1e331f-c9b3-45a2-8120-a784b9b29326.jpeg,-1,-1
1405644259147443231,Élysée,,Entire rental unit,Entire home/apt,364,70,within an hour,100.0,https://a0.muscache.com/pictures/miso/Hosting-1405644259147443231/original/403ccefb-938a-4263-b5c8-cdefe8aa768c.jpeg,-1,-1
1407259942273337661,Élysée,,Entire rental unit,Entire home/apt,284,10,within an hour,98.0,https://a0.muscache.com/pictures/hosting/Hosting-U3RheVN1cHBseUxpc3Rpbmc6MTQwNzI1OTk0MjI3MzMzNzY2MQ==/original/e5ec10f7-dc20-46da-b0ba-c28519271c8d.jpeg,-1,-1
1409524131690461584,Élysée,,Entire rental unit,Entire home/apt,32,7,within an hour,100.0,https://a0.muscache.com/pictures/hosting/Hosting-U3RheVN1cHBseUxpc3Rpbmc6MTQwOTUyNDEzMTY5MDQ2MTU4NA==/original/b7310641-933e-4cd6-8ee2-06ed21bd6ac6.jpeg,-1,-1
1409894133445344030,Élysée,,Entire rental unit,Entire home/apt,364,70,within an hour,100.0,https://a0.muscache.com/pictures/hosting/Hosting-U3RheVN1cHBseUxpc3Rpbmc6MTQwOTg5NDEzMzQ0NTM0NDAzMA==/original/0c7647b9-9fe3-4ddc-88b7-39e2deb1b0a6.jpeg,-1,-1
1409907099664417248,Élysée,,Entire rental unit,Entire home/apt,347,44,within an hour,99.0,https://a0.muscache.com/pictures/prohost-api/Hosting-1409907099664417248/original/d9461fd4-e6c5-4c8f-bb4c-f1f636e2425e.jpeg,-1,-1
1410809570291655930,Élysée,,Entire condo,Entire home/apt,240,184,within an hour,100.0,https://a0.muscache.com/pictures/prohost-api/Hosting-1410809570291655930/original/057e616c-9807-41d5-81f9-10d0f16e91a0.jpeg,-1,-1
1410841848226285079,Élysée,,Entire rental unit,Entire home/apt,338,184,within an hour,100.0,https://a0.muscache.com/pictures/prohost-api/Hosting-1410841848226285079/original/91478abc-cfc7-4558-b8df-517094da6215.jpeg,-1,-1
1412874987431990131,Élysée,,Entire rental unit,Entire home/apt,102,3,within an hour,100.0,https://a0.muscache.com/pictures/hosting/Hosting-1412874987431990131/original/3f3f3739-cd48-4c11-a694-1e1d90e9f92f.jpeg,-1,-1
1410073979257543964,Élysée,,Entire rental unit,Entire home/apt,313,184,within an hour,100.0,https://a0.muscache.com/pictures/prohost-api/Hosting-1410073979257543964/original/c871f243-804e-4957-89a7-2b6a311df95f.jpeg,-1,-1
1411548369413701418,Élysée,,Entire rental unit,Entire home/apt,17,3,within an hour,100.0,https://a0.muscache.com/pictures/miso/Hosting-1411548369413701418/original/a2f7f035-22db-4201-a606-8a303bf2809a.jpeg,-1,-1
1411598377562719918,Élysée,,Entire rental unit,Entire home/apt,344,1,within an hour,100.0,https://a0.muscache.com/pictures/miso/Hosting-1411598377562719918/original/9495a2b2-53f5-4439-97ba-0c5fb8c21581.jpeg,-1,-1
1414416594048386465,Élysée,,Entire rental unit,Entire home/apt,325,22,within an hour,99.0,https://a0.muscache.com/pictures/miso/Hosting-1414416594048386465/original/bd3f8fe1-beac-494b-b536-6f24ec08ca75.jpeg,-1,-1
1414505205076691768,Élysée,,Entire rental unit,Entire home/apt,351,73,,,https://a0.muscache.com/pictures/miso/Hosting-1414505205076691768/original/d92c5e1f-a8e3-4e10-99b8-5cc000a54dec.jpeg,-1,-1
1415687117616049831,Élysée,,Entire rental unit,Entire home/apt,306,10,within an hour,100.0,https://a0.muscache.com/pictures/hosting/Hosting-1415687117616049831/original/bf0d2a13-33c2-42c6-8071-284cc811bf3b.jpeg,-1,-1
1414603263949216958,Élysée,,Entire rental unit,Entire home/apt,356,76,within an hour,100.0,https://a0.muscache.com/pictures/prohost-api/Hosting-1414603263949216958/original/7e8d43a6-3174-4d26-9a9c-d69e53874922.jpeg,-1,-1
1415924759978193234,Élysée,,Entire rental unit,Entire home/apt,335,1,within a few hours,100.0,https://a0.muscache.com/pictures/miso/Hosting-1415924759978193234/original/f3ec661f-6133-4209-b883-6bab9a58ed2e.jpeg,-1,-1
1415927031012129518,Élysée,,Entire rental unit,Entire home/apt,280,1,a few days or more,0.0,https://a0.muscache.com/pictures/miso/Hosting-1415927031012129518/original/da6b7c7e-7eaa-404b-b603-9fd6e060109c.jpeg,-1,-1
1415035513521013212,Élysée,,Entire rental unit,Entire home/apt,306,184,within an hour,100.0,https://a0.muscache.com/pictures/prohost-api/Hosting-1415035513521013212/original/a811ad62-f2e6-44dc-a0d9-f995ede750cc.jpeg,-1,-1
1415137567566944027,Élysée,,Private room in rental unit,Private room,2,1,within an hour,100.0,https://a0.muscache.com/pictures/hosting/Hosting-1415137567566944027/original/d89dc9a3-b124-48d2-a4b9-b05b1524c75b.jpeg,-1,-1
1415158916663104177,Élysée,,Entire rental unit,Entire home/apt,290,184,within an hour,100.0,https://a0.muscache.com/pictures/prohost-api/Hosting-1415158916663104177/original/8305f43b-6470-4d89-ab67-713be9e9f3f3.jpeg,-1,-1
1415224525788381883,Élysée,,Entire rental unit,Entire home/apt,85,1,within an hour,100.0,https://a0.muscache.com/pictures/hosting/Hosting-1415224525788381883/original/4dce3dc7-3ecd-4055-a7ec-d0155529ad9f.jpeg,-1,-1
1416389786426933260,Élysée,,Entire rental unit,Entire home/apt,330,19,within an hour,98.0,https://a0.muscache.com/pictures/hosting/Hosting-1416389786426933260/original/9fafe874-d5a4-4f0a-9045-13cc9c373ff1.jpeg,-1,-1
1416423485366497833,Élysée,,Entire rental unit,Entire home/apt,330,19,within an hour,98.0,https://a0.muscache.com/pictures/hosting/Hosting-1416423485366497833/original/b32b0e17-a431-49e8-bb5b-c32370ee78d5.jpeg,-1,-1
1418111656534400323,Élysée,,Entire rental unit,Entire home/apt,68,3,within an hour,100.0,https://a0.muscache.com/pictures/hosting/Hosting-1418111656534400323/original/a7165a55-46a3-4c07-83b5-b7e2e3e3beec.jpeg,-1,-1
1416478901360277171,Élysée,,Entire rental unit,Entire home/apt,358,1,within a day,100.0,https://a0.muscache.com/pictures/hosting/Hosting-1416478901360277171/original/f06107a6-c236-41a4-a06f-16d714793460.jpeg,-1,-1
1419423470506389393,Élysée,,Entire rental unit,Entire home/apt,0,1,within a few hours,100.0,https://a0.muscache.com/pictures/hosting/Hosting-1419423470506389393/original/71e14004-5f0d-49ac-a3c4-7e43602e72a4.jpeg,-1,-1
1419447855982440719,Élysée,,Entire rental unit,Entire home/apt,102,141,within an hour,100.0,https://a0.muscache.com/pictures/prohost-api/Hosting-1419447855982440719/original/cc96074b-f98f-4c44-8451-2bd57ffe223f.jpeg,-1,-1
1416602096855950883,Élysée,,Entire rental unit,Entire home/apt,113,184,within an hour,100.0,https://a0.muscache.com/pictures/hosting/Hosting-U3RheVN1cHBseUxpc3Rpbmc6MTQxNjYwMjA5Njg1NTk1MDg4Mw==/original/dd98977f-b581-43a4-a428-ff0e8002bb3d.jpeg,-1,-1
1416615806984068852,Élysée,,Entire rental unit,Entire home/apt,357,76,within an hour,100.0,https://a0.muscache.com/pictures/prohost-api/Hosting-1416615806984068852/original/a1908bc9-d7b0-491c-854f-b44b6e4c2106.jpeg,-1,-1
1419475233282493392,Élysée,,Private room in rental unit,Private room,243,1,within a few hours,100.0,https://a0.muscache.com/pictures/hosting/Hosting-1419475233282493392/original/2714aeed-2c1e-4459-b726-e2b0bf4baebb.jpeg,-1,-1
1416909933585825934,Élysée,,Entire condo,Entire home/apt,81,41,within an hour,99.0,https://a0.muscache.com/pictures/miso/Hosting-1416909933585825934/original/6e4d2f2c-8217-41f2-8bcc-7f372e876d04.jpeg,-1,-1
1418932648954007731,Élysée,,Entire rental unit,Entire home/apt,365,1,within an hour,96.0,https://a0.muscache.com/pictures/miso/Hosting-1418932648954007731/original/25b0eda2-f330-44f0-afd6-18790edec8ec.jpeg,-1,-1
1420396472835819718,Élysée,,Entire rental unit,Entire home/apt,0,1,,,https://a0.muscache.com/pictures/hosting/Hosting-1420396472835819718/original/7a7b712b-4101-4b93-a654-1bfe06a0a761.jpeg,-1,-1
1419567382823588033,Élysée,,Entire rental unit,Entire home/apt,28,1,within an hour,100.0,https://a0.muscache.com/pictures/miso/Hosting-1419567382823588033/original/3decc532-2407-469e-bb2b-1d0fc032a559.jpeg,-1,-1
1421703466332797898,Élysée,,Entire rental unit,Entire home/apt,161,1,,,https://a0.muscache.com/pictures/miso/Hosting-1421703466332797898/original/219ba61c-a6aa-453e-ab6d-4f5cd7febd90.jpeg,-1,-1
1420091213735377876,Élysée,,Entire rental unit,Entire home/apt,311,184,within an hour,100.0,https://a0.muscache.com/pictures/prohost-api/Hosting-1420091213735377876/original/4989e974-dc8f-428e-b08d-69cfad0edd5b.jpeg,-1,-1
1421803109943229052,Élysée,,Private room in bed and breakfast,Private room,364,1,within a few hours,100.0,https://a0.muscache.com/pictures/hosting/Hosting-U3RheVN1cHBseUxpc3Rpbmc6MTQyMTgwMzEwOTk0MzIyOTA1Mg==/original/4aad13d3-a9ca-4b84-9e5b-ecf851ec8ecb.png,-1,-1
1421862255645469744,Élysée,,Entire rental unit,Entire home/apt,314,3,within an hour,100.0,https://a0.muscache.com/pictures/miso/Hosting-1421862255645469744/original/40b795ce-756c-4306-8e26-966c361d303b.jpeg,-1,-1
1421872440139851476,Élysée,,Entire rental unit,Entire home/apt,18,2,within an hour,97.0,https://a0.muscache.com/pictures/miso/Hosting-1421872440139851476/original/ce9bdb87-0dff-4ed0-99c7-be0595e3e3cb.jpeg,-1,-1
1420180809878081448,Élysée,,Entire rental unit,Entire home/apt,7,9,within an hour,100.0,https://a0.muscache.com/pictures/hosting/Hosting-U3RheVN1cHBseUxpc3Rpbmc6MTQyMDE4MDgwOTg3ODA4MTQ0OA==/original/bc98d182-539a-4af7-bfe8-9419e5562e66.jpeg,-1,-1
1420279413312800752,Élysée,,Entire rental unit,Entire home/apt,336,137,within an hour,100.0,https://a0.muscache.com/pictures/prohost-api/Hosting-1420279413312800752/original/fd63d20d-cc87-4ddd-943e-403bf6656b9a.jpeg,-1,-1
1422323061453713029,Élysée,,Entire rental unit,Entire home/apt,281,88,within an hour,100.0,https://a0.muscache.com/pictures/prohost-api/Hosting-1422323061453713029/original/9372e461-0105-4af5-a494-6bcfbec3de54.jpeg,-1,-1
1422323063682997710,Élysée,,Entire rental unit,Entire home/apt,349,88,within an hour,100.0,https://a0.muscache.com/pictures/prohost-api/Hosting-1422323063682997710/original/12fe5c73-d92c-4ac0-91b4-7532478dc030.jpeg,-1,-1
1422408645548318826,Élysée,,Entire rental unit,Entire home/apt,310,46,within a few hours,79.0,https://a0.muscache.com/pictures/prohost-api/Hosting-1422408645548318826/original/ab9fda47-0bba-4aa6-8d58-526fdeee7f32.jpeg,-1,-1
1423706693484272347,Élysée,,Entire rental unit,Entire home/apt,331,46,within a few hours,79.0,https://a0.muscache.com/pictures/prohost-api/Hosting-1423706693484272347/original/cb06bb97-82ed-43e5-a6bd-90454bd8dee8.jpeg,-1,-1
1423776659857126566,Élysée,,Entire rental unit,Entire home/apt,339,46,within a few hours,79.0,https://a0.muscache.com/pictures/prohost-api/Hosting-1423776659857126566/original/52982513-f444-40d1-8bc8-04879ee832ea.jpeg,-1,-1
1421585107536473467,Élysée,,Entire rental unit,Entire home/apt,4,1,within an hour,100.0,https://a0.muscache.com/pictures/miso/Hosting-1421585107536473467/original/9655cad0-8ace-4a9a-ae3f-9bd02b1cf392.jpeg,-1,-1
1423821424680436293,Élysée,,Entire rental unit,Entire home/apt,0,1,within an hour,100.0,https://a0.muscache.com/pictures/prohost-api/Hosting-1423821424680436293/original/e777824c-fbb6-46f1-8e6a-3705f21b8ef6.jpeg,-1,-1
1421649639118341382,Élysée,,Entire rental unit,Entire home/apt,321,4,within an hour,98.0,https://a0.muscache.com/pictures/prohost-api/Hosting-1421649639118341382/original/217b27dd-26ab-440b-aea4-e1f497d0f0f0.jpeg,-1,-1
1421651133475715509,Élysée,,Entire rental unit,Entire home/apt,44,1,within an hour,100.0,https://a0.muscache.com/pictures/hosting/Hosting-1421651133475715509/original/6de9e9d7-7b8f-4993-a40d-48aa92124897.jpeg,-1,-1
1425269432267311353,Élysée,,Entire rental unit,Entire home/apt,347,15,within an hour,100.0,https://a0.muscache.com/pictures/prohost-api/Hosting-1425269432267311353/original/bafe66aa-b851-44b5-aaf1-93d296bcd355.jpeg,-1,-1
1425369721884300090,Élysée,,Entire rental unit,Entire home/apt,352,3,within an hour,100.0,https://a0.muscache.com/pictures/miso/Hosting-1425369721884300090/original/2f8213a4-0b8a-4658-9d3c-ead6785ad279.jpeg,-1,-1
1425590235741000045,Élysée,,Entire rental unit,Entire home/apt,333,25,within an hour,100.0,https://a0.muscache.com/pictures/miso/Hosting-1425590235741000045/original/b86aa743-788d-44d7-ab1b-b2502788fa48.jpeg,-1,-1
1425880643483923299,Élysée,,Entire rental unit,Entire home/apt,245,135,within an hour,100.0,https://a0.muscache.com/pictures/prohost-api/Hosting-1425880643483923299/original/44527d64-68b3-4c08-8f28-8ded8a1748be.jpeg,-1,-1
1425915406801195235,Élysée,,Entire rental unit,Entire home/apt,345,1,within an hour,100.0,https://a0.muscache.com/pictures/airflow/Hosting-1425915406801195235/original/bb72e6b8-a466-493e-8763-725338c61e3c.jpg,-1,-1
1424806328219700707,Élysée,,Entire rental unit,Entire home/apt,0,1,within an hour,96.0,https://a0.muscache.com/pictures/hosting/Hosting-1424806328219700707/original/7a56c218-e85e-4b18-8460-34575a62eecc.jpeg,-1,-1
1425995366458823328,Élysée,,Entire rental unit,Entire home/apt,175,10,within an hour,100.0,https://a0.muscache.com/pictures/miso/Hosting-1425995366458823328/original/d6a9f61c-ce64-4ae4-b743-cd88fce54489.jpeg,-1,-1
1427343322915249161,Élysée,,Room in hotel,Private room,364,2,,,https://a0.muscache.com/pictures/miso/Hosting-1427343322915249161/original/55109b31-b156-48a6-909e-950b916aa520.jpeg,-1,-1
1427464261583014739,Élysée,,Room in hotel,Private room,240,2,,,https://a0.muscache.com/pictures/miso/Hosting-1427464261583014739/original/126ba57c-8ea6-4c0e-b606-e8d9b699723c.jpeg,-1,-1
1428139916075702176,Élysée,,Entire rental unit,Entire home/apt,361,1,,,https://a0.muscache.com/pictures/miso/Hosting-1428139916075702176/original/300f3b14-3b47-4b4c-a284-dd6fe9c48958.jpeg,-1,-1
1428376216359439289,Élysée,,Entire rental unit,Entire home/apt,86,2,within an hour,100.0,https://a0.muscache.com/pictures/ad2b36a4-ed93-4b63-9eb6-aa293125dc73.jpg,-1,-1
1429830340355785662,Élysée,,Entire townhouse,Entire home/apt,86,1,within a few hours,100.0,https://a0.muscache.com/pictures/hosting/Hosting-U3RheVN1cHBseUxpc3Rpbmc6MTQyOTgzMDM0MDM1NTc4NTY2Mg==/original/930ce47f-0c78-4cff-8365-427999b6d349.jpeg,-1,-1
1429940374253640942,Élysée,,Entire rental unit,Entire home/apt,302,25,within an hour,100.0,https://a0.muscache.com/pictures/hosting/Hosting-U3RheVN1cHBseUxpc3Rpbmc6MTQyOTk0MDM3NDI1MzY0MDk0Mg==/original/e260e70c-d29b-4aba-ac85-f81f9870a706.jpeg,-1,-1
1431821443524108961,Élysée,,Entire rental unit,Entire home/apt,262,3,within an hour,100.0,https://a0.muscache.com/pictures/hosting/Hosting-1431821443524108961/original/8b1965b6-ba5a-4df9-9f4f-c1f50a6afa4a.jpeg,-1,-1
1435239253123648231,Élysée,,Entire rental unit,Entire home/apt,152,1,,,https://a0.muscache.com/pictures/hosting/Hosting-1435239253123648231/original/f952f845-c68e-4b32-a998-05b99c131808.jpeg,-1,-1
1434164905331205199,Élysée,,Entire rental unit,Entire home/apt,103,3,within an hour,100.0,https://a0.muscache.com/pictures/hosting/Hosting-1434164905331205199/original/b12b16bd-edfd-4d47-a540-2bddead9c71a.jpeg,-1,-1
1435355959177349075,Élysée,,Entire rental unit,Entire home/apt,347,1,within a few hours,70.0,https://a0.muscache.com/pictures/hosting/Hosting-1435355959177349075/original/f561749e-2686-48c0-b8d0-8daf60b59ddb.jpeg,-1,-1
1434673638985778072,Élysée,,Entire rental unit,Entire home/apt,5,50,within an hour,99.0,https://a0.muscache.com/pictures/prohost-api/Hosting-1434673638985778072/original/12b36873-4862-426f-b850-2e1ae547c838.jpeg,-1,-1
1434673966437955316,Élysée,,Entire rental unit,Entire home/apt,230,144,within an hour,99.0,https://a0.muscache.com/pictures/prohost-api/Hosting-1434673966437955316/original/871345e1-a79d-4881-b820-05c4fc811350.jpeg,-1,-1
1435483022794480221,Élysée,,Entire rental unit,Entire home/apt,346,1,within a day,80.0,https://a0.muscache.com/pictures/miso/Hosting-1212123911582309233/original/5e60cbf5-bad8-474a-98d8-6d409cc5fea8.png,-1,-1
1438354882596219833,Élysée,,Entire rental unit,Entire home/apt,217,19,within an hour,98.0,https://a0.muscache.com/pictures/hosting/Hosting-1438354882596219833/original/616302ee-6c6e-4de5-bb96-f7c4ac7bcac2.jpeg,-1,-1
1437098876993289260,Élysée,,Entire rental unit,Entire home/apt,267,1,within an hour,100.0,https://a0.muscache.com/pictures/hosting/Hosting-1437098876993289260/original/150838b8-0d51-4220-a4a7-00b8a5e889e9.jpeg,-1,-1
1437634398289242591,Élysée,,Entire rental unit,Entire home/apt,304,184,within an hour,100.0,https://a0.muscache.com/pictures/hosting/Hosting-U3RheVN1cHBseUxpc3Rpbmc6MTQzNzYzNDM5ODI4OTI0MjU5MQ==/original/54308f96-32c9-4c5f-bc47-ced97cece4d5.jpeg,-1,-1
1437642358695239070,Élysée,,Entire rental unit,Entire home/apt,315,135,within an hour,100.0,https://a0.muscache.com/pictures/prohost-api/Hosting-1437642358695239070/original/83a667aa-109c-4303-8f5e-fa90f25ad1c1.jpeg,-1,-1
1437715938306587092,Élysée,,Entire rental unit,Entire home/apt,0,1,,,https://a0.muscache.com/pictures/miso/Hosting-1437715938306587092/original/fd0f22f4-e887-48f9-bf80-2997138544ee.jpeg,-1,-1
1440419931981654392,Élysée,,Entire rental unit,Entire home/apt,52,816,within a day,87.0,https://a0.muscache.com/pictures/prohost-api/Hosting-1440419931981654392/original/0687eb7c-a65e-4ef7-a8e0-c21af141f2ad.jpeg,-1,-1
1439825816843666425,Élysée,,Entire rental unit,Entire home/apt,87,7,within a few hours,100.0,https://a0.muscache.com/pictures/prohost-api/Hosting-1439825816843666425/original/37a9ee18-827f-4983-ab56-cceb47a850a3.jpeg,-1,-1
1440581531424969527,Élysée,,Entire rental unit,Entire home/apt,123,11,within a day,80.0,https://a0.muscache.com/pictures/miso/Hosting-1440581531424969527/original/ec1cdec1-7787-47eb-a73a-91a60e6274cc.jpeg,-1,-1
1441983692348273847,Élysée,,Entire rental unit,Entire home/apt,290,1,within an hour,100.0,https://a0.muscache.com/pictures/miso/Hosting-1441983692348273847/original/698c58b0-a634-431a-841c-4d0b49383464.png,-1,-1
1442022720728788122,Élysée,,Entire rental unit,Entire home/apt,365,11,a few days or more,6.0,https://a0.muscache.com/pictures/miso/Hosting-1442022720728788122/original/6f4ca070-1603-42a3-8dcc-ad9bd7357add.jpeg,-1,-1
1442072267958821317,Élysée,,Entire rental unit,Entire home/apt,324,7,within a few hours,100.0,https://a0.muscache.com/pictures/prohost-api/Hosting-1442072267958821317/original/8b14a233-b31a-4748-966b-2f2aa950b875.jpeg,-1,-1
1442972686478148586,Élysée,,Entire rental unit,Entire home/apt,365,3,within an hour,100.0,https://a0.muscache.com/pictures/hosting/Hosting-1442972686478148586/original/947c69d1-25b7-4ea2-9ced-a26d422b4236.jpeg,-1,-1
1441178330577429672,Élysée,,Entire rental unit,Entire home/apt,339,21,within an hour,99.0,https://a0.muscache.com/pictures/miso/Hosting-1441178330577429672/original/786fd4e2-bb0e-4612-ab69-684f7f4493bb.png,-1,-1
1443449317606727741,Élysée,,Entire rental unit,Entire home/apt,306,1,within an hour,100.0,https://a0.muscache.com/pictures/prohost-api/Hosting-1443449317606727741/original/f51e1973-ed17-4208-a668-c79b570da5c8.jpeg,-1,-1
1443462588543528253,Élysée,,Entire rental unit,Entire home/apt,0,1,within an hour,100.0,https://a0.muscache.com/pictures/hosting/Hosting-1443462588543528253/original/6db96f39-2aaa-44c2-a36e-600078479e20.jpeg,-1,-1
1444909069642177947,Élysée,,Entire rental unit,Entire home/apt,248,1,within an hour,97.0,https://a0.muscache.com/pictures/hosting/Hosting-1444909069642177947/original/3294809f-7971-4c04-9f3d-7a54122883ba.jpeg,-1,-1
1444114937736329894,Élysée,,Entire rental unit,Entire home/apt,76,5,within a day,100.0,https://a0.muscache.com/pictures/miso/Hosting-1444114937736329894/original/b5c4810e-480d-4ef4-975c-283f5eb98d01.png,-1,-1
1447115240165154511,Élysée,,Entire rental unit,Entire home/apt,346,7,within a few hours,100.0,https://a0.muscache.com/pictures/prohost-api/Hosting-1447115240165154511/original/7b7804fc-03c2-4a21-8b94-ef23de4e08da.jpeg,-1,-1
1447115448704584537,Élysée,,Entire rental unit,Entire home/apt,346,7,within a few hours,100.0,https://a0.muscache.com/pictures/prohost-api/Hosting-1447115448704584537/original/b76fceb2-33f6-46fe-8cbb-30e2d1e2e2b2.jpeg,-1,-1
1445530233383875749,Élysée,,Entire rental unit,Entire home/apt,352,184,within an hour,100.0,https://a0.muscache.com/pictures/prohost-api/Hosting-1445530233383875749/original/7fb1452c-bbbc-4278-a3f3-ee88382faed8.jpeg,-1,-1
1446885812356033084,Élysée,,Entire condo,Entire home/apt,250,1,within a few hours,70.0,https://a0.muscache.com/pictures/hosting/Hosting-1446885812356033084/original/77202a4a-383a-49ea-9f1c-a49c4061eae6.jpeg,-1,-1
1445745764901025009,Élysée,,Entire rental unit,Entire home/apt,362,1,within an hour,96.0,https://a0.muscache.com/pictures/hosting/Hosting-1445745764901025009/original/419d8aed-ec85-4dc6-884c-515e59503233.jpeg,-1,-1
1447078358432385884,Élysée,,Entire rental unit,Entire home/apt,226,34,within an hour,100.0,https://a0.muscache.com/pictures/miso/Hosting-1447078358432385884/original/7eaf3dee-9e8e-4b18-ad2e-0b28cfe3f378.jpeg,-1,-1
1448377783672369194,Élysée,,Entire rental unit,Entire home/apt,11,2,within an hour,100.0,https://a0.muscache.com/pictures/miso/Hosting-1448377783672369194/original/b68860ef-4a4d-474c-ac2d-67790b2fe60f.jpeg,-1,-1
1448493740195142866,Élysée,,Private room in bed and breakfast,Private room,36,1,,,https://a0.muscache.com/pictures/miso/Hosting-1448493740195142866/original/1f04ce93-5c92-4956-96b2-6d6f17e171f4.jpeg,-1,-1
1448706491877804648,Élysée,,Entire rental unit,Entire home/apt,321,1,within an hour,100.0,https://a0.muscache.com/pictures/hosting/Hosting-1448706491877804648/original/f6deb4d1-2541-4597-81b6-844c82055363.jpeg,-1,-1
1450097809019292357,Élysée,,Entire rental unit,Entire home/apt,108,1,within an hour,100.0,https://a0.muscache.com/pictures/hosting/Hosting-1450097809019292357/original/776697ad-98f6-4bcd-904f-5aba0afba9f3.jpeg,-1,-1
1449367558809841446,Élysée,,Entire rental unit,Entire home/apt,332,3,within an hour,100.0,https://a0.muscache.com/pictures/hosting/Hosting-U3RheVN1cHBseUxpc3Rpbmc6MTQ0OTM2NzU1ODgwOTg0MTQ0Ng==/original/727909dc-e806-4dda-96a7-5ed606171f74.jpeg,-1,-1
1451270137052276578,Élysée,,Entire rental unit,Entire home/apt,36,1,within a few hours,100.0,https://a0.muscache.com/pictures/miso/Hosting-1451270137052276578/original/97ba883d-235a-4b8c-8fe3-7caa0ef2dfea.jpeg,-1,-1
1449380586930329343,Élysée,,Entire rental unit,Entire home/apt,335,3,within an hour,100.0,https://a0.muscache.com/pictures/hosting/Hosting-U3RheVN1cHBseUxpc3Rpbmc6MTQ0OTM4MDU4NjkzMDMyOTM0Mw==/original/4afae090-49c3-4db9-9d84-f337e6a48955.jpeg,-1,-1
1451344976382459631,Élysée,,Entire rental unit,Entire home/apt,322,22,within an hour,100.0,https://a0.muscache.com/pictures/prohost-api/Hosting-1451344976382459631/original/42704019-56b8-44bb-b5ad-6bbaf019d324.jpeg,-1,-1
1449834136395260689,Élysée,,Entire rental unit,Entire home/apt,150,1,within a few hours,100.0,https://a0.muscache.com/pictures/miso/Hosting-1449834136395260689/original/1b0cc6f9-0e11-4f36-8870-de4020feaca9.jpeg,-1,-1
1451451788237650997,Élysée,,Entire rental unit,Entire home/apt,269,7,within a few hours,100.0,https://a0.muscache.com/pictures/prohost-api/Hosting-1451451788237650997/original/043dfbe8-ddc9-4c77-9cd9-be2ca1a0e8e7.jpeg,-1,-1
1452148309519565043,Élysée,,Entire rental unit,Entire home/apt,0,64,within an hour,92.0,https://a0.muscache.com/pictures/miso/Hosting-1452148309519565043/original/501e1dda-6e68-4334-b486-8d7cead8d383.jpeg,-1,-1
1452253278935747464,Élysée,,Entire rental unit,Entire home/apt,0,4,within an hour,100.0,https://a0.muscache.com/pictures/prohost-api/Hosting-1452253278935747464/original/f13188cc-a5eb-43ce-ad80-3b94a015205f.jpeg,-1,-1
1450897927381546791,Élysée,,Entire rental unit,Entire home/apt,160,1,within an hour,90.0,https://a0.muscache.com/pictures/miso/Hosting-1450897927381546791/original/49a42f42-b657-400d-94f0-ff24a5981cc1.jpeg,-1,-1
1453760355803553379,Élysée,,Entire rental unit,Entire home/apt,325,16,within an hour,100.0,https://a0.muscache.com/pictures/hosting/Hosting-U3RheVN1cHBseUxpc3Rpbmc6MTQ1Mzc2MDM1NTgwMzU1MzM3OQ==/original/454bf5b6-a4a6-4bb0-b9b3-80073fb0c1e2.jpeg,-1,-1
1453762603322042253,Élysée,,Entire rental unit,Entire home/apt,336,16,within an hour,100.0,https://a0.muscache.com/pictures/hosting/Hosting-U3RheVN1cHBseUxpc3Rpbmc6MTQ1Mzc2MjYwMzMyMjA0MjI1Mw==/original/0fd26406-cf99-4a85-8a0f-faed864b26dd.jpeg,-1,-1
1453768203775143941,Élysée,,Entire rental unit,Entire home/apt,346,16,within an hour,100.0,https://a0.muscache.com/pictures/hosting/Hosting-U3RheVN1cHBseUxpc3Rpbmc6MTQ1Mzc2ODIwMzc3NTE0Mzk0MQ==/original/e63f12fa-9801-4146-829e-8dbb28c76740.jpeg,-1,-1
1453770653736598729,Élysée,,Entire rental unit,Entire home/apt,347,16,within an hour,100.0,https://a0.muscache.com/pictures/hosting/Hosting-U3RheVN1cHBseUxpc3Rpbmc6MTQ1Mzc3MDY1MzczNjU5ODcyOQ==/original/1337b486-d113-4389-8e5f-ca91be7302a7.jpeg,-1,-1
1453775903223770221,Élysée,,Entire rental unit,Entire home/apt,343,16,within an hour,100.0,https://a0.muscache.com/pictures/hosting/Hosting-U3RheVN1cHBseUxpc3Rpbmc6MTQ1Mzc3NTkwMzIyMzc3MDIyMQ==/original/b443561f-4d19-4161-b7a9-8aceb54f688c.jpeg,-1,-1
1452126592173964145,Élysée,,Entire rental unit,Entire home/apt,191,3,within an hour,96.0,https://a0.muscache.com/pictures/hosting/Hosting-1452126592173964145/original/24912b72-fe06-4696-a947-f1ed4a04acfb.jpeg,-1,-1
1452767397409974331,Élysée,,Entire rental unit,Entire home/apt,0,45,within an hour,100.0,https://a0.muscache.com/pictures/prohost-api/Hosting-1452767397409974331/original/18cc7bfc-6c43-432c-8b5b-eeba13bdb390.jpeg,-1,-1
1452788329900786435,Élysée,,Entire rental unit,Entire home/apt,289,144,within an hour,99.0,https://a0.muscache.com/pictures/prohost-api/Hosting-1452788329900786435/original/71711875-c998-487c-ac35-20efb80ed4e0.jpeg,-1,-1
1452807794642563785,Élysée,,Entire rental unit,Entire home/apt,355,12,within an hour,91.0,https://a0.muscache.com/pictures/hosting/Hosting-U3RheVN1cHBseUxpc3Rpbmc6MTQ1MjgwNzc5NDY0MjU2Mzc4NQ==/original/cf1cbe61-59a1-4f58-82ee-45d1c18685ae.jpeg,-1,-1
1455582268975192216,Élysée,,Entire rental unit,Entire home/apt,350,54,within an hour,99.0,https://a0.muscache.com/pictures/prohost-api/Hosting-1455582268975192216/original/4f7af56e-b4e5-4b5b-bc26-7fb27e02af28.jpeg,-1,-1
1453109565549604582,Élysée,,Entire rental unit,Entire home/apt,339,1,within an hour,100.0,https://a0.muscache.com/pictures/hosting/Hosting-1453109565549604582/original/8efa1ae7-8691-49fe-b9f9-38fd15cb2775.jpeg,-1,-1
1455036619832074441,Élysée,,Entire rental unit,Entire home/apt,336,13,within an hour,99.0,https://a0.muscache.com/pictures/prohost-api/Hosting-1455036619832074441/original/39c6228a-2ab8-4212-a0e7-6b08e4736e3c.jpeg,-1,-1
1456526492898584461,Élysée,,Entire rental unit,Entire home/apt,307,69,within an hour,95.0,https://a0.muscache.com/pictures/prohost-api/Hosting-1456526492898584461/original/71ff8ee8-cec8-4f2f-80ba-aba068988e97.jpeg,-1,-1
1455226827980363345,Élysée,,Entire rental unit,Entire home/apt,70,1,within an hour,100.0,https://a0.muscache.com/pictures/miso/Hosting-1455226827980363345/original/65c64697-bc2e-4519-9b77-0ac2a59b26a2.jpeg,-1,-1
1457053924950018574,Élysée,,Private room in rental unit,Private room,41,2,within a few hours,100.0,https://a0.muscache.com/pictures/airflow/Hosting-1311042875630971017/original/705d407b-3fc4-4df3-8034-a7c2013aca5b.jpg,-1,-1
1457158362723563601,Élysée,,Entire rental unit,Entire home/apt,302,5,within an hour,100.0,https://a0.muscache.com/pictures/prohost-api/Hosting-1457158362723563601/original/91c6380a-f4d6-4e44-9627-d549ae919840.jpeg,-1,-1
1457355482751445396,Élysée,,Entire rental unit,Entire home/apt,357,3,within an hour,100.0,https://a0.muscache.com/pictures/hosting/Hosting-1457355482751445396/original/cf296690-6b2a-4faa-b72d-afb01304a61b.jpeg,-1,-1
1457429977910555948,Élysée,,Entire rental unit,Entire home/apt,63,1,within an hour,91.0,https://a0.muscache.com/pictures/hosting/Hosting-1457429977910555948/original/318ce813-e656-4e76-a2d0-18c7984ad402.jpeg,-1,-1
1458571640884772676,Élysée,,Entire rental unit,Entire home/apt,249,44,within an hour,99.0,https://a0.muscache.com/pictures/prohost-api/Hosting-1458571640884772676/original/1b5af966-5a5e-45c9-84c8-35d240c49997.jpeg,-1,-1
1458860837023950959,Élysée,,Entire rental unit,Entire home/apt,340,10,within an hour,100.0,https://a0.muscache.com/pictures/hosting/Hosting-1458860837023950959/original/4a409fca-4327-44fa-bd7b-4fc6b0dadf34.jpeg,-1,-1
1460782659640925759,Élysée,,Entire rental unit,Entire home/apt,65,1,,,https://a0.muscache.com/pictures/hosting/Hosting-U3RheVN1cHBseUxpc3Rpbmc6MTQ2MDc4MjY1OTY0MDkyNTc1OQ==/original/992e581e-3087-4389-a519-87c7bdbe775a.jpeg,-1,-1
1461485491265076141,Élysée,,Entire rental unit,Entire home/apt,84,1,,,https://a0.muscache.com/pictures/hosting/Hosting-1461485491265076141/original/c1f3980e-1cbf-4b08-be6f-0b67a13564a9.jpeg,-1,-1
1462796428491970191,Élysée,,Private room in condo,Private room,229,3,within an hour,96.0,https://a0.muscache.com/pictures/hosting/Hosting-1462796428491970191/original/1fd29326-f9f7-41d3-a25a-f5ab6c90f750.jpeg,-1,-1
1461638556060600281,Élysée,,Entire rental unit,Entire home/apt,364,45,within an hour,94.0,https://a0.muscache.com/pictures/prohost-api/Hosting-1461638556060600281/original/a4f28c4b-491b-489d-8db9-8b9dae9cacdb.jpeg,-1,-1
1463048431503032412,Élysée,,Entire rental unit,Entire home/apt,329,1,within an hour,91.0,https://a0.muscache.com/pictures/hosting/Hosting-1463048431503032412/original/ad61dc0b-4943-4011-a259-811e702c74a8.jpeg,-1,-1
1461128058755738014,Élysée,,Entire rental unit,Entire home/apt,13,1,within an hour,100.0,https://a0.muscache.com/pictures/hosting/Hosting-1461128058755738014/original/409759e2-89b6-4726-9e57-6b8cb6d5799d.jpeg,-1,-1
1461181612216958271,Élysée,,Entire rental unit,Entire home/apt,345,1,within an hour,100.0,https://a0.muscache.com/pictures/hosting/Hosting-1461181612216958271/original/e2afdc43-ae74-4b1f-abcd-e46a014e6ab8.jpeg,-1,-1
1463786267454653333,Élysée,,Entire rental unit,Entire home/apt,157,1,within an hour,100.0,https://a0.muscache.com/pictures/miso/Hosting-1463786267454653333/original/2403ed76-f2b6-4e5f-ab2f-10758456899e.jpeg,-1,-1
1463895071201109512,Élysée,,Entire rental unit,Entire home/apt,338,1,within an hour,95.0,https://a0.muscache.com/pictures/hosting/Hosting-1463895071201109512/original/f9dfe4bb-5b98-45f3-a97b-9e4704d059ec.jpeg,-1,-1
1462235317676963275,Élysée,,Entire rental unit,Entire home/apt,363,1,within a day,88.0,https://a0.muscache.com/pictures/miso/Hosting-1462235317676963275/original/a2a443d5-8213-4311-838b-a7de80d0af46.jpeg,-1,-1
1462267501884130159,Élysée,,Entire rental unit,Entire home/apt,282,9,within an hour,100.0,https://a0.muscache.com/pictures/hosting/Hosting-U3RheVN1cHBseUxpc3Rpbmc6MTQ2MjI2NzUwMTg4NDEzMDE1OQ==/original/48f04868-82d3-43ff-beaf-cde0def528fa.jpeg,-1,-1
1462314086623381697,Élysée,,Entire rental unit,Entire home/apt,0,7,within a few hours,100.0,https://a0.muscache.com/pictures/prohost-api/Hosting-1462314086623381697/original/c6f94a6c-ca98-46ef-8f3d-56d6df7e202c.jpeg,-1,-1
1464441167232391745,Élysée,,Entire rental unit,Entire home/apt,365,3,within a few hours,78.0,https://a0.muscache.com/pictures/hosting/Hosting-1464441167232391745/original/f2d730d8-68a2-4337-b94c-9edda3b5ba8e.jpeg,-1,-1
1463740246540557008,Élysée,,Entire rental unit,Entire home/apt,365,1,within a few hours,100.0,https://a0.muscache.com/pictures/hosting/Hosting-1463740246540557008/original/83d7712c-bd73-463e-918d-3348264426e5.jpeg,-1,-1
1465717352120904212,Élysée,,Entire rental unit,Entire home/apt,310,54,within an hour,99.0,https://a0.muscache.com/pictures/prohost-api/Hosting-1465717352120904212/original/fb7c9e2d-14f4-44ce-bc13-17f00ee2b031.jpeg,-1,-1
1466625216864382988,Élysée,,Entire rental unit,Entire home/apt,331,22,within an hour,100.0,https://a0.muscache.com/pictures/prohost-api/Hosting-1466625216864382988/original/54efc496-9342-48aa-a825-e663ae48f3ac.jpeg,-1,-1
1467223561063580483,Élysée,,Entire rental unit,Entire home/apt,60,2,within an hour,100.0,https://a0.muscache.com/pictures/hosting/Hosting-1467223561063580483/original/44d2cc8e-36a9-4ba3-8a70-b661e96b074c.jpeg,-1,-1
1465193337914427107,Élysée,,Entire rental unit,Entire home/apt,245,7,within a few hours,100.0,https://a0.muscache.com/pictures/prohost-api/Hosting-1465193337914427107/original/f5071ac5-b6c4-422b-970a-5d367ffef37c.jpeg,-1,-1
1467906670546768728,Élysée,,Entire rental unit,Entire home/apt,203,1,within an hour,100.0,https://a0.muscache.com/pictures/hosting/Hosting-1176722679821993850/original/550ebdb1-5071-48e1-a5a0-edc5d3e1326f.jpeg,-1,-1
1466555125008993863,Élysée,,Entire rental unit,Entire home/apt,302,5,within an hour,100.0,https://a0.muscache.com/pictures/hosting/Hosting-1466555125008993863/original/fe763afb-2bd0-44dc-a453-55a93f84f9c8.jpeg,-1,-1
1469468916414443876,Élysée,,Entire rental unit,Entire home/apt,59,1,within a day,70.0,https://a0.muscache.com/pictures/hosting/Hosting-1469468916414443876/original/a3576b70-9584-4692-af6c-2e2ffdcce0b5.jpeg,-1,-1
1469536291003476285,Élysée,,Entire rental unit,Entire home/apt,50,1,within a few hours,91.0,https://a0.muscache.com/pictures/hosting/Hosting-1469536291003476285/original/d5a99ee9-fbef-4b3d-8dec-076878bf2fd4.jpeg,-1,-1
1468141499606308522,Élysée,,Entire rental unit,Entire home/apt,354,1,within an hour,100.0,https://a0.muscache.com/pictures/prohost-api/Hosting-1468141499606308522/original/c3f54ba4-41ea-42b0-9e4c-442486a4f8aa.jpeg,-1,-1
1467556465777825970,Élysée,,Entire rental unit,Entire home/apt,356,5,within an hour,100.0,https://a0.muscache.com/pictures/hosting/Hosting-1467556465777825970/original/4115721a-c037-432a-8bce-9934c934f2d0.jpeg,-1,-1
1470314963008211934,Élysée,,Entire rental unit,Entire home/apt,303,61,within an hour,100.0,https://a0.muscache.com/pictures/hosting/Hosting-1470314963008211934/original/a0ef0e84-ce84-466b-bb9a-9ef2a9feceee.jpeg,-1,-1
1470324802092431702,Élysée,,Entire rental unit,Entire home/apt,365,3,within a few hours,78.0,https://a0.muscache.com/pictures/hosting/Hosting-1470324802092431702/original/558b46f0-530d-4e44-98e8-80fec7e1fe97.jpeg,-1,-1
1470120327347426689,Élysée,,Entire rental unit,Entire home/apt,318,61,within an hour,100.0,https://a0.muscache.com/pictures/hosting/Hosting-1470120327347426689/original/70a5dba0-1d60-4fcb-a17f-b590269f4b71.jpeg,-1,-1
1468792033950874413,Élysée,,Entire rental unit,Entire home/apt,63,8,within an hour,99.0,https://a0.muscache.com/pictures/prohost-api/Hosting-1468792033950874413/original/9bef3492-8d2d-414b-afee-44c6a947eb68.jpeg,-1,-1
1472468175364371401,Élysée,,Entire rental unit,Entire home/apt,350,113,within a day,75.0,https://a0.muscache.com/pictures/prohost-api/Hosting-1472468175364371401/original/059497fb-2786-49b5-8040-c4e8e6614e26.jpeg,-1,-1
1471075476344971875,Élysée,,Entire rental unit,Entire home/apt,3,41,within an hour,99.0,https://a0.muscache.com/pictures/hosting/Hosting-1471075476344971875/original/a80ebdaa-edf4-4570-90e6-5b9027e9e062.jpeg,-1,-1
1472481729114134348,Élysée,,Entire rental unit,Entire home/apt,321,44,within an hour,100.0,https://a0.muscache.com/pictures/hosting/Hosting-1472481729114134348/original/008f6175-5b5a-447d-898f-e249345dfd8c.jpeg,-1,-1
1471710541702900296,Élysée,,Entire rental unit,Entire home/apt,323,77,within a day,100.0,https://a0.muscache.com/pictures/prohost-api/Hosting-1471710541702900296/original/59e80482-69b2-4b2f-9b13-e92e47da66fd.jpeg,-1,-1
1471738634726082591,Élysée,,Entire rental unit,Entire home/apt,163,45,within an hour,100.0,https://a0.muscache.com/pictures/prohost-api/Hosting-1471738634726082591/original/ea8ec98a-aca3-43cc-9e21-e8a46e80df95.jpeg,-1,-1
1471752772712288991,Élysée,,Entire rental unit,Entire home/apt,319,5,within an hour,100.0,https://a0.muscache.com/pictures/prohost-api/Hosting-1471752772712288991/original/bb439166-5354-4090-833a-b39bb2cbc970.jpeg,-1,-1
1471753789018855482,Élysée,,Entire rental unit,Entire home/apt,320,5,within an hour,100.0,https://a0.muscache.com/pictures/prohost-api/Hosting-1471753789018855482/original/4729db9c-cca5-446f-9526-d60d1a8cc8b5.jpeg,-1,-1
1472799431864549588,Élysée,,Entire rental unit,Entire home/apt,114,1,within an hour,90.0,https://a0.muscache.com/pictures/hosting/Hosting-1472799431864549588/original/189765fe-3686-4655-8238-4c831f77e666.jpeg,-1,-1
1473906168890393047,Élysée,,Entire rental unit,Entire home/apt,332,54,within an hour,99.0,https://a0.muscache.com/pictures/prohost-api/Hosting-1473906168890393047/original/dd6c8119-e36e-48ad-aafa-d0586597b25e.jpeg,-1,-1
1472296441967112250,Élysée,,Entire rental unit,Entire home/apt,285,204,within an hour,100.0,https://a0.muscache.com/pictures/prohost-api/Hosting-1472296441967112250/original/66f78724-5b60-4713-a72d-7149e26c9900.jpeg,-1,-1
1474734513642378790,Élysée,,Entire rental unit,Entire home/apt,324,3,within an hour,100.0,https://a0.muscache.com/pictures/hosting/Hosting-1474734513642378790/original/ee69ff5e-63e7-4d15-90a1-42616f32513a.jpeg,-1,-1
1473216389931804939,Élysée,,Entire rental unit,Entire home/apt,354,1,within an hour,100.0,https://a0.muscache.com/pictures/hosting/Hosting-1473216389931804939/original/21667c2e-97a0-4956-8881-591583f8363e.jpeg,-1,-1
1475185196208766956,Élysée,,Entire rental unit,Entire home/apt,349,3,within an hour,100.0,https://a0.muscache.com/pictures/prohost-api/Hosting-1475185196208766956/original/878f9122-b09b-461a-a8b5-5c6818cd5a88.jpeg,-1,-1
1472445349506610930,Élysée,,Entire rental unit,Entire home/apt,0,21,within an hour,100.0,https://a0.muscache.com/pictures/prohost-api/Hosting-1472445349506610930/original/92352547-4fa3-4ee7-a723-dcf449761b3d.jpeg,-1,-1
1473280745057985835,Élysée,,Entire rental unit,Entire home/apt,17,1,within a few hours,100.0,https://a0.muscache.com/pictures/hosting/Hosting-1473280745057985835/original/86ba9a41-d05c-4679-9bc7-50417ff60a82.jpeg,-1,-1
1475302166816030200,Élysée,,Entire rental unit,Entire home/apt,319,12,within a few hours,100.0,https://a0.muscache.com/pictures/hosting/Hosting-U3RheVN1cHBseUxpc3Rpbmc6MTE5Nzc4MTYzMjM3NTM3MTk5MA==/original/2b929612-8a2c-445e-bf7b-fcb05bf7f0da.jpeg,-1,-1
1475980025462698327,Élysée,,Entire rental unit,Entire home/apt,139,184,within an hour,100.0,https://a0.muscache.com/pictures/prohost-api/Hosting-1475980025462698327/original/0371d69b-31af-4313-bc63-8f6ffc0fdfd4.jpeg,-1,-1
1476010009767431105,Élysée,,Entire home,Entire home/apt,11,1,within an hour,91.0,https://a0.muscache.com/pictures/hosting/Hosting-U3RheVN1cHBseUxpc3Rpbmc6MTQ3NjAxMDAwOTc2NzQzMTEwNQ==/original/e54c69d7-4f0f-46a0-9cde-ca898c0b8b7e.jpeg,-1,-1
1476017004721693992,Élysée,,Entire rental unit,Entire home/apt,199,184,within an hour,100.0,https://a0.muscache.com/pictures/prohost-api/Hosting-1476017004721693992/original/8ba7cf2b-2444-49a2-acba-08524108bfb5.jpeg,-1,-1
1476032069418351227,Élysée,,Entire rental unit,Entire home/apt,151,1,within a day,67.0,https://a0.muscache.com/pictures/hosting/Hosting-1476032069418351227/original/4154fed9-acc0-46c9-8065-914411c049ea.jpeg,-1,-1
1475532789164015427,Élysée,,Entire rental unit,Entire home/apt,349,1,within an hour,94.0,https://a0.muscache.com/pictures/hosting/Hosting-1475532789164015427/original/e948a8c9-8c9a-4535-b151-10d3682d865c.jpeg,-1,-1
1476800519904089192,Élysée,,Entire home,Entire home/apt,334,1,within an hour,100.0,https://a0.muscache.com/pictures/hosting/Hosting-1476800519904089192/original/4b0de9a4-a59c-43df-87a6-c37782df48f9.jpeg,-1,-1
1477527624817180487,Élysée,,Entire rental unit,Entire home/apt,121,77,within a day,100.0,https://a0.muscache.com/pictures/hosting/Hosting-U3RheVN1cHBseUxpc3Rpbmc6MTQ3NzUyNzYyNDgxNzE4MDQ4Nw==/original/7d1d8f41-fb29-4e70-935f-6d5cecd67219.jpeg,-1,-1
1477905477612444037,Élysée,,Entire rental unit,Entire home/apt,153,3,within an hour,92.0,https://a0.muscache.com/pictures/hosting/Hosting-1477905477612444037/original/a9731d85-8558-4024-a484-14e0557d99da.jpeg,-1,-1
1478117526636970261,Élysée,,Entire rental unit,Entire home/apt,77,1,within a few hours,100.0,https://a0.muscache.com/pictures/hosting/Hosting-1478117526636970261/original/7ebd5d8c-1047-4e8e-a427-ccd7e7046b4b.jpeg,-1,-1
1478205461701053763,Élysée,,Entire rental unit,Entire home/apt,344,77,within a day,100.0,https://a0.muscache.com/pictures/prohost-api/Hosting-1478205461701053763/original/dbcee223-8ed2-4273-9c88-ca48e4d34db5.jpeg,-1,-1
1477418227681959673,Élysée,,Room in hotel,Private room,365,1,,,https://a0.muscache.com/pictures/hosting/Hosting-1477418227681959673/original/2d63135c-04d9-4060-b471-d73828eb5db4.jpeg,-1,-1
1478306982742523276,Élysée,,Entire rental unit,Entire home/apt,337,1,within an hour,85.0,https://a0.muscache.com/pictures/hosting/Hosting-1478306982742523276/original/3ffcce18-9949-4c95-a203-5c3dd61d552b.jpeg,-1,-1
1479770955233001276,Élysée,,Entire rental unit,Entire home/apt,333,8,within an hour,99.0,https://a0.muscache.com/pictures/prohost-api/Hosting-1479770955233001276/original/3c9d1c63-8e44-498d-a3b2-c1da3937bfe0.jpeg,-1,-1
1478400947906171881,Élysée,,Entire rental unit,Entire home/apt,289,4,within a few hours,100.0,https://a0.muscache.com/pictures/hosting/Hosting-1478400947906171881/original/f880ac76-eea8-420c-b7ad-4143b200d819.png,-1,-1
1479867736142191079,Élysée,,Entire rental unit,Entire home/apt,353,25,within an hour,100.0,https://a0.muscache.com/pictures/hosting/Hosting-U3RheVN1cHBseUxpc3Rpbmc6MTQ3OTg2NzczNjE0MjE5MTA3OQ==/original/c0a7821d-b2b9-4339-9326-e2041cb42952.jpeg,-1,-1
1479930201462419487,Élysée,,Entire rental unit,Entire home/apt,338,25,within an hour,100.0,https://a0.muscache.com/pictures/hosting/Hosting-U3RheVN1cHBseUxpc3Rpbmc6MTQ3OTkzMDIwMTQ2MjQxOTQ4Nw==/original/cb1f6696-af80-491d-81cf-f3397cd145d7.jpeg,-1,-1
1479949909764573331,Élysée,,Entire rental unit,Entire home/apt,341,25,within an hour,100.0,https://a0.muscache.com/pictures/hosting/Hosting-U3RheVN1cHBseUxpc3Rpbmc6MTQ3OTk0OTkwOTc2NDU3MzMzMQ==/original/b52f5a9e-af97-4d37-b02d-49d140a01f72.jpeg,-1,-1
1479955568950768163,Élysée,,Entire rental unit,Entire home/apt,362,25,within an hour,100.0,https://a0.muscache.com/pictures/hosting/Hosting-U3RheVN1cHBseUxpc3Rpbmc6MTQ3OTk1NTU2ODk1MDc2ODE2Mw==/original/ab911ba2-abd7-4f65-99fc-3934675b0006.jpeg,-1,-1
1479958010018667758,Élysée,,Entire rental unit,Entire home/apt,354,25,within an hour,100.0,https://a0.muscache.com/pictures/hosting/Hosting-U3RheVN1cHBseUxpc3Rpbmc6MTQ3OTk1ODAxMDAxODY2Nzc1OA==/original/0a417c0d-c57a-4845-ad25-ae664997edc0.jpeg,-1,-1
1479960336251619428,Élysée,,Entire rental unit,Entire home/apt,345,25,within an hour,100.0,https://a0.muscache.com/pictures/hosting/Hosting-U3RheVN1cHBseUxpc3Rpbmc6MTQ3OTk2MDMzNjI1MTYxOTQyOA==/original/c75b289c-923c-4c66-9be7-92d402023ca3.jpeg,-1,-1
1479974269235184336,Élysée,,Entire rental unit,Entire home/apt,357,25,within an hour,100.0,https://a0.muscache.com/pictures/hosting/Hosting-U3RheVN1cHBseUxpc3Rpbmc6MTQ3OTk3NDI2OTIzNTE4NDMzNg==/original/ca99a474-9e68-456a-8fb3-c0e89c71055f.jpeg,-1,-1
1478730810275478893,Élysée,,Entire rental unit,Entire home/apt,314,54,within an hour,99.0,https://a0.muscache.com/pictures/prohost-api/Hosting-1478730810275478893/original/35867f11-8ac9-46a2-9cc2-778ebd3c75fc.jpeg,-1,-1
1479035141627904507,Élysée,,Entire rental unit,Entire home/apt,357,75,within an hour,100.0,https://a0.muscache.com/pictures/hosting/Hosting-1479035141627904507/original/43ae8a9d-20db-4b07-a947-6309e75c1ecd.jpeg,-1,-1
1481211479705306353,Élysée,,Entire rental unit,Entire home/apt,263,2,within a few hours,90.0,https://a0.muscache.com/pictures/hosting/Hosting-1481211479705306353/original/b010e4d7-762c-4762-ae6c-5431f9ad5123.jpeg,-1,-1
1481720889245129495,Élysée,,Entire rental unit,Entire home/apt,356,184,within an hour,100.0,https://a0.muscache.com/pictures/prohost-api/Hosting-1481720889245129495/original/599473c6-ab09-4d0d-8d1f-78bb1d418d6e.jpeg,-1,-1
1481754230424845668,Élysée,,Entire rental unit,Entire home/apt,346,184,within an hour,100.0,https://a0.muscache.com/pictures/prohost-api/Hosting-1481754230424845668/original/516e5f68-359e-4ca3-97bb-f32a971bf959.jpeg,-1,-1
